:020000040800F2
:1060000000FC0020C1AD00083DAE0008C9AE00088C
:1060100035AF000837AF000839AF000800000000B6
:106020000000000000000000000000003BAF00087E
:106030003DAF0008000000003FAF00083FAF000880
:1060400011AE000811AE00085DAF000811AE0008E7
:1060500011AE000811AE0008B3AF0008B9AF0008D8
:10606000BFAF0008C5AF0008CBAF000869AF00089C
:1060700075AF000881AF00088DAF000811AE0008B1
:1060800011AE000811AE000811AE000811AE0008F4
:1060900011AE000811AE0008D1AF000811AE000823
:1060A00011AE000811AE000811AE000811AE0008D4
:1060B00011AE000811AE000811AE000811AE0008C4
:1060C000D1B30208DDB3020811AE000811AE00081A
:1060D00099AF0008B1AF000865B0000811AE000824
:1060E00011AE000811B0000845AF000811AE00085D
:1060F00011AE000811AE000811AE000811AE000884
:1061000011AE000811AE000851AF00087DB00008C4
:1061100011AE000811AE000811AE000811AE000863
:1061200011AE000811AE000811AE000811AE000853
:0861300011AE000811AE0008D9
:1061400010B5054C237833B9044B13B10448AFF3B1
:1061500000800123237010BD880F00200000000084
:10616000D0DC020808B5034B1BB103490348AFF369
:10617000008008BD000000008C0F0020D0DC020869
:10618000034613F8012B002AFBD1181A0138704777
:1061900001F0FF01102A2BDB10F0070F08D010F8D8
:1061A000013B013A8B422DD010F0070F42B3F6D1DC
:1061B000F0B441EA012141EA014122F007047FF0F5
:1061C00000070023F0E80256083C85EA010586EA4C
:1061D000010685FA47F5A3FA87F586FA47F6A5FA88
:1061E00087F68EB9EED1F0BC01F0FF0102F0070294
:1061F00032B110F8013B013A83EA010313B1F8D13F
:106200000020704701387047002D06BF354603381F
:10621000073815F0010F07D1013015F4807F02BF58
:10622000013015F4C03F0130F0BC0138704700BFA9
:1062300010F8012B11F8013B012A28BF9A42F7D030
:10624000D01A704781F0004102E000BF83F00043A4
:1062500030B54FEA41044FEA430594EA050F08BF01
:1062600090EA020F1FBF54EA000C55EA020C7FEAC5
:10627000645C7FEA655C00F0E2804FEA5454D4EB42
:106280005555B8BF6D420CDD2C4480EA020281EA0C
:10629000030382EA000083EA010180EA020281EA44
:1062A0000303362D88BF30BD11F0004F4FEA013196
:1062B0004FF4801C4CEA113102D0404261EB4101A5
:1062C00013F0004F4FEA03334CEA133302D052422B
:1062D00063EB430394EA050F00F0A780A4F10104E7
:1062E000D5F1200E0DDB02FA0EFC22FA05F2801821
:1062F00041F1000103FA0EF2801843FA05F3594107
:106300000EE0A5F120050EF1200E012A03FA0EFC85
:1063100028BF4CF0020C43FA05F3C01851EBE371AF
:1063200001F0004507D54FF0000EDCF1000C7EEBCC
:1063300000006EEB0101B1F5801F1BD3B1F5001F0A
:106340000CD349085FEA30004FEA3C0C04F1010429
:106350004FEA445212F5800F80F09A80BCF1004F52
:1063600008BF5FEA500C50F1000041EB045141EAD4
:10637000050130BD5FEA4C0C404141EB0101013C9D
:1063800028BFB1F5801FE9D291F0000F04BF01468C
:106390000020B1FA81F308BF2033A3F10B03B3F15E
:1063A00020020CDA0C3208DD02F1140CC2F10C02EE
:1063B00001FA0CF021FA02F10CE002F11402D8BF4C
:1063C000C2F1200C01FA02F120FA0CFCDCBF41EA18
:1063D0000C019040E41AA2BF01EB0451294330BDE7
:1063E0006FEA04041F3C1CDA0C340EDC04F11404C4
:1063F000C4F1200220FA04F001FA02F340EA03009B
:1064000021FA04F345EA030130BDC4F10C04C4F1E0
:10641000200220FA02F001FA04F340EA03002946C0
:1064200030BD21FA04F0294630BD94F0000F83F40A
:10643000801306BF81F480110134013D4EE77FEAED
:10644000645C18BF7FEA655C29D094EA050F08BF39
:1064500090EA020F05D054EA000C04BF194610461A
:1064600030BD91EA030F1EBF0021002030BD5FEA5E
:10647000545C05D14000494128BF41F0004130BD86
:1064800014F580043CBF01F5801130BD01F00045DA
:1064900045F0FE4141F470014FF0000030BD7FEA4D
:1064A000645C1ABF194610467FEA655C1CBF0B4648
:1064B000024650EA013406BF52EA033591EA030F5F
:1064C00041F4002130BD00BF90F0000F04BF002157
:1064D000704730B54FF4806404F132044FF000058A
:1064E0004FF0000150E700BF90F0000F04BF002103
:1064F000704730B54FF4806404F1320410F0004569
:1065000048BF40424FF000013EE700BF42004FEA63
:10651000E2014FEA31014FEA02701FBF12F07F43E0
:1065200093F07F4F81F06051704732F07F4208BF97
:10653000704793F07F4F04BF41F40021704730B59E
:106540004FF4607401F0004521F000411CE700BFEA
:1065500050EA010208BF704730B54FF000050AE06D
:1065600050EA010208BF704730B511F0004502D56E
:10657000404261EB41014FF4806404F132045FEA70
:10658000915C3FF4D8AE4FF003025FEADC0C18BF19
:1065900003325FEADC0C18BF033202EBDC02C2F10B
:1065A000200300FA03FC20FA02F001FA03FE40EA9D
:1065B0000E0021FA02F11444BDE600BF70B54FF0A1
:1065C000FF0C4CF4E06C1CEA11541DBF1CEA13557F
:1065D00094EA0C0F95EA0C0F00F0DEF82C4481EAE7
:1065E000030621EA4C5123EA4C5350EA013518BF07
:1065F00052EA033541F4801143F4801338D0A0FBF4
:1066000002CE4FF00005E1FB02E506F00042E0FBA0
:1066100003E54FF00006E1FB03569CF0000F18BFA6
:106620004EF0010EA4F1FF04B6F5007F64F540744E
:1066300004D25FEA4E0E6D4146EB060642EAC621E1
:1066400041EA55514FEAC52040EA5E504FEACE2E4E
:10665000B4F1FD0C88BFBCF5E06F1ED8BEF1004F51
:1066600008BF5FEA500E50F1000041EB045170BDCD
:1066700006F0004646EA010140EA020081EA030111
:10668000B4EB5C04C2BFD4EB0C0541EA045170BD0D
:1066900041F480114FF0000E013C00F3AB8014F187
:1066A000360FDEBF002001F0004170BDC4F10004D0
:1066B000203C35DA0C341BDC04F11404C4F1200551
:1066C00000FA05F320FA04F001FA05F240EA0200AC
:1066D00001F0004221F0004110EBD37021FA04F6E2
:1066E00042EB06015EEA430E08BF20EAD37070BD9C
:1066F000C4F10C04C4F1200500FA04F320FA05F0FB
:1067000001FA04F240EA020001F0004110EBD370FC
:1067100041F100015EEA430E08BF20EAD37070BD6C
:10672000C4F1200500FA05F24EEA020E20FA04F345
:1067300001FA05F243EA020321FA04F001F00041F4
:1067400021FA04F220EA020000EBD3705EEA430E65
:1067500008BF20EAD37070BD94F0000F0FD101F094
:106760000046400041EB010111F4801F08BF013CCD
:10677000F7D041EA060195F0000F18BF704703F00B
:106780000046520043EB030313F4801F08BF013D92
:10679000F7D043EA0603704794EA0C0F0CEA13554E
:1067A00018BF95EA0C0F0CD050EA410618BF52EA08
:1067B0004306D1D181EA030101F000414FF000000E
:1067C00070BD50EA410606BF1046194652EA43061C
:1067D00019D094EA0C0F02D150EA013613D195EA90
:1067E0000C0F05D152EA03361CBF104619460AD1D8
:1067F00081EA030101F0004141F0FE4141F47001E2
:106800004FF0000070BD41F0FE4141F4780170BDD1
:1068100070B54FF0FF0C4CF4E06C1CEA11541DBF36
:106820001CEA135594EA0C0F95EA0C0F00F0A7F838
:10683000A4EB050481EA030E52EA03354FEA013165
:1068400000F088804FEA03334FF0805545EA131378
:1068500043EA12634FEA022245EA111545EA106540
:106860004FEA00260EF000419D4208BF964244F1D7
:10687000FD0404F5407402D25B084FEA3202B61AF6
:1068800065EB03055B084FEA32024FF480104FF4CA
:10689000002CB6EB020E75EB030E22BFB61A75463E
:1068A00040EA0C005B084FEA3202B6EB020E75EBD1
:1068B000030E22BFB61A754640EA5C005B084FEA39
:1068C0003202B6EB020E75EB030E22BFB61A754606
:1068D00040EA9C005B084FEA3202B6EB020E75EB11
:1068E000030E22BFB61A754640EADC0055EA060ED2
:1068F00018D04FEA051545EA16754FEA06164FEA15
:10690000C30343EA52734FEAC2025FEA1C1CC0D1C0
:1069100011F4801F0BD141EA00014FF000004FF04D
:10692000004CB6E711F4801F04BF01430020B4F10E
:10693000FD0C88BFBCF5E06F3FF6AFAEB5EB030CC6
:1069400004BFB6EB020C5FEA500C50F1000041EBC3
:10695000045170BD0EF0004E4EEA113114EB5C0490
:10696000C2BFD4EB0C0541EA045170BD41F4801163
:106970004FF0000E013C90E645EA060E8DE60CEA6B
:10698000135594EA0C0F08BF95EA0C0F3FF43BAF88
:1069900094EA0C0F0AD150EA01347FF434AF95EA3F
:1069A0000C0F7FF425AF104619462CE795EA0C0F23
:1069B00006D152EA03353FF4FDAE1046194622E7F0
:1069C00050EA410618BF52EA43067FF4C5AE50EACA
:1069D00041047FF40DAF52EA43057FF4EBAE12E7BA
:1069E0004FF0FF3C06E000BF4FF0010C02E000BF9B
:1069F0004FF0010C4DF804CD4FEA410C7FEA6C5C7E
:106A00004FEA430C18BF7FEA6C5C1BD001B050EA20
:106A1000410C0CBF52EA430C91EA030F02BF90EA0B
:106A2000020F0020704710F1000F91EA030F58BFCA
:106A3000994208BF90422CBFD8176FEAE37040F02C
:106A4000010070474FEA410C7FEA6C5C02D150EACA
:106A5000013C07D14FEA430C7FEA6C5CD6D152EA85
:106A6000033CD3D05DF8040B704700BF844610464A
:106A700062468C461946634600E000BF01B5FFF749
:106A8000B7FF002848BF10F1000F01BD4DF808ED19
:106A9000FFF7F4FF0CBF012000205DF808FB00BFEA
:106AA0004DF808EDFFF7EAFF34BF012000205DF844
:106AB00008FB00BF4DF808EDFFF7E0FF94BF012091
:106AC00000205DF808FB00BF4DF808EDFFF7CEFF92
:106AD00094BF012000205DF808FB00BF4DF808EDD1
:106AE000FFF7C4FF34BF012000205DF808FB00BFA2
:106AF0004FEA410C7FEA6C5C02D150EA013C0AD1BA
:106B00004FEA430C7FEA6C5C02D152EA033C02D1AB
:106B10004FF0000070474FF0010070474FEA41020C
:106B200012F5001215D211D56FF47873B3EB6252DF
:106B300012D94FEAC12343F0004343EA505311F006
:106B4000004F23FA02F018BF404270474FF0000098
:106B5000704750EA013005D111F0004008BF6FF0D6
:106B6000004070474FF00000704700BF80F00040C9
:106B700002E000BF81F0004142001FBF5FEA410315
:106B800092EA030F7FEA226C7FEA236C6AD04FEA15
:106B90001262D2EB1363C1BFD2184140484041405A
:106BA000B8BF5B42192B88BF704710F0004F40F40C
:106BB000000020F07F4018BF404211F0004F41F428
:106BC000000121F07F4118BF494292EA030F3FD0F4
:106BD000A2F1010241FA03FC10EB0C00C3F1200307
:106BE00001FA03F100F0004302D5494260EB400096
:106BF000B0F5000F13D3B0F1807F06D340084FEA01
:106C0000310102F10102FE2A51D2B1F1004F40EBF5
:106C1000C25008BF20F0010040EA0300704749005D
:106C200040EB0000013A28BFB0F5000FEDD2B0FAFA
:106C300080FCACF1080CB2EB0C0200FA0CF0AABF1D
:106C400000EBC25052421843BCBFD04018437047BB
:106C500092F0000F81F4000106BF80F400000132C1
:106C6000013BB5E74FEA41037FEA226C18BF7FEA98
:106C7000236C21D092EA030F04D092F0000F08BFDA
:106C80000846704790EA010F1CBF0020704712F0C1
:106C90007F4F04D1400028BF40F00040704712F100
:106CA00000723CBF00F50000704700F0004343F065
:106CB000FE4040F4000070477FEA226216BF08469B
:106CC0007FEA23630146420206BF5FEA412390EA5E
:106CD000010F40F4800070474FF0000304E000BF54
:106CE00010F0004348BF40425FEA000C08BF704705
:106CF00043F0964301464FF000001CE050EA0102C9
:106D000008BF70474FF000030AE000BF50EA0102DD
:106D100008BF704711F0004302D5404261EB4101CA
:106D20005FEA010C02BF84460146002043F0B643EF
:106D300008BFA3F18053A3F50003BCFA8CF2083A14
:106D4000A3EBC25310DB01FA02FC634400FA02FC1D
:106D5000C2F12002BCF1004F20FA02F243EB020024
:106D600008BF20F00100704702F1200201FA02FC86
:106D7000C2F1200250EA4C0021FA02F243EB020079
:106D800008BF20EADC7070474FF0FF0C1CEAD052BD
:106D90001EBF1CEAD15392EA0C0F93EA0C0F6FD07E
:106DA0001A4480EA010C400218BF5FEA41211ED05C
:106DB0004FF0006343EA501043EA5111A0FB013148
:106DC0000CF00040B1F5000F3EBF490041EAD3711D
:106DD0005B0040EA010062F17F02FD2A1DD8B3F199
:106DE000004F40EBC25008BF20F00100704790F008
:106DF000000F0CF0004C08BF49024CEA502040EA5A
:106E000051207F3AC2BFD2F1FF0340EAC25070471F
:106E100040F400004FF00003013A5DDC12F1190F5D
:106E2000DCBF00F000407047C2F10002410021FACF
:106E300002F1C2F1200200FA02FC5FEA310040F1E7
:106E4000000053EA4C0308BF20EADC70704792F060
:106E5000000F00F0004C02BF400010F4000F013A98
:106E6000F9D040EA0C0093F0000F01F0004C02BF93
:106E7000490011F4000F013BF9D041EA0C018FE702
:106E80000CEAD15392EA0C0F18BF93EA0C0F0AD008
:106E900030F0004C18BF31F0004CD8D180EA01002E
:106EA00000F00040704790F0000F17BF90F0004FC7
:106EB000084691F0000F91F0004F14D092EA0C0FA9
:106EC00001D142020FD193EA0C0F03D14B0218BF3C
:106ED000084608D180EA010000F0004040F0FE4082
:106EE00040F40000704740F0FE4040F4400070471E
:106EF0004FF0FF0C1CEAD0521EBF1CEAD15392EA9D
:106F00000C0F93EA0C0F69D0A2EB030280EA010C8C
:106F100049024FEA402037D04FF0805343EA111125
:106F200043EA10130CF000408B4238BF5B0042F183
:106F30007D024FF4000C8B4224BF5B1A40EA0C0028
:106F4000B3EB510F24BFA3EB510340EA5C00B3EB5A
:106F5000910F24BFA3EB910340EA9C00B3EBD10F48
:106F600024BFA3EBD10340EADC001B0118BF5FEA9A
:106F70001C1CE0D1FD2A3FF650AF8B4240EBC250C3
:106F800008BF20F0010070470CF0004C4CEA502084
:106F90007F32C2BFD2F1FF0340EAC250704740F4D3
:106FA00000004FF00003013A37E792F0000F00F0C5
:106FB000004C02BF400010F4000F013AF9D040EA43
:106FC0000C0093F0000F01F0004C02BF490011F4D7
:106FD000000F013BF9D041EA0C0195E70CEAD153CF
:106FE00092EA0C0F08D142027FF47DAF93EA0C0FB6
:106FF0007FF470AF084676E793EA0C0F04D14B029A
:107000003FF44CAF08466EE730F0004C18BF31F04B
:10701000004CCAD130F000427FF45CAF31F0004345
:107020007FF43CAF5FE700BF4FF0FF3C06E000BFDE
:107030004FF0010C02E000BF4FF0010C4DF804CD01
:107040004FEA40024FEA41037FEA226C18BF7FEA11
:10705000236C11D001B052EA530C18BF90EA010F13
:1070600058BFB2EB030088BFC81738BF6FEAE170A2
:1070700018BF40F0010070477FEA226C02D15FEA3E
:10708000402C05D17FEA236CE4D15FEA412CE1D0AA
:107090005DF8040B704700BF844608466146FFE771
:1070A0000FB5FFF7C9FF002848BF10F1000F0FBD53
:1070B0004DF808EDFFF7F4FF0CBF012000205DF84C
:1070C00008FB00BF4DF808EDFFF7EAFF34BF0120D1
:1070D00000205DF808FB00BF4DF808EDFFF7E0FF6A
:1070E00094BF012000205DF808FB00BF4DF808EDBB
:1070F000FFF7D2FF94BF012000205DF808FB00BF1E
:107100004DF808EDFFF7C8FF34BF012000205DF8FF
:1071100008FB00BF53B94AB9002908BF00281CBFAB
:107120004FF0FF314FF0FF3000F06CB9ADF1080CBB
:107130006DE904CE00F006F8DDF804E0DDE9022395
:1071400004B070472DE9F047089E0D4604468E4670
:10715000002B40F082808A42174646D9B2FA82F26A
:107160004AB1C2F1200105FA02F320FA01F1974079
:1071700041EA030E94404FEA1748230CBEFBF8FC8B
:10718000B9B208FB1CEE43EA0E430CFB01F0984237
:107190000AD9FB180CF1FF3580F01681984240F2B5
:1071A0001381ACF1020C3B441B1AA4B2B3FBF8F000
:1071B00008FB103344EA034400FB01F1A14209D962
:1071C0003C1900F1FF3380F00181A14240F2FE80C2
:1071D00002383C44641A40EA0C4000211EB1D440FD
:1071E0000023C6E90043BDE8F08702B9FFDEB2FA2A
:1071F00082F2002A4FD1CB1B4FEA174E1FFA87F8B5
:107200000121B3FBFEFC250C0EFB1C3345EA0345B4
:1072100008FB0CF3AB4207D97D190CF1FF3002D209
:10722000AB4200F2E7808446ED1AA3B2B5FBFEF054
:107230000EFB105543EA054408FB00F8A04507D9AA
:107240003C1900F1FF3302D2A04500F2D780184666
:10725000A4EB080440EA0C40C0E78B4208D9002E9A
:1072600000F0AF800021C6E900050846BDE8F087C0
:10727000B3FA83F100294BD1AB4202D3824200F230
:10728000B780841A65EB030301209E46002EAAD026
:10729000C6E9004EA7E7C2F1200C01FA02F39740BD
:1072A00020FA0CF04FEA174E21FA0CFC1843BCFBF5
:1072B000FEF1050C0EFB11CC1FFA87F845EA0C45D0
:1072C00001FB08F3AB4204FA02F409D97D1901F17C
:1072D000FF3C80F08B80AB4240F2888002393D4415
:1072E000EB1A85B2B3FBFEF00EFB103345EA034503
:1072F00000FB08F3AB4207D97D1900F1FF3C71D2C6
:10730000AB426FD902383D44EB1A40EA014178E7BD
:10731000C1F1200C8B4022FA0CF71F4320FA0CF429
:1073200005FA01F34FEA174E25FA0CF51C43230C1E
:10733000B5FBFEF91FFA87F80EFB195543EA054520
:1073400009FB08FAAA4502FA01F200FA01F308D98A
:107350007D1909F1FF3047D2AA4545D9A9F10209A3
:107360003D44A5EB0A05A4B2B5FBFEF00EFB10559B
:1073700044EA054400FB08F8A04507D93C1900F190
:10738000FF352DD2A0452BD902383C4440EA0940B4
:10739000A4EB0804A0FB02894C45C6464D4619D310
:1073A00016D05EB1B3EB0E0264EB050404FA0CFCDC
:1073B000CA404CEA0202CC40C6E900240021BDE8E4
:1073C000F087314630460EE7AC46EDE6184601E759
:1073D0004345E6D2B8EB020E69EB07050138E0E75A
:1073E0002846D3E760468FE78146BAE7614677E7EC
:1073F00008464BE7ACF1020C3D4415E702383C442B
:1074000026E700BF704700BF02460249024823F04A
:107410008BB900BF28DE0208D476002018B90349D2
:10742000034823F06DB90349FAE700BF3ADE0208CA
:10743000D47600204CDE0208F8B5037A0446BBB1CE
:107440000C490D480D4F0C4E23F05AF90025237AB4
:10745000AB4207DD636839465A5D304623F064F974
:107460000135F4E7BDE8F8400549034823F023B9A6
:10747000F8BD00BF5BDE0208D47600206FDE020894
:107480002AFC020838B50F4822F038FEC0B10E4978
:107490000E480F4C23F034F9A4F10B05204622F0DE
:1074A00044FE38B9284622F07AFD41F288300FF0C8
:1074B0009BF9F3E7BDE838400649044823F020B9BA
:1074C00038BD00BF9A77002072DE0208D476002013
:1074D0009B7700208BDE020870B500238CB006225B
:1074E00050484FF4E13122F0F3FC4F494D4823F06E
:1074F00007F94E494B4823F003F94D4A106851688B
:107500004C4A04AB03C31068516806AB03C34A4B33
:1075100008AA03F11006154618685968144603C4F2
:107520000833B3422246F7D10121444822F0EDFD51
:1075300006A90822424822F08FFD29461022414820
:1075400022F09BFD082204A93F4822F0B0FD3F4BEA
:107550003F48197822F030FE3E493F4822F01BFE9A
:1075600000213E4822F0F3FD01213D4822F0DFFDDD
:1075700005213C4822F0FFFD00213B4822F045FD5B
:1075800000213A4822F0ABFD394822F0F2FD394B98
:10759000394A3A49002808BF1A46224823F0C4F85D
:1075A000324822F095FD364B364A3749002808BF4D
:1075B0001A461C4823F0B8F8002303A904223348D4
:1075C000039322F06BFD9DF80F3001939DF80E3070
:1075D0009DF80C2000932E499DF80D30114823F0A2
:1075E000A3F82C490F4842F2107223F09DF813487B
:1075F00022F084FD284902460A4823F095F82749DD
:10760000084823F07DF82649174822F00DFD25494A
:10761000154822F011FD2449134822F015FD0CB045
:1076200070BD00BFD4760020A1DE0208C2DE0208D1
:1076300062DF0208E8DC02086BDF02089A770020AC
:107640009177002092770020957700200400002099
:10765000B177002006000020B07700209D77002041
:107660009C7700209F77002090770020987700205B
:107670009E7700209B10030892DE0208F9DE0208C4
:1076800095DE020897DE02080CDF020894770020DE
:107690001BDF020840DF020858DF02082CFC02084A
:1076A00039740008097400081D740008012806D008
:1076B000022806D038B90549054823F021B8054904
:1076C000FAE70549F8E70549F6E700BF7CDF02085D
:1076D000D476002085DF020891DF0208A0DF0208CF
:1076E00010B5074C0321204600F022FE002105487A
:1076F00000F08CFC20460121BDE8104000F003BEE4
:10770000781F0020AC0F002007B51346002201921D
:10771000044A00920A460146034800F089FE03B07D
:107720005DF804FB48010020781F002038B50446AE
:10773000FFF7D6FF0E4B0F4D1A880F49013292B258
:1077400028461A8001F0ECFE29460C4822F0E2FFA0
:107750002A4605210020FFF7D7FF22461E210020E0
:10776000FFF7D2FFBDE838400549064800F020BDCC
:10777000D81F0020881F0020BADF0208D47600201E
:10778000C40F0020AC0F00202DE9F04131488AB031
:1077900022F0CBFC002857D02F48304CDFF8E8808F
:1077A00000F092FA2C4800F03DF920602A4800F0E1
:1077B00015F92B4B054618602068FEF7A7FE064614
:1077C00028460F46FEF7A2FE02ACCDE90001324684
:1077D0003B462449244F204601F0A2FE2349C5B26E
:1077E000214822F08DFF0026B54206DDA25D41460C
:1077F000384622F099FF0136F6E71D491A4822F073
:107800007FFF1C49184822F07BFF2146164822F0D2
:1078100081FF0123CDE90033174802232246294680
:1078200022F0CEFB48B115490F4822F069FF2046EF
:10783000FFF77CFF0AB0BDE8F08111490A4822F049
:107840005FFFFFF71FFEF5E70E49074822F058FFDC
:10785000F0E700BF9B770020641F0020A80F0020E6
:10786000A40F0020CCDF0208D4760020DCDF020861
:107870002CFC0208F1DF020890770020FCDF0208F0
:107880004CDE020811E00208E9DF020807B5012119
:10789000082022F06DFF0221082022F069FF01215B
:1078A000082022F07CFF194822F08CFE1749184866
:1078B00000F0DCF9FFF7FAFEFFF70EFEFFF710FF0E
:1078C00078231C22CDE900321248134B5E2282211C
:1078D00000F0C6FD1149124800F06AFC4FF47A70BE
:1078E0000EF082FF0F4A10480123002122F002FD12
:1078F00048B100230C4842F21072194603B05DF8FB
:1079000004EB22F001BD03B05DF804FBD477002046
:10791000641F0020781F002036E00208C40F0020FA
:10792000AC0F0020897700088D770020014822F0F5
:1079300016BF00BF2477002038B50D4C0D4D0E4901
:10794000FA237A22204600F0ADFC2A460B49204655
:107950000B4C01F049F90B4800F034F8204600F0D8
:1079600085FA2A4620460849BDE8384001F03CB96E
:10797000781F002000000020C40F0020CB820008E8
:10798000AC0F0020641F0020617E00080368C9B2AC
:107990001B68184738B504460D460068702122F070
:1079A0004BFE290A2068FFF7F1FFE9B22068FFF7D4
:1079B000EDFF2068012122F04BFEC0B2003818BF55
:1079C000012038BD044A4260012202720022428135
:1079D0000273C28102617047245C000108B5C0894E
:1079E000FFF77AF90349FFF783FA0349FFF7CCF968
:1079F00008BD00BF00FF7F470000C84208B5FFF781
:107A00006BF90549FFF774FA0449FFF7BDF904491A
:107A1000FFF7B0F808BD00BF00FF7F4700002F430D
:107A200000003442008AFFF7E9BF704710B50C46EA
:107A3000417281792046FFF7F8FF204610BD38B526
:107A40000D46002141810173C18101614572817937
:107A50002846FFF7EAFF284638BD000038B5012365
:107A60000446037201B1C3714BF298012046FFF73F
:107A700091FF044A60720546A179E123FFF7D5FF23
:107A8000284638BDDAE1020838B5C3790021054639
:107A900081715BB901232B7200242046064AA97923
:107AA0006C724E23FFF7C1FF204638BDFFF7D6FFAB
:107AB00004460028EED0F0E7DAE1020870B50E4681
:107AC00043F217510546FFF765FF044600B92872D7
:107AD0000EB10023EB71F0200EF09BFE2046044A0D
:107AE000A9796C72F123FFF7A0FF204670BD00BF9B
:107AF000DAE1020838B501238371037A054653B9E8
:107B000000242C722046074AA9796C723F23FFF7A4
:107B10008CFF204638BD0021FFF7D0FF0446002827
:107B2000EED0EFE7DAE10208CBB26FEA112110B52F
:107B3000C9B2082411F0800F4FEA410101D081F051
:107B40003101013C14F0FF04C9B2F3D14B400824C9
:107B500013F0800F4FEA430101D081F03101013C65
:107B600014F0FF04CBB2F3D19A4218BF02248179FA
:107B700014BF44724472054A204614BF4FF4D373B5
:107B80004FF4D473FFF751FF204610BDDAE102082D
:107B90002DE9F0410446FFF7ADFF014630B1204624
:107BA000314ABDE8F041A923FFF749BF2046FFF75E
:107BB00085FF054630B16072AF232B4AA179FFF7EC
:107BC00034FF19E04EF6C8712046FFF7E3FE054684
:107BD000074610B16072B523EFE7206803227021D9
:107BE00022F027FD0328054609D01F4ABB230121A7
:107BF0002046FFF71BFF01252846BDE8F0812068DD
:107C000003685B6998478046206803685B6998470A
:107C10000646206803685B699847F1B241EA08218B
:107C200089B2C2B2618227732046FFF77DFF08B98F
:107C300001232373638A23F4F8631B051B0D40F6AD
:107C40000702934203D003206072CE23B5E720469B
:107C5000FFF71AFFA1796072054610B1D423024ADA
:107C6000ADE7D723FBE700BFDAE1020838B50160D2
:107C70000546FFF73FFF044638B168728123114A79
:107C8000A979FFF7D2FE204638BD01462846FFF706
:107C900015FF044610B168728723F0E72846FFF706
:107CA00077FF044610B168728D23E8E72846FFF796
:107CB000EBFEA9796872044610B19323014AE0E70C
:107CC0009623FBE7DAE102082DE9F0470446FFF7C7
:107CD00011FF014638B14FF49473604A2046BDE865
:107CE000F047FFF7ACBEA1882046FFF753FE0146E0
:107CF00010B140F23113F0E7A38846F258429342A4
:107D000008D011D844F2DE42934203D045F6244213
:107D100093420CD120680622702122F08AFC0628AA
:107D20000AD040F2491304E047F6A242F0E74FF4CC
:107D3000A1734A4A0121D1E7A38846F29C029342EB
:107D40001FD012D845F6E00293423CD00AD844F244
:107D50001A02934237D044F2DE42934233D040F2CB
:107D60006B13E6E745F62442F7E747F666029342CF
:107D700007D047F6A242934203D046F258429342BC
:107D8000EDD1206803685B6998475FFA80FA206844
:107D900003685B699847C7B2206803685B699847C6
:107DA0005FFA80F9206803685B6998475FFA80F89A
:107DB000206803685B699847C5B2206803685B69FF
:107DC0009847C6B220E0206803685B6998475FFA6D
:107DD00080F8206803685B699847C5B2206803682B
:107DE0005B699847C6B2206803685B6998475FFA89
:107DF00080FA206803685B699847C7B22068036807
:107E00005B6998475FFA80F945EA082147EA0A2743
:107E10000023E1812782638132462046FFF784FEFA
:107E200008B90123A372218A4A462046FFF77CFE47
:107E300008B90123E3722046FFF726FEA17960729C
:107E4000054638B140F28513044AFFF7EEFD284697
:107E5000BDE8F0874FF4C473F6E700BFDAE102082B
:107E600010B5044600F0DAF9204610BD10B50446FE
:107E700000F0D3F97A22FA23C4E900234FF0FF314E
:107E80001523C4E9021304201223C4E90403204685
:107E900010BD10B5C0680C46002100F0C0F92046A6
:107EA000BDE8104000F0C4B910B5C0680C4601210F
:107EB00000F0B5F92046BDE8104000F0B9B910B5A2
:107EC0000446606900F0AFF918B10A2000F0AEF97D
:107ED000F7E710BD2DE9F04104460F464421154651
:107EE0001E469DF81880FFF7D4FFF9082046FFF7DB
:107EF000DBFFF1082046FFF7D7FF20464521FFF7BB
:107F0000C8FF29462046FFF7CFFF20460021FFF794
:107F1000CBFF41462046FFF7C7FF20460021BDE8C2
:107F2000F041FFF7C1BF70B504460E464E2115461D
:107F3000FFF7AFFF31462046FFF7B6FF20464F213F
:107F4000FFF7A7FF29462046FFF7AEFF2046002196
:107F5000BDE87040FFF7A8BFF8B50D4632210446D2
:107F6000FFF797FF6E1E05F1980716F8011F2046D0
:107F7000FFF79AFFBE42F8D120463F21FFF789FF65
:107F800095F899102046FFF78FFF20460321FFF751
:107F900080FF95F89A102046FFF786FF20460421BF
:107FA000FFF777FF95F89B102046FFF77DFF95F8C8
:107FB0009C102046FFF778FF95F89D102046FFF7AC
:107FC00073FF20462C21FFF764FF95F89E10204692
:107FD000BDE8F840FFF768BF10B50121044680688E
:107FE00000F01DF9142000F021F9A068002100F034
:107FF00016F9022000F01AF9A068012100F00FF92B
:10800000BDE81040142000F011B9000073B504461B
:108010000E4600F01FF9054620B14FF0FF35284607
:1080200002B070BD2046FFF7D7FF002E56D1204684
:10803000FFF745FF12212046FFF72BFF2046FFF7F1
:108040003EFF20460121FFF724FF2046F921FFF7DC
:108050002BFF29462046FFF727FF29462046FFF73A
:1080600023FF20461121FFF714FF20460321FFF7CD
:108070001BFF62682368013AD2B2013BDBB2009277
:1080800029462A462046FFF725FF2A46294620464C
:10809000FFF749FF20463C21FFF7FBFE2046052164
:1080A000FFF702FF20462121FFF7F3FE2946204675
:1080B000FFF7FAFE20468021FFF7F6FE2046182142
:1080C000FFF7E7FE80212046FFF7EEFE2046FFF790
:1080D000F6FE35492046FFF73FFFA0E7012E9CD171
:1080E0002946A06800F09BF8304600F09FF8A06891
:1080F000314600F094F820462C49FFF72DFF20462A
:108100003721FFF7C6FE29462046FFF7CDFE294658
:108110002046FFF7C9FE29462046FFF7C5FE29463F
:108120002046FFF7C1FE29462046FFF7BDFE204648
:108130004021FFF7B9FE29462046FFF7B5FE294644
:108140002046FFF7B1FE29462046FFF7ADFE29463F
:108150002046FFF7A9FE20463C21FFF79AFE204665
:108160008021FFF7A1FE20462221FFF792FE204644
:10817000C021FFF799FE20212046FFF78AFE204606
:10818000FFF79DFE62682368013AD2B2013B00927C
:1081900029462A462046DBB2FFF79CFE2A4629469E
:1081A0002046FFF7C0FE3AE708000020A7000020A5
:1081B0002DE9F84F0368DD085B0704460E4618BF3B
:1081C0000135C9B12421D0F804B0FFF762FE0027C1
:1081D00006EB0508B946D9450EDA06EB070AC24593
:1081E00005D01AF8011B2046FFF75EFEF7E709F1FC
:1081F0000109A8442F44EEE720462221FFF749FE5B
:108200002046C721FFF750FE20462021FFF741FE00
:108210002046BDE8F84FFFF752BE70477047C9B21D
:10822000C0B222F0BCBAC0B222F0BEBA0EF0DCBAC4
:1082300010B500210446042022F0B1FA214604487A
:1082400022F0F7F8BDE810400121042022F0A7BA7F
:10825000D077002013B50121042022F089FA0121F2
:10826000FF2022F085FA0D4C0121152022F080FA22
:108270000021122022F07CFA204622F095F8084BCB
:1082800000934FF48073ADF8043002AB204613E93D
:10829000060022F08FF8002002B010BDD077002039
:1082A00080841E0030B50024C46012F00704016011
:1082B00008D0514201F0070102F10805224658BFDB
:1082C0004A42AA1AC0E9012330BD7047002930B5DF
:1082D00015DB44688C4212DD002A10DB856895426C
:1082E0000DDD02FB04120568D21001F007018024A5
:1082F00044FA01F1A85649B213B10843A85430BD5D
:1083000020EA0100FAE770B50B46044600256268D2
:10831000AA420CDD0026A268B24206DD324629469A
:108320002046FFF7D3FF0136F5E70135EFE770BDD3
:10833000C1607047F0B4C7680D46144667B900299C
:1083400037DB47688F4234DD002A32DB856895428F
:108350002FDDF0BCFFF7BABF012F0CD1002928DBBD
:1083600082688A4225DD002C23DB4168A14220DDA2
:108370002A46091BEDE7022F0CD1002919DB4168C1
:10838000A94216DD002A14DB8268A24211DD121B0D
:10839000491BDEE7032F0CD100290ADB82688A42E1
:1083A00007DD002C05DB4168A14202DD521B21469E
:1083B000CFE7F0BC70472DE9F74F0C9D9146AA8896
:1083C00012F0070418BF012404EBD204A3F1200229
:1083D000EB8853432A68884603FB042400274FF0A8
:1083E000800BEB88BB4220DD002609EB0702AB883F
:1083F000B34215DD217806F0070A4BFA0AF3194259
:1084000008D00D9B019206EB08010090FFF792FF48
:10841000DDE90002BAF1070F08BF01340136E6E7D3
:108420005B0718BF01340137DBE703B0BDE8F08F0D
:108430002DE9F341089E07460C4690465D1E15F84F
:10844000013F53B1099A2146CDE9006238464246C0
:10845000FFF7B1FFB3881C44F1E702B0BDE8F0813B
:108460002DE9F04F87B09946BDF94080BDF944A091
:1084700018F1070348BF08F10E03CDE902120025E9
:10848000DB1001932F462C46039BDA193BB29A4529
:1084900012B21EDD002609EB050B33B29845B1B2CE
:1084A00013DD49070BBFDB1064001BF80340E4B287
:1084B000230608D502990592002331440490FFF762
:1084C00039FFDDE904020136E7E7019B01371D446E
:1084D000DAE707B0BDE8F08F03F012BC03F015BC7B
:1084E00070470000BFF34F8F0549064BCA6802F47E
:1084F000E0621343CB60BFF34F8F00BFFDE700BFC7
:1085000000ED00E00400FA0570B5002386B0CDE967
:1085100004334FF0B0420F4DD16C41F00201D164F1
:10852000D26C039302F002024FF48056009201A92C
:108530002846CDE90163009A10F06EFD31462846C9
:1085400010F08AFE31460446284610F011FE2046FF
:1085500006B070BD000400480D2070474FF0B043D6
:1085600082B0DA6C0243DA64DB6C18400190019B44
:1085700002B070472DE9F04186B01422002101A815
:1085800000F06AFB0220FFF7E9FF144D144F0420AE
:10859000FFF7E4FF4FF4807601230024CDE9016367
:1085A00001A903232846CDE903434FF4005810F0F6
:1085B00033FD01A93846CDF8048010F02DFD224688
:1085C0004146384610F04EFE28462246314610F00D
:1085D00049FE204606B0BDE8F08100BF0004004817
:1085E00000080048032810B50ED8012810D868B933
:1085F00002460B484FF4807110F034FE0022094807
:108600004FF4005110F02EFE002010BD0122F0E7C3
:10861000002203484FF4807110F024FE0122EEE79F
:1086200000040048000800480220704700207047FE
:108630000120704710B59AB04822002108A800F028
:108640000BFB1822002102A800F006FB10F01CFE14
:108650004FF0B0420024D2F8903023F01803C2F853
:108660009030D2F8003423F4C06343F40073C2F8AE
:108670000034D2F80034119403F4C06301934FF432
:108680008072019B0C922E234022089381230B932E
:108690000D920123B02208A8CDE90E341093129256
:1086A000139410F043FF08B103F07EFC4F23022126
:1086B00002A8CDE90234CDE90444CDE9064411F025
:1086C000D5F908B103F070FC1AB010BD13B50378EA
:1086D000082B11D8DFE803F0128287108E8E051068
:1086E0009200047920460CF053FE20460CF0FAFD6F
:1086F000002120460CF054FE02B010BD00200CF00A
:1087000047FE012839D101200CF042FE012804D097
:1087100001200EF081FC00283DDC02200CF038FE28
:108720000128E9D002200EF077FC0028E4DD0122C8
:1087300001A902200EF03AFB02200CF029FE0028CD
:10874000F0D102200EF046FC00283FD19DF8041025
:1087500002200CF033FDE5E7012201A900200EF014
:1087600025FB00200CF014FE044630B90EF032FC5C
:1087700048B99DF804100CF021FD00200EF04CFCCF
:108780000028E9DCBFE70128F7D19DF80410204656
:108790000EF078FBF1E7012201A910460EF006FB6E
:1087A00001200CF0F5FD0028B2D101200EF012FCE2
:1087B00028B99DF8041001200CF000FDA8E701285D
:1087C000A6D19DF804100EF05DFBA1E70128A9D108
:1087D0009DF8041002200EF055FBA3E718F08CF86A
:1087E00004F068F888E7074B1B68002B84D04068CA
:1087F000984781E740680EF02DFD7DE740680EF058
:108800005DF979E7C480002030B52D4B2D4A9A6080
:1088100085B00EF097FDFFF70DFF4FF0B0430B2032
:108820009A6C42F004029A649A6C02F00402039279
:10883000039A9A6C42F001029A649B6C002203F046
:10884000010311460293029B0FF0E4F90B200FF095
:1088500013FA0EF0E7FC0DF079FF0CF053FE002444
:1088600001460546234603220120CDE900440EF0CF
:10887000DFF92346032229460220CDE900440EF009
:10888000D7F90CF051FD0CF0EBFE06F013F8E5B251
:1088900028460CF07DFD10B928460CF023FD01346C
:1088A000032CF4D10EF0A2FC0DF0FAFB012804D148
:1088B00005B0BDE8304006F0FFBA05B030BD00BFDE
:1088C00000ED00E0006000080EF09EBCF7B5FFF779
:1088D0009BFF4FF0B0432E4EDA6C2E4C42F002025A
:1088E000DA64DB6C03F002030193019B08F066FB82
:1088F000294B341B1427474300251C44BD4223D376
:1089000021F0B8FAFFF700FE98B3244803F09BFF6C
:10891000234B24481A68244B196803F094FF23481A
:108920000EF008FA04F03EFB012824D0022824D0DF
:1089300010B91F480EF0FEF91E4C0EF065FC2378AE
:10894000EBB921F099FAF8E76A46042160190DF0B5
:1089500067FF69463246042312F801CB11F8010B78
:10896000844518BF02F8010C013BF5D104350436EB
:10897000C4E71148CAE71148DCE71148DAE70CF010
:108980004DFD0028D9D000200EF01CF9D5E700BF1E
:10899000F404002000000020A023030836EE0208A3
:1089A000BC0100204CEE0208D40100205CEE02085D
:1089B00070EE0208DA1F002041EE02087CEE020889
:1089C00087EE0208054808B50823036011F04EFF42
:1089D00018B1BDE8084003F0E7BA08BDAC79002043
:1089E0004FF0B04307B55A6E42F001025A665B6E13
:1089F000002203F00103019311463220019B0FF086
:108A000009F9322003B05DF804EB0FF035B900002E
:108A1000024B9868024BC043186070470028004022
:108A2000DC1F0020014B1868704700BFDC1F0020CE
:108A3000034B044A9B681068DB43181A704700BF59
:108A400000280040DC1F0020034B187810B1034BB6
:108A50009868C043704700BFDB1F0020002800401B
:108A60000320704708B501464FF47A720023C00313
:108A7000490CFEF74FFB08BD4FF47A72A0FB0223AE
:108A8000D00B40EA4340704710B5074B074C01221A
:108A9000DA654FF48071204611F0E6F84FF0FF33AD
:108AA0002363002010BD00BF00280040F87B002099
:108AB00002460021014811F0ECBA00BFF87B00200B
:108AC00002460121014811F0E4BA00BFF87B002002
:108AD00010B58CB02C220021044601A800F0BCF88F
:108AE000FFF7D2FF0C4B1868002304440893069349
:108AF0004FF00053E4430793084802944FF4807307
:108B0000012201A90B9311F0C5F908B103F04CFA49
:108B100000200CB010BD00BFDC1F0020F87B00203F
:108B20000C4B70B59C68064602210B4811F0B8FA50
:108B3000E44300221219C2F30E044FF47A71A4FB2D
:108B4000014540F10003E40BD00B348040EA434080
:108B500070BD00BF00280040F87B002001480021C4
:108B600011F09EBAF87B00200148012111F098BA5B
:108B7000F87B0020F8B5114E3578E5B9104C2A463F
:108B800029464FF0FF372846276302F07FFFFFF7A3
:108B90007BFF4FF48071204611F066F82046276372
:108BA00011F022FA2A460221204611F072FAFFF74C
:108BB0002FFF012333700020F8BD00BFDB1F002012
:108BC000F87B002015F0D4B810B5064C02212046E1
:108BD00011F066FA0221421C2046BDE8104011F057
:108BE00058BA00BFF87B00200B460146184600F03B
:108BF00001B8000010B504460448134620B10A46E7
:108C000002202146AFF3008010BD00BF000000002D
:108C100070B50D4D0D4C641BA4100026A64209D161
:108C20000B4D0C4C25F054F8641BA4100026A642F2
:108C300005D170BD55F8043B98470136EEE755F86D
:108C4000043B98470136F2E780230308802303089A
:108C5000802303089823030802440346934200D16B
:108C6000704703F8011BF9E72DE9F04788B0002BA6
:108C70001F461446B8BF03F10043129A109DDDF859
:108C80004CA0B6BF1F4600232D231370149B23F066
:108C90002008B8F1460F05D0B8F1450F00D10135D5
:108CA000022300E0032307AA049206AACDE902A248
:108CB000CDE9003522463B4600F0DEFCB8F1470F17
:108CC000064602D1119BDB0722D5B8F1460F06EB11
:108CD000050910D13378302B0AD100220023204619
:108CE0003946FDF7D3FE18B9C5F10105CAF80050A1
:108CF000DAF8003099440022002320463946FDF777
:108D0000C5FE08B1CDF81C903022079B4B4507D318
:108D1000079B159A9B1B3046136008B0BDE8F0878F
:108D2000591C07911A70F0E7F7B503460029B8BF40
:108D3000494203F8022BB4BF2D222B22092942708D
:108D40002ADD0DF10704A4460A27A6460A4691FB30
:108D5000F7F607FB16153035632A04F1FF340EF8D9
:108D6000015C3146F1DC3031AEF1020504F8011C42
:108D7000441C294661450AD30DF10902A2EB0E02FB
:108D8000654588BF00221344181A03B0F0BD11F8DE
:108D9000012B04F8012FEDE7302330318370C170CF
:108DA000031DF1E72DE9F04F91B00C46DDF8688026
:108DB00016461F46054601F031FA03680993184626
:108DC000FDF7DEF900230E93D8F800300A90073340
:108DD00023F0070303F1080294F81890D4F800B0C8
:108DE000C8F80020D3E90023C4E91223D4E9128A89
:108DF0002AF000430B930B999C4B4FF0FF324046F7
:108E0000FDF776FE70BB994B0B994FF0FF32404651
:108E1000FDF750FE30BB0022002340465146FDF7CF
:108E20003FFE10B12D2384F84330914B9148B9F1A6
:108E3000470F94BF98468046032323612BF0040319
:108E400023604FF0000A009733460FAA21462846B8
:108E500000F0D2F9013040F08F804FF0FF3011B0B8
:108E6000BDE8F08F4246534640465146FDF740FE6E
:108E700040B1BAF1000FBCBF2D2384F843307E48C7
:108E80007E4BD4E763685A1C09F0DF0142D1062308
:108E90006360002206920EAACDE904920DAA4BF45B
:108EA000806303920DF13302CDE9013223606368E0
:108EB00000934246534628460B91FFF7D5FE0B9987
:108EC000472980460D9908D1C81C02DB6368994286
:108ED00040DDA9F102095FFA89F9B9F1650F1FD8E0
:108EE00001394A4604F150000D91FFF71DFF0E9A1B
:108EF0001318012A8246236102DC2268D20701D5B9
:108F0000013323619DF83330002B9CD02D2384F84E
:108F1000433098E74729BCD1002BBAD10123B7E7EA
:108F2000B9F1660F18D1002963680BDD216113B90F
:108F30002268D00702D501330B442361A1654FF0AD
:108F4000000ADFE713B92268D20701D50233F4E73C
:108F50000123F2E74FF067090E9B994205DB236876
:108F60002161D807EAD54B1CE7E70029D4BFC1F13E
:108F7000020201221344E0E723685A0507D423695B
:108F8000424631462846B84701302BD165E7B9F152
:108F9000650F40F2DC80D4E9120100220023FDF7C6
:108FA00075FD002833D0364A012331462846B8479C
:108FB00001303FF452AFDDE90D239A4202DB236812
:108FC000D8070FD5DDE9092331462846B8470130D7
:108FD0003FF443AF4FF0000804F11A090E9B013B28
:108FE000434509DC23689B0700F10181E0680F9B82
:108FF0009842B8BF184632E701234A463146284610
:10900000B84701303FF429AF08F10108E6E70D9BAE
:10901000002B37DC1A4A012331462846B847013075
:109020003FF41BAFDDE90D23134302D12368D907B9
:10903000D8D5DDE9092331462846B84701303FF449
:109040000CAF4FF0000904F11A0A0D9B5B424B452F
:1090500001DC0E9B94E70123524631462846B8476F
:1090600001303FF4FAAE09F10109EEE7FFFFEF7FAF
:10907000D3EF0208D7EF0208DFEF0208DBEF0208A8
:109080009E1B03080E9AA36D9A42A8BF1A46002A97
:10909000914637DC4FF0000B29EAE97904F11A0216
:1090A000D4F858A0AAEB09035B4533DCDDE90D23B6
:1090B0009A423BDB2368DA0738D40E9A0D99A2EB6B
:1090C0000A03A2EB01099945A8BF9946B9F1000F1F
:1090D00034DC4FF0000829EAE97904F11A0ADDE9E5
:1090E0000D239B1AA3EB090343457FF77BAF0123B5
:1090F000524631462846B84701303FF4AEAE08F13B
:109100000108ECE71346314642462846B84701308D
:10911000C0D1A2E60123314628460B92B847013060
:109120003FF49BAE0B9A0BF1010BB9E7DDE9092384
:1091300031462846B8470130BFD18EE64B4608EB92
:109140000A0231462846B8470130C2D185E60E9A58
:10915000012A01DCDB0737D5012342463146284688
:10916000B84701303FF479AEDDE90923314628469E
:10917000B84701303FF471AED4E912010022002358
:10918000FDF784FCD8B90E9B08F10102013B314682
:109190002846B84701300ED15FE601234A463146E2
:1091A0002846B84701303FF458AE08F101080E9B3D
:1091B000013B4345F1DC534604F15002E1E64FF038
:1091C000000804F11A09F2E701234246DFE7012310
:1091D0004A4631462846B84701303FF43EAE08F1D2
:1091E0000108E3680F995B1A4345F0DCFEE64FF097
:1091F000000804F11909F4E72DE9F04716469946ED
:109200008A680B69DDF820809342B8BF134633604B
:1092100091F8432007460C460AB1013333602368B6
:10922000990642BF336802333360256815F006059E
:1092300006D104F1190AE36832689B1AAB4226DCB6
:1092400094F84320131E226818BF012392062BD4E2
:1092500004F1430249463846C04701301ED0236816
:10926000E568326803F00603042B08BFAD1AA36853
:1092700022690CBF25EAE57500259342C4BF9B1AFD
:10928000ED1800261A34B5421AD1002008E0012357
:10929000524649463846C047013003D14FF0FF30AF
:1092A000BDE8F0870135C6E7E1185A1C302081F887
:1092B0004300224494F8451082F843100233C7E774
:1092C0000123224649463846C0470130E6D00136E0
:1092D000D9E700002DE9FF470C469146277E0C99FF
:1092E000782F80469A4604F1430207D8622F0AD8A5
:1092F000002F00F0D880582F00F0A38004F1420620
:1093000084F842703AE0A7F16303152BF6D801A068
:1093100050F823F06D93000881930008FD92000837
:10932000FD920008FD920008FD920008819300085C
:10933000FD920008FD920008FD920008FD920008D1
:109340008D940008B19300086F940008FD92000806
:10935000FD920008AF940008FD920008B193000848
:10936000FD920008FD920008779400080B681A1D12
:109370001B680A6004F1420684F842300123A3E02E
:10938000256808682E0600F104030AD505680B60FD
:10939000002D03DA2D236D4284F843305E480A2302
:1093A00019E015F0400F05680B6018BF2DB2EFE70C
:1093B0000B682568181D0860280601D51D6802E0A5
:1093C0006906FBD51D8854486F2F0CBF08230A235C
:1093D000002184F843106668A660002EA2BF2168B1
:1093E00021F0040121600DB9002E4DD01646B5FBC9
:1093F000F3F103FB1157C75D06F8017D2F46BB4211
:109400000D46F4D9082B0BD12368DF0708D5236953
:1094100061689942DEBF302306F8013C06F1FF3651
:10942000921B2261CDF800A04B4603AA214640467C
:10943000FFF7E2FE01304CD14FF0FF3004B0BDE841
:10944000F087354884F8457023680E681F0656F883
:10945000045B0E6014D5D90744BF43F0200323609A
:109460001DB9236823F0200323601023B0E723688D
:1094700043F0200323607823284884F84530E3E74D
:109480005E0648BFADB2E6E71646BBE70B68266846
:1094900060691D1D0D6035061B6801D5186002E06E
:1094A0007106FBD51880002323611646BAE70B68C6
:1094B0001A1D0A601E68626800213046FCF768FECB
:1094C00008B1801B606063682361002384F8433027
:1094D000A8E72369324649464046D0470130ABD021
:1094E00023689B0713D4E068039B9842B8BF1846D3
:1094F000A4E70123324649464046D04701309BD07D
:109500000135E36803995B1AAB42F2DCEBE7002517
:1095100004F11906F5E700BFE3EF0208F4EF0208D3
:109520000EB400B59CB01DAB029006906FF00041E8
:10953000094807910491094953F8042B05910068E3
:10954000019302A901F0A8FA029B00221A701CB034
:109550005DF804EB03B07047D80100200802FFFF5C
:109560002DE9F74F03690C69A3420746C0F28180D9
:10957000013C01F1140800F1140505EB840301938B
:1095800058F8243055F8242001339A424FEA840BCE
:1095900008EB8409B2FBF3F631D34FF0000E4046DE
:1095A000AC46F24650F8042B93B206FB03E34FEAB5
:1095B000134E9BB2AAEB0303120CDCF800A006FBCF
:1095C00002E213FA8AF34FEA124E1FFA82FADCF82B
:1095D0000020CAEB124202EB23429BB243EA024351
:1095E00081454CF8043B4FEA224ADBD255F80B3058
:1095F0002BB9019B043B9D421A462ED33C61384651
:1096000001F057F8002824DB013628464FF0000C03
:1096100058F8042BD0F800E093B2ACEB0303120C23
:1096200013FA8EF3C2EB1E4202EB23429BB243EAD3
:109630000243C14540F8043B4FEA224CE8D255F8BA
:10964000242005EB840322B9043B9D421A460AD329
:109650003C61304603B0BDE8F08F1268043B002A3D
:10966000CCD1013CC7E71268043B002AF0D1013C91
:10967000EBE70020EEE700002DE9F04F446A99B0D7
:1096800016461F46CDE90467DDF8948005463CB9CF
:10969000102000F0C7FDC0E9014468620460C460A6
:1096A0006B6A196851B15A684A60012393408B6014
:1096B000284600F009FE6B6A00221A603B1EB9BF03
:1096C00023F0004305930023C8F80030DDF8149020
:1096D000A74BBCBF0122C8F8002033EA090319D107
:1096E000249A42F20F731360C9F31303334300F05B
:1096F0006D85269B53B99F4B23E09F4B0393083303
:10970000269A1360039819B0BDE8F08F994B039324
:109710000333F5E7DDE90434CDE90C34DDE90C0170
:1097200000220023FDF7B2F9804660B1249A01239C
:109730001360269B002B00F04685904B269A136001
:10974000013B0393DEE716AB019317AB009328466A
:10975000DDE90C2301F03EF8C9F30A548346002CDE
:109760007ED00D9BCDF84C80C3F31303DDE90C01D3
:1097700043F07F5141F44011A4F2FF34804B0022AA
:10978000FCF764FD74A3D3E90023FCF717FF74A36F
:10979000D3E90023FCF75CFD064620460F46FCF7A4
:1097A000A3FE71A3D3E90023FCF708FF02460B4692
:1097B00030463946FCF74CFD06460F46FDF7AEF93C
:1097C00000228246002330463946FDF769F948B148
:1097D0005046FCF789FE32463B46FDF757F908B97B
:1097E0000AF1FF3ABAF1160F57D8664B03EBCA03DA
:1097F000D3E90023DDE90C01FDF752F900284ED032
:109800000AF1FF3A00230F93169B1C1B631E09935A
:1098100045BFC4F101030693002300234CBF099305
:109820000693BAF1000F3CDB099BCDF838A05344F6
:10983000099300230A93229B092B00F2B580052B84
:10984000C4BF043B2293229BA3F10203CCBF00249C
:109850000124032B00F2B480DFE803F02D987AA4F2
:10986000DDE916431C4404F23243202BC3BFC3F18D
:10987000400304F2124009FA03F3C3F12003C6BF08
:1098800026FA00F0184306FA03F0FCF71DFE012348
:10989000A1F1F871013C139370E70123B3E70F9036
:1098A000B2E7069BA3EB0A030693CAF100030A93EF
:1098B00000230E93BFE700230B93239B002B00F3A1
:1098C00082804FF00109CDF820904B46CDF88C9066
:1098D0006E6A00227260042202F1140098427168DC
:1098E00077D9284600F0BCFC6B6A30601B68039394
:1098F000089B0E2B00F2EE80002C00F0EB80BAF1FA
:10990000000F7ADD1F4A0AF00F0302EBC303D3E90D
:1099100000341AF4807FCDE910344FEA2A145CD069
:10992000194BDDE90C01D3E90823FCF771FFCDE900
:10993000040104F00F040327134E002C4FD1DDE97E
:109940001023DDE90401FCF763FFCDE904016EE0BB
:109950000123B1E7AFF3008061436F63A787D23F74
:10996000B3C8608B288AC63FFB799F501344D33F0E
:109970000000F07F0EF0020805F002089F1B0308AC
:109980000000F83F40F0020818F0020800230B9393
:10999000239B0AEB030909F10103012B0893B8BFCC
:1099A000012395E70123F2E70124002322930B947E
:1099B0004FF0FF390022CDF820901223239287E741
:1099C00001230B93F4E7DDF88C90CDF820904B4603
:1099D0007EE70131716052007EE70227ACE7E107C4
:1099E00008D5DDE91001D6E90023FCF7E7FDCDE954
:1099F00010010137641008369FE700F0A580CAF116
:109A00000004A44BA44E04F00F0203EBC203D3E9FD
:109A10000023DDE90C01FCF7D1FDCDE9040124119F
:109A200000230227002C40F08480002B8DD10F9B57
:109A3000002B00F08B80DDE90434CDE91034DDE942
:109A40001001964B0022FDF72BF800287ED0089BD2
:109A5000002B7BD0B9F1000F38DDDDE91001904B10
:109A60000022FCF7ABFDCDE904010AF1FF38013714
:109A70004C463846FCF738FDDDE90423FCF79EFD33
:109A8000884B0022FCF7E4FBA1F15076CDE91001F0
:109A90001196002C5DD1DDE90401834B0022FCF717
:109AA000D5FB02460B46CDE90423109A3346FDF759
:109AB00015F8002840F09782DDE90401109A06F1BC
:109AC0000043FCF7EDFF002840F08B82DDE90C3409
:109AD000CDE90434179B002BC0F25181BAF10E0F6F
:109AE00000F34D816B4B03EBCA03D3E90034CDE99E
:109AF0000634239B002B80F2DB80089B002B00F3B5
:109B0000D78040F06D82684B0022DDE90601FCF74A
:109B100055FDDDE90423FCF7D7FF089C2646002805
:109B200040F04382039F312307F8013B0AF1010A09
:109B30003FE2E20705D5D6E90023FCF73FFD0137F8
:109B40000123641008366DE7022770E7089CD046B1
:109B50008FE703994F4B214412910B9903EBC403F8
:109B6000DDE9106753E90223002946D04F49002060
:109B7000FCF74EFE3B463246FCF768FBCDE9100190
:109B8000039FDDE90401FCF7C9FF0446FCF7ACFCC8
:109B900002460B46DDE90401FCF758FB303402466F
:109BA0000B46CDE9042307F8014BDDE91023FCF750
:109BB00077FF002865D1DDE9042338490020FCF750
:109BC00045FBDDE91023FCF76BFF002840F0B68071
:109BD000129B9F423FF47AAFDDE91001304B002227
:109BE000FCF7ECFC2E4BCDE910010022DDE904016D
:109BF000FCF7E4FCCDE90401C3E730463946FCF745
:109C0000DDFCCDE91001129B039C1493DDE90401F6
:109C1000FCF784FF1590FCF767FC02460B46DDE974
:109C20000401FCF713FB159B303304F8013B129B36
:109C30009C4206460F464FF0000224D11B4BDDE943
:109C40001001FCF705FB02460B4630463946FCF78F
:109C500045FF002871D1DDE9102314490020FCF7ED
:109C6000F5FA02460B4630463946FCF719FF002844
:109C70003FF42CAF149F7B1E149317F8013C302B3C
:109C8000F8D0C24649E0064BFCF798FCCDE9040148
:109C9000BCE700BF40F0020818F002080000F03FE7
:109CA0000000244000001C40000014400000E03F81
:109CB000DDE90489039FDDE9062340464946FCF7B8
:109CC000A7FDFCF72BFF0446FCF70EFCDDE906239D
:109CD000FCF774FC04F130060B4602464946404648
:109CE000FCF7B4FA07F8016B039E089BBE1BB34256
:109CF00038D102460B46FCF7ABFADDE90623804675
:109D00008946FCF7EBFE58BBDDE906234046494691
:109D1000FCF7BCFE08B1E10722D42846594600F002
:109D2000D3FA00233B70249B0AF101001860269BA4
:109D3000002B3FF4E7AC1F60E4E427463B461F4698
:109D400013F8012D392A07D1039A9A42F7D10399C2
:109D5000302208F101080A701A7801321A7090E76F
:109D6000D046EBE7A14B0022FCF728FC00220023A1
:109D700080468946FCF78AFE00289CD0CDE70B9AE6
:109D8000002A00F0CD80229A012A00F3AF80139AB6
:109D9000002A00F0A78003F233430A9C069F069A2C
:109DA0001A440692099A01211A442846099200F0A1
:109DB0002EFB0646002F0CDD099B002B09DDBB4264
:109DC000069AA8BF3B46D21A0692099AFF1AD31ADE
:109DD00009930A9BF3B10B9B002B00F0A580002C8C
:109DE00010DD31462246284600F0B6FB5A460146B1
:109DF0000646284600F014FB59468046284600F0E7
:109E000063FAC3460A9B1A1B04D05946284600F041
:109E1000A3FB83460121284600F0F9FA0E9B002B94
:109E2000044640F383801A460146284600F094FB1E
:109E3000229B012B04467CDD4FF00008236904EBD4
:109E40008303186900F095FAC0F12000099B1844BB
:109E500010F01F0000F08E80C0F12003042B40F3AF
:109E60008780C0F11C00069B03440693099B0344B2
:109E700007440993069B002B05DD59461A462846E0
:109E800000F0B8FB8346099B002B05DD21461A46EE
:109E9000284600F0AFFB04460F9B002B6CD02146F8
:109EA000584600F006FC002866DA002359460A22CC
:109EB000284600F020FA0B9B0AF1FF3A8346002B5C
:109EC00000F08B81314600230A22284600F013FA65
:109ED000B9F1000F064600F39180229B022B40F35C
:109EE0008D8051E0169BC3F1360356E7089B5C1E3C
:109EF0000A9BA342BFBF0A9B0A94E21A0E9BB6BFFD
:109F00009B181C1B0E93089BB8BF0024002BB9BFE5
:109F1000069B089A069F089BBCBF9F1A00233EE73A
:109F20000A9C069F0B9E45E70A9A6EE7229B012B2F
:109F300019DC049BBBB9059BC3F313039BB9059BB9
:109F400023F000431B0D1B0583B1069B01330693D1
:109F5000099B013309934FF001080E9B002B7FF4FE
:109F60006DAF012072E74FF00008F6E79846F4E77E
:109F700080D018461C3076E7089B002B38DC229BEB
:109F8000022B35DDDDF82090B9F1000F0DD121460F
:109F90004B460522284600F0AEF9014604465846D5
:109FA00000F087FB00283FF7BDAD239B039F6FEABE
:109FB000030A4FF000082146284600F085F9002EDC
:109FC0003FF4ABAEB8F1000F05D0B04503D0414629
:109FD000284600F079F93146284600F075F99CE6EC
:109FE00000242646E1E7C24626469BE500002440C1
:109FF0000B9BDDF82090002B00F0F680002F05DD94
:10A0000031463A46284600F0F5FA0646B8F1000F08
:10A0100055D07168284600F023F9326902320746AC
:10A02000920006F10C010C3000F00CF901223946C7
:10A03000284600F0DFFA039B01330893039B4B444F
:10A040000A93049B03F00103B04609930646089B5C
:10A050002146013B58460493FFF782FA034630330A
:10A060000690414658460B9300F023FB324681464A
:10A070002146284600F038FBC2680B9B074602BB0E
:10A080000146584600F015FB0B9B02463946284610
:10A09000CDE90B3200F018F9229B0C9A089F43EA95
:10A0A0000201099B0B430B9B0DD1392B29D0B9F130
:10A0B000000F01DD069B3133049A13707BE73046B5
:10A0C000B9E70122E2E7B9F1000F06DB229941EA84
:10A0D0000909099959EA010120D1002AECDD594604
:10A0E00001222846089300F085FA2146834600F0B5
:10A0F000E0FA0028089B02DCDED1DA07DCD5392B38
:10A10000D8D1049A392313703B461F46013B17F8F8
:10A11000012C392A50D001321A704CE7002A03DD95
:10A12000392BEED00133C7E7089A0A9902F8013CAF
:10A130008A422AD0594600230A22284600F0DBF83A
:10A14000B04583464FF000034FF00A0241462846CF
:10A1500007D100F0D0F880460646089B01330893EB
:10A1600075E700F0C8F83146804600230A222846E9
:10A1700000F0C1F80646F0E7B9F1000F039ACCBF32
:10A180004F46012717444FF0000859460122284640
:10A19000089300F02FFA2146834600F08AFA00283F
:10A1A000B2DC02D1089BDB07AED43B461F4613F856
:10A1B000012D302AFAD0FEE6039A9A42A5D10AF17F
:10A1C000010A312379E7134BFFF7BBBA269B002B1B
:10A1D0007FF493AA104BFFF7B4BAB9F1000F03DC78
:10A1E000229B022B3FF7D0AE039F21465846FFF734
:10A1F000B7F900F1300307F8013B039ABA1A914509
:10A20000BADD594600230A22284600F074F8834636
:10A21000EBE700BF9E1B030805F0020800487047EB
:10A220002C030020024B0146186800F07FBB00BFE2
:10A23000D8010020024B0146186800F029BB00BF7E
:10A24000D80100200A44914200F1FF3300D1704749
:10A2500010B511F8014B03F8014F9142F9D110BD2F
:10A2600070B5466A04460D463EB91020FFF7DAFF86
:10A27000C0E9016660620660C660666AF36883B121
:10A28000636ADB6853F82500B8B9012101FA05F6C5
:10A29000721D9200204600F0ECFA60B1C0E9015650
:10A2A0000EE021220421204600F0E3FA636AF06008
:10A2B000DB68002BE4D1002070BD026843F8252044
:10A2C0000023C0E90333F7E770B5466A05460C463C
:10A2D0003EB91020FFF7A6FFC0E90166686206607C
:10A2E000C6603CB16B6A6268DB6853F8221021607B
:10A2F00043F8224070BD2DE9F0410E6907469846AB
:10A300000C4601F1140000230568A9B202FB01818B
:10A310004FEA114C2D0C02FB05C589B2013301EB4C
:10A3200005419E4240F8041B4FEA1548ECDCB8F1A9
:10A33000000F1BD0A368B34212DC616838460131BC
:10A34000FFF78EFF2269023204F10C0105469200EC
:10A350000C30FFF777FF21463846FFF7B5FF2C4654
:10A3600004EB86030136C3F8148026612046BDE85D
:10A37000F081020C12040346CAB90304102013F042
:10A380007F4F04BF1B02083013F0704F04BF1B0146
:10A39000043013F0404F04BF9B000230002B05DB5C
:10A3A00013F0804F00F1010008BF2020704700200B
:10A3B000E5E70368024613F007000BD0D90722D463
:10A3C000980749BF5B089B08012013605CBF1360BE
:10A3D0000220704799B209B91B0C102013F0FF0F2F
:10A3E00004BF1B0A0830190704BF1B090430990772
:10A3F00004BF9B080230D90703D45B0800F10100B9
:10A4000003D013607047002070472020704710B5BC
:10A410000C460121FFF724FF01224461026110BDB7
:10A420002DE9F04F15460A692B699A42B8BF0B46D1
:10A430000C46BCBF2C461D462769D5F81090A36872
:10A44000616807EB0906B342B8BF013185B0FFF779
:10A4500007FF00F1140101EB86080B46002243457B
:10A460001DD304F1140305F1140203EB870702EB7B
:10A47000890302933B1B153B23F00303043304F1D0
:10A480001505AF4238BF04230193029B0392934208
:10A4900008D8002E5ADC066105B0BDE8F08F43F8FD
:10A4A000042BDCE7B2F800A0BAF1000F24D004F1CD
:10A4B000140E89464FF0000C5EF8045BD9F800B02A
:10A4C000ABB21FFA8BFB0AFB03B34FEA154BD9F86B
:10A4D000005063444FEA154C0AFB0BC505EB1345CE
:10A4E0009BB243EA0543774549F8043B4FEA154CD4
:10A4F000E2D8019B41F803C0039BB3F802900432F9
:10A50000B9F1000F20D00B6804F1140C8E464FF007
:10A51000000ABCF80050BEF802B009FB05B5AA4419
:10A520009BB243EA0A434EF8043B5CF8043BBEF896
:10A5300000501B0C09FB035303EB1A4367454FEA1A
:10A54000134AE6D8019D4B5104319EE758F8043D6B
:10A55000002BA0D1013E9CE72DE9F843154612F0EF
:10A56000030206460F4607D0214C013A002354F857
:10A570002220FFF7C0FE0746AD1035D0746A3CB903
:10A580001020FFF74FFEC0E9014470620460C46010
:10A59000D6F82480D8F808404CB940F271213046F2
:10A5A000FFF735FF0023C8F80800044603604FF0AA
:10A5B0000009EB070AD5394622463046FFF730FF3F
:10A5C000394680463046FFF77FFE47466D100BD078
:10A5D000206838B9224621463046FFF721FF206027
:10A5E000C0F800900446E4E73846BDE8F88300BFB1
:10A5F00008F102082DE9F0470C464968236903EB8E
:10A600006218A368074691464FEA621A08F10106EC
:10A61000B3423FDB3846FFF723FE0023054600F137
:10A62000140100F110021846534536DB20692AEA6E
:10A63000EA7A04F1140319F01F0901EB8A0103EB14
:10A64000800C2ED0C9F1200E8A460022186800FA2C
:10A6500009F002434AF8042B53F8042B9C4522FAD4
:10A660000EF2F3D8ACEB0403153B23F003030433E1
:10A6700004F11500604588BF0423CA500AB108F1EF
:10A680000206013E38462E612146FFF71DFE284690
:10A69000BDE8F08701315B00BAE742F8040F0133EF
:10A6A000C2E7043953F8042B41F8042F9C45F9D82C
:10A6B000E7E70A6903460069801A30B50DD1143303
:10A6C000143103EB820401EB820154F8045D51F86C
:10A6D000042D954202D004D3012030BDA342F4D30F
:10A6E000FBE74FF0FF30F8E72DE9F84F0C46064640
:10A6F000114620461746FFF7DCFF051E08D1294604
:10A700003046FFF7ADFD0123C0E90435BDE8F88F01
:10A71000A4BF3B46274630467968A6BF1C460025A5
:10A720000125FFF79DFD3E69C560256907F114010C
:10A7300004F1140900F1140E07F1100201EB860C6C
:10A7400009EB8505F246002759F8043B52F804BF8F
:10A750001FFA83F817FA8BF71B0CA7EB0808C3EB5B
:10A760001B4303EB28431FFA88F81F144D4548EAA2
:10A7700003434AF8043BE7D82B1B153B23F00303A4
:10A7800004331534A54238BF0423194473449E464C
:10A790000D4665450ED30CF10302521A22F0030256
:10A7A00003398C4538BF00221A4452F8043D7BB16E
:10A7B0000661ABE755F8048B17FA88F4221402EB14
:10A7C0001842A4B244EA02444EF8044B1714E0E7DE
:10A7D000013EEAE72DE9F34101211C46DDE9086568
:10A7E0009046FFF73DFDC4F31303C4F30A54074634
:10A7F0002CBB0193B8F1000326D068460093FFF705
:10A80000D8FD0099F0B1019AC0F1200302FA03F3D8
:10A810000B43C2407B610192019BBB61002B14BFC3
:10A82000022101213961C4B1A4F233440444C0F1CE
:10A83000350034602860384602B0BDE8F08143F44A
:10A840008013D6E77961E7E701A8FFF7B2FD019B26
:10A850007B61012139612030E5E707EB8103A0F23C
:10A86000324030601869FFF784FDC0EB4111296068
:10A87000E1E738B502FB01F5294600F057F8044638
:10A8800018B12A460021FEF7E7F9204638BD00003E
:10A8900038B50546002945D051F8043C0C1F002B63
:10A8A000B8BFE41800F034FA1F4A1368104633B9F1
:10A8B000636014602846BDE8384000F02FBAA34218
:10A8C0000BD921686218934204BF1A685B68636001
:10A8D00004BF521822600460ECE71A465B680BB1B3
:10A8E000A342FAD911685018A0420BD12068014444
:10A8F000501883421160DDD118685B6853600144D1
:10A900001160D7E702D90C232B60D3E72068211808
:10A910008B4204BF19685B68636004BF091821603B
:10A920005460C7E738BD00BFE01F0020F8B5CD1C5C
:10A9300025F0030508350C2D38BF0C25002D0646E3
:10A9400001DBA94203D90C2333600020F8BD00F0DD
:10A95000DFF921490A6814469CB9204F3B6823B9A6
:10A960002146304600F098F938602946304600F01C
:10A9700093F9431C23D10C233360304600F0CEF909
:10A98000E3E723685B1B17D40B2B03D923601C441C
:10A99000256004E06368A2420CBF0B605360304640
:10A9A00000F0BCF904F10B00231D20F00700C21ACF
:10A9B000CCD01B1AA350C9E722466468CCE7C41C5C
:10A9C00024F00304A042E3D0211A304600F064F9D9
:10A9D0000130DDD1CFE700BFE01F0020E41F0020E1
:10A9E0002DE9F0478E689E4282460C4690461F46EF
:10A9F00038D88A8912F4906F32D025680969A5EB9E
:10AA00000109656905EB450505EBD57501334B4437
:10AA10006D109D4238BF1D46530531D52946FFF7BD
:10AA200085FF064650B90C23CAF80030A38943F0CD
:10AA30004003A3814FF0FF30BDE8F08721694A460B
:10AA4000FFF700FCA38923F4906343F08003A38104
:10AA5000266165614E44A5EB09052660A5603E466A
:10AA6000BE4200D93E4632462068414600F036F9E3
:10AA7000A36822689B1B3244A36022600020DBE7AE
:10AA80002A4600F051F906460028E1D121695046D6
:10AA9000FFF7FEFEC7E700002DE9F04F98468B89CF
:10AAA0001B069DB007460D4614460ED50B6963B9CB
:10AAB0004021FFF73BFF2860286120B90C233B6051
:10AAC0004FF0FF30D1E040236B6100230993202336
:10AAD0008DF82930CDF80C803023DFF8A8818DF86F
:10AAE0002A304FF0010923469A4613F8012B0AB188
:10AAF000252AF9D1BAEB040B0BD05B462246294636
:10AB00003846FFF76DFF013000F0AA80099A5A44D9
:10AB100009929AF80030002B00F0A28000234FF039
:10AB2000FF32CDE905230AF1010A049307938DF85A
:10AB300053301A935446052214F8011B5148FBF771
:10AB400027FB049AD8B9D00644BF20238DF8533090
:10AB5000110744BF2B238DF853309AF800302A2B6D
:10AB600015D0079A544600204FF00A0C214611F8E0
:10AB7000013B303B092B4ED9B0B1079214E0A0EB5A
:10AB8000080309FA03F313430493A246D2E7039B95
:10AB9000191D1B680391002BBBBF5B4242F00202F0
:10ABA00007930793B8BF049223782E2B0CD16378B8
:10ABB0002A2B35D1039B1A1D1B680392002BB8BFAB
:10ABC0004FF0FF3302340593DFF8C8A02178032249
:10ABD0005046FBF7DDFA40B14023A0EB0A0003FA30
:10ABE00000F0049B03430134049314F8011B26482E
:10ABF0008DF828100622FBF7CBFA002838D0234B1B
:10AC00001BBB039B073323F0070308330393099B04
:10AC10003344099367E70CFB02320C460120A5E799
:10AC200000230134059319464FF00A0C204610F812
:10AC3000012B303A092A03D9002BC5D00591C3E76F
:10AC40000CFB012104460123F0E703AB00932A46E5
:10AC50000F4B04A93846FEF7A5F8421C0646D6D18C
:10AC6000AB895B063FF52CAF09981DB0BDE8F08FAE
:10AC700003AB00932A46064B04A93846FEF72AFB8D
:10AC8000EBE700BF14F102081EF10208A58D0008D1
:10AC9000E1A900081AF1020838B5064D0023044660
:10ACA00008462B6000F07EF8431C02D12B6803B1EC
:10ACB000236038BDB879002082B001B901A942B142
:10ACC0004BB113780B601278101E18BF012002B030
:10ACD00070471046FBE76FF00100F8E7884210B5B7
:10ACE00001EB020402D98442234607D8431EA14245
:10ACF00008D011F8012B03F8012FF8E702440146B0
:10AD00008A4200D110BD13F8014D02F8014DF7E75A
:10AD1000014800F03CB800BFC0790020014800F0B5
:10AD200037B800BFC0790020F8B5074614460E4674
:10AD300021B9BDE8F8401146FFF7F8BD22B9FFF789
:10AD4000A7FD25462846F8BD00F023F8A0420FD203
:10AD500021463846FFF7EAFD05460028F2D0314685
:10AD60002246FFF76FFA31463846FFF791FDE9E7D3
:10AD70003546E7E70346084641B1FF2A04D98A224F
:10AD80001A604FF0FF3070470A700120704770471B
:10AD9000704751F8043C181F002BBCBF0B58C0185B
:10ADA00070470000044A05491368002B08BF0B4692
:10ADB0001844106018467047E81F002028970020AC
:10ADC0000D4885461FF0FCFF0C480D490D4A002335
:10ADD00002E0D458C4500433C4188C42F9D30A4A50
:10ADE0000A4C002301E013600432A242FBD3FDF7BA
:10ADF0000FFFFDF76BFDFEE700FC002000000020C8
:10AE0000880F0020A0230308880F00202897002027
:10AE100000F05AB80368074A934206D1DA69D206AD
:10AE200006D510221A6201F047BB034A9342F5D0BF
:10AE3000704700BF00800040003801404FF0B04331
:10AE40004FF0FF319A6B9963DA6BD9639A6B0022EA
:10AE50009A63D86BDA63186C1964186C1A64586CAE
:10AE60005964586C5A64986A9962986A9A62D86A66
:10AE7000D962D86ADA62186B1963196B1A635A6C53
:10AE800042F001025A645A6C22F001025A64D3F86B
:10AE9000902042F48032C3F89020D3F8902022F41E
:10AEA0008032C3F89020BFF34F8F0549054BCA6825
:10AEB00002F4E0621343CB60BFF34F8F00BFFDE7A6
:10AEC00000ED00E00400FA054FF0B0434FF0FF3111
:10AED0009A6B9963DA6BD9639A6B00229A63D86B89
:10AEE000DA63186C1964186C1A64586C5964586CDD
:10AEF0005A64986A9962986A9A62D86AD962D86ADA
:10AF0000DA62186B1963196B1A635A6C42F001020A
:10AF10005A645A6C22F001025A64D3F8902042F429
:10AF20008032C3F89020D3F8902022F48032C3F806
:10AF30009020FEE7FEE7FEE7FEE7704770470CF063
:10AF400017BA000001480EF0CBBE00BFF87B00200E
:10AF500001480FF0D6BE00BFAC79002001480FF0C9
:10AF600087B800BFF87B002001480DF0F9BF00BF93
:10AF7000E07F002001480DF0F3BF00BF307C0020CF
:10AF800001480DF0EDBF00BF907C002001480DF09E
:10AF9000E7BF00BFF07E002010B5044C20460FF044
:10AFA000DBFF2046BDE81040FFF734BF507F002094
:10AFB000704701200EF05CB902200EF059B9042050
:10AFC0000EF056B908200EF053B910200EF050B90B
:10AFD0000E4BDA68920602D520200EF049B9DA68E5
:10AFE000500601D54020F8E7DA68110601D5802027
:10AFF000F3E7DA68D20502D54FF48070EDE7DB683D
:10B000009B0502D54FF40070E7E770470008005831
:10B01000134BDA68510503D54FF480600EF028B960
:10B02000DA68120502D54FF40060F7E7DA68D00459
:10B0300002D54FF48050F1E7DA68910402D54FF45D
:10B040000050EBE7DA68520402D54FF48040E5E7A0
:10B05000DB681B0402D54FF40040DFE7704700BFF8
:10B060000008005810B5044C20460FF075FF20462C
:10B07000BDE81040FFF7CEBE607E002001480DF015
:10B080003BBB00BFEC7A00204FF0B04382B0DA6CDB
:10B090000243DA64DB6C18400190019B02B07047F8
:10B0A0001FB514284FF00003CDE902330C460CD82D
:10B0B000092812D90A380A280FD8DFE800F07B0ED9
:10B0C0000E0E0E820E0E74116D00FE2800F08380AD
:10B0D000FF2800F08280FD287AD06FF0030059E04D
:10B0E0003F4A404B0193137843F0010313703E48ED
:10B0F0003E4A4FF00043C0E900233D4B04221B6849
:10B100008360426100230122C2614FF48051062214
:10B110000383C0E90333C0E90933C0E90C12837625
:10B1200080F8203080F82C30836380F83C30C36492
:10B130000CF06AF908B100F037FF2B480CF00CFD59
:10B1400008B100F031FF0023274801A9CDE90233FF
:10B150000CF0DCFA08B100F027FF23480CF030FCBB
:10B1600008B100F021FF0A211F480CF071FA1E48B7
:10B170000CF0D4FC1C480CF0C6FA1E4B019A80B2AD
:10B180009A42208004BF00EB4000208016480CF05B
:10B1900079FC002004B010BD114A174B01931378BD
:10B1A00043F00203A2E70E4A144B0193137843F0D5
:10B1B00004039BE70A4A124B0193137843F00803F8
:10B1C00094E7074A0F4B0193137843F010038DE780
:10B1D0000D4B01938BE70D4BFBE7064BF9E700BFE7
:10B1E000EC1F002004000008C87900200024014062
:10B1F000A8030020004000B80800000C1000001058
:10B20000400000180008002C001000B0002000B41E
:10B2100070477047014B1878704700BFAD0300209E
:10B22000014B1878704700BFAC03002010B50446EE
:10B2300086B01422002101A8FDF70EFD22685E4BA6
:10B240009A4240F08E804FF0B0435C4C1A6E42F44C
:10B2500000721A661B6E03F400730093009B237840
:10B26000DA0708D5132000F079FAB0F1904F7AD1BF
:10B270000120FFF709FF23789B0708D5142000F071
:10B280006DFAB0F1904F76D10120FFF7FDFE2378E3
:10B29000580708D5122000F061FAB0F1904F72D132
:10B2A0000120FFF7F1FE2378190708D50A2000F0E6
:10B2B00055FAB0F1904F6ED10120FFF7E5FE2378EB
:10B2C000DA0608D50F2000F049FAB0F1904F6AD1A4
:10B2D0000120FFF7D9FE00234FF0030CCDE902C394
:10B2E0002378DB0709D5132000F03DFA01901320E5
:10B2F00000F034FA01A90DF08FFE2378980709D5E4
:10B30000142000F030FA0190142000F027FA01A96F
:10B310000DF082FE2378590709D5122000F023FA98
:10B320000190122000F01AFA01A90DF075FE2378A1
:10B330001A0709D50A2000F016FA01900A2000F039
:10B340000DFA01A90DF068FE2378DB0609D50F2060
:10B3500000F009FA01900F2000F000FA01A90DF0A9
:10B360005BFE06B010BD132000F0F8F9144B9842B4
:10B3700081D102207DE7142000F0F0F9104B9842B3
:10B3800085D1022081E7122000F0E8F90C4B9842A9
:10B3900089D1022085E70A2000F0E0F9084B9842A5
:10B3A0008DD1022089E70F2000F0D8F9044B984294
:10B3B00091D102208DE700BF00240140EC1F002046
:10B3C0000004004838B50268324B9A4260D14FF011
:10B3D000B042314C136E23F4007313662378DD07FB
:10B3E0000ED5132000F0BAF90546132000F0BBF982
:10B3F000014628460DF0BCFE237823F0010323709C
:10B40000237898070ED5142000F0A8F905461420DB
:10B4100000F0A9F9014628460DF0AAFE237823F092
:10B4200002032370237859070ED5122000F096F9F5
:10B430000546122000F097F9014628460DF098FEC7
:10B44000237823F00403237023781A070ED50A20EB
:10B4500000F084F905460A2000F085F901462846E7
:10B460000DF086FE237823F0080323702378DB0693
:10B470000ED50F2000F072F905460F2000F073F989
:10B48000014628460DF074FE237823F01003237044
:10B4900038BD00BF00240140EC1F00200A4B00F122
:10B4A0001002C1781970817859704178997010F83C
:10B4B000041BD970904203F10403F2D1034B102214
:10B4C0001A800020704700BFF01F0020AE0300204C
:10B4D0002DE9F04F3B4EDFF8F4C085B002AF0446D3
:10B4E00090469A46384AF26000233046C6E900C3C7
:10B4F000C6E909333D8ED7F834B0B360894673612D
:10B50000F3620CF021FD304A7A6008B100F04CFD86
:10B510002C480CF03CFD08B100F046FD2B480422FD
:10B52000C6E900020022B260002C39D17461002209
:10B530007B682448F3600121C6E90912F2620CF02D
:10B5400003FD08B100F030FD2B071DBF25F00F04EF
:10B550001034A4B22C46A300073323F00703ADEB4D
:10B56000030D02AE224600213046FDF775FB2A4648
:10B5700051463046FEF766FEFF23009311485B46B6
:10B5800022463146B9F1000F14D10CF057FF70B9C3
:10B590000C480CF0FCFC80B90C37BD46BDE8F08FC0
:10B5A000012C0CBF20224022C6E90482BFE76FF0C5
:10B5B0000600F1E70CF0D0FFE9E700F0F5FC002011
:10B5C000EAE700BFEC7A00200020002000180058B5
:10B5D00021F00803102B01D0202911D10A4B00F1D2
:10B5E0001002C1781970817859704178997010F8FB
:10B5F000041BD970904203F10403F2D1002070477C
:10B600006FF01F00704700BF0020002007B5CDE994
:10B6100000120022034611461046FFF759FF03B0FF
:10B620005DF804FB70B586B004460D461646002151
:10B63000102202A8FDF710FB074B08491A8802A840
:10B64000FEF700FECDE90056234602AA00210120A4
:10B65000FFF73EFF06B070BDAE030020F01F0020D4
:10B6600070B586B004460D4616460021102202A889
:10B67000FDF7F2FA074B08491A8802A8FEF7E2FD27
:10B680000121CDE90056234602AA0846FFF720FF14
:10B6900006B070BDAE030020F01F002008B5FFF714
:10B6A00097FFC0B208BD08B510230A461946FFF738
:10B6B000ADFFC0B208BD70B51446054618460E462B
:10B6C000FFF7ECFE23019BB2324619462846FFF7EE
:10B6D000A9FFC0B270BD70B51446054618460E46A7
:10B6E000FFF7DCFE23019BB2324619462846FFF7DE
:10B6F000B7FFC0B270BD0000034B00221A70034BAD
:10B7000001221A70704700BF60950020E495002068
:10B71000024B53F8203003B118477047102800201F
:10B72000002201230342D1B202F101020DD02F29E0
:10B730000ED8084B084800221A70082300F8313050
:10B7400000EBC10041600BF059BD5B009BB2E9E723
:10B75000704700BF6095002090270020000900F589
:10B7600090108002704700F00F030120984080B2D3
:10B77000704700002F2870B503461CD8142444439A
:10B780000D4A03F00F060125B54015511019022589
:10B7900000240129C0E9024501D1416001E00029EE
:10B7A000FBD01846FFF7DAFF1421BDE8704001FB1B
:10B7B00003210DF031BC70BD102000202F2800D9CE
:10B7C0007047034B142202FB00304068704700BFF3
:10B7D000102000202F2870B504460D4624D8FFF70E
:10B7E000BDFF012304F00F0103FA01F106460DF03D
:10B7F000BFFC0E4A142325B903FB042302219960E0
:10B8000004E0012D0AD103FB04239D60142101FBF8
:10B8100004213046BDE870400DF0FEBB022DF5D18D
:10B8200003FB04230021EAE770BD00BF10200020C5
:10B830002F2808B50A46034615D851B9FFF78EFFE1
:10B84000012103F00F03994089B2BDE808400DF0D3
:10B8500009BD012907D1FFF781FF03F00F0301FAAA
:10B8600003F399B2F1E708BD2F2808B5014600D9C6
:10B8700008BDFFF773FF012301F00F0103FA01F187
:10B8800089B20DF0E9FC003818BF0120F0E7000094
:10B890002F28F8B5054600F28280414E142242431B
:10B8A00000F00F040123B018A340B35003294FF058
:10B8B0000202C2602DD801292ED94FF488124260AD
:10B8C0002846FFF74BFFC76893FAA3F2B2FA82F259
:10B8D000510003228A403A4093FAA3F3B3FA83F368
:10B8E0005B0022FA03F3012B4FF014021ED0022B4F
:10B8F0001CD0142101FB05610DF08EFBD4B906208C
:10B90000224602210CF086F90620BDE8F8400CF032
:10B91000B3B90439012906D9142202FB05624FF498
:10B9200044115160CCE74FF40412C8E702FB0562F2
:10B930009360DEE7012C06D10720002202210CF0E3
:10B9400069F90720E1E7022C06D1082000222146F0
:10B950000CF060F90820D8E7032C06D1092000225A
:10B9600002210CF057F90920CFE7042C06D10A2058
:10B97000002202210CF04EF90A20C6E7053C042CF7
:10B980004FF000024FF0020104D816200CF042F9EB
:10B990001620BAE729200CF03DF92920B5E7F8BDBB
:10B9A00010200020044B00F00F0053F820200AB9AB
:10B9B00043F8201000207047102800202DE9F8439C
:10B9C000174E184D184FDFF86480DFF8649000249C
:10B9D0000F2C05DDA4F11203052B01D91C2C15D168
:10B9E00057F8243093B973682B60B3686B60F368C1
:10B9F000AB603369EB602B7C43B198F800102046B4
:10BA0000FFF746FF49462046FFF7CCFF0134302CB4
:10BA100006F1140605F11405DAD1BDE8F88300BF7C
:10BA200010200020D023002010280020B003002088
:10BA3000F9B60008F8B5124E124D134F00240F2C22
:10BA400005DDA4F11203052B01D91C2C10D157F8E8
:10BA500024306BB933686B607368AB60B368EB60BC
:10BA60002046F3682B61FFF779FE29460DF0D4FAE2
:10BA70000134302C06F1140605F11405DFD1F8BDB0
:10BA8000D0230020102000201028002000B58DB009
:10BA90002C22002101A8FDF7DFF81748174B03609F
:10BAA0004FF080420023C0E90433C0E907238360DC
:10BAB00083614FF4807343620EF090F908B100F097
:10BAC00073FA0D480EF0AEFA08B100F06DFA4FF0BF
:10BAD0007C5300220793084808924FF4807301A911
:10BAE000029206920B930EF0D5F908B100F05CFAC1
:10BAF00000200DB05DF804FBF87B0020002800401A
:10BB000007B5074B0DF106001B699847BDF80630D5
:10BB10004FF47A7202FB0030002103B05DF804FBA1
:10BB200090EE02087047704708B50A480EF0EAFB2D
:10BB3000002211460C200CF06DF80C200CF09CF843
:10BB400000220D2011460CF065F8BDE808400D20DC
:10BB50000CF092B8B403002011B9074B596101E011
:10BB60000129FAD012B9044B1A617047012AFCD19D
:10BB7000014B0222F8E700BFB403002010B50C46C9
:10BB80000DF0C4FCB0FBF4F1FF290F4B02D93822B1
:10BB9000DA6110BD7F2901D93022F9E73F2901D9A7
:10BBA0002822F5E71F2901D92022F1E70F2901D921
:10BBB0001822EDE7072901D91022E9E703298CBFF4
:10BBC00008220022E4E700BFB40300200029034B51
:10BBD00014BF002280221A62704700BFB403002005
:10BBE000032810B5044604D8FFF79EFF014B01223D
:10BBF0001A5510BDD0280020032810B5044605D8DA
:10BC000003480EF006FC034B00221A5510BD00BF7E
:10BC1000B4030020D02800202DE9F047DDE908A674
:10BC200030460D4691469846FFF7C8FD012803D0DF
:10BC300001213046FFF79EFD3046FFF715FE044612
:10BC400020B100213046FFF7F3FD01240C4F0D48D1
:10BC50000023D1453B6029468CBF1FFA89F31FFAA8
:10BC60008AF342460EF0ECFB45B23B68002BFCD059
:10BC70001CB101213046FFF7DBFD2846BDE8F08707
:10BC8000D4280020B40300207047000038B5054DCB
:10BC9000002415F8013B0BB1FFF746FF0134042CDB
:10BCA000F7D138BDD0280020014B01221A6070471F
:10BCB000D4280020014B02221A607047D4280020AB
:10BCC00070B50D46144606460BF088FB30600BF04D
:10BCD0008BFB28600BF08EFB206070BDBFF34F8F95
:10BCE0000549064BCA6802F4E0621343CB60BFF318
:10BCF0004F8F00BFFDE700BF00ED00E00400FA0534
:10BD000072B6EFF3108303607047036883F3108803
:10BD100062B670477047000008B5044811F086FF0E
:10BD2000002814BF6FF00600002008BDD8280020AE
:10BD3000084A0346002108481170042200F8332005
:10BD4000064A00EBC3000C2101FB032343600BF008
:10BD500055BA00BF60950020182900207C290020DA
:10BD6000084A0346002108481170052200F83320D4
:10BD7000064A00EBC3000C2101FB032343600BF0D8
:10BD80003DBA00BF60950020F02800204029002027
:10BD900083680BB1406818477047003818BF01200E
:10BDA000704711F0D7BE000037B503460C2410468B
:10BDB0000E4A5C431519042B135598BF0C4AA96011
:10BDC00094BF52F823400024FFF7E7FF4FF0FF3104
:10BDD000024600932046074B11F0C6FE002814BF10
:10BDE0006FF00600002003B030BD00BF7C290020AA
:10BDF0002CF2020831BD0008042898BF0D4B70B525
:10BE000098BF53F820400C4D4FF00C0303FB00F398
:10BE100005EB030688BF0024E8547260204611F049
:10BE20008FFF18B9204611F051FF08B16FF00600DE
:10BE300070BD00BF2CF202087C290020042898BFA6
:10BE40000B4A08B5034698BF52F82000094A4FF044
:10BE50000C0101FB03234FF0000288BF00205A6051
:10BE600011F0E4FE002814BF6FF00600002008BDAA
:10BE70002CF202087C29002037B503460C2410461A
:10BE80000E4A5C431519042B135598BF0C4AA96040
:10BE900094BF52F823400024FFF77FFF4FF0FF319B
:10BEA000024600932046074B11F05EFE002814BFA7
:10BEB0006FF00600002003B030BD00BF4029002015
:10BEC00040F2020861BD0008042898BF0D4B70B510
:10BED00098BF53F820400C4D4FF00C0303FB00F3C8
:10BEE00005EB030688BF0024E8547260204611F079
:10BEF00027FF18B9204611F0E9FE08B16FF00600DF
:10BF000070BD00BF40F2020840290020042898BFFD
:10BF10000B4A08B5034698BF52F82000094A4FF073
:10BF20000C0101FB03234FF0000288BF00205A6080
:10BF300011F07CFE002814BF6FF00600002008BD41
:10BF400040F2020840290020BFF34F8F0549064BFD
:10BF5000CA6802F4E0621343CB60BFF34F8F00BFA7
:10BF6000FDE700BF00ED00E00400FA054FF0B0432C
:10BF700082B09A6C02439A649B6C18400190019BBA
:10BF800002B0704710B5064C0649802220460FF0DB
:10BF90000FFD2268136843F01003136010BD00BF4B
:10BFA000607E0020E07D002008B5FFF7CDFF000097
:10BFB000012810B50BD1094C0949802220460FF009
:10BFC000F7FC2268136843F01003136010BD0228C9
:10BFD000FCD1BDE81040FFF7D5BF00BF507F002067
:10BFE000418000202DE9F04385B0012B9DF83050B1
:10BFF0009DF8348014BF00274FF40057012D0446EC
:10C000000E463DD0032D3ED0002D3FD00025013AF5
:10C01000D2B2022A3CD8614B53F82290012C69D14C
:10C020000420FFF7A3FF2046FFF7A0FF00221146E0
:10C030000E200BF0EFFD0E200BF01EFE584B594862
:10C0400083F80180584B0561C0E900360C240023B9
:10C05000C0E90297C0E90543C0E907334362B8F17C
:10C06000000F1BD0B8F1020F01BF082383624FF409
:10C07000004383634B480FF015FCA0B1FFF764FF4A
:10C080004FF4C065C3E74FF48065C0E7022A02D0D1
:10C090004FF00009C2E74FF08059BFE7C0F8288091
:10C0A0000FF0D0FBE9E700213E480FF05DFD0146AF
:10C0B0000028E3D13B480FF07BFD0028DED1394852
:10C0C0000FF037FD0028D9D10120FFF771FF4FF4A1
:10C0D0004013019A3348009319460FF0B7FC00282B
:10C0E000CCD14FF0B042936843F40043936005B065
:10C0F000BDE8F083022CFAD1294B2C4C83F8028046
:10C100000420FFF733FF0120FFF730FF0022114624
:10C110000B200BF07FFD0B200BF0AEFD244B2561B7
:10C12000C4E900360C2200232046C4E90297C4E982
:10C130000523C4E90833A36263660FF083FB01465D
:10C1400000289BD120460FF00FFD0146002895D115
:10C1500020460FF02DFD002890D120460FF0E9FC7D
:10C1600000288BD1FFF70EFF4FF44013029304AB6E
:10C1700013E9060020460FF069FC00287FF47EAF2B
:10C180000C4AD2F8803043F08053C2F880302268E5
:10C19000936843F480039360A3E700BF54F202085E
:10C1A000F02D0020507F002000380140607E0020EC
:10C1B00000800040000800582DE9F7439DF82890C2
:10C1C0009DF82C40CDE9009416461D4680460F464A
:10C1D0000C24FFF707FF074B04FB08F01C18012293
:10C1E0001A5467602672657284F80A9003B0BDE83D
:10C1F000F08300BFCC2D0020022810B5044605D1E5
:10C2000007480EF00FFE28B1FFF79EFE012801D16E
:10C210000448F6E70C20044B444300221A5510BD95
:10C22000607E0020507F0020CC2D00200128F8B532
:10C2300005460E461F462BD194B2184A5278013A51
:10C24000012A17D816480FF04EF8224614483B46EC
:10C2500031460FF067FA044611480FF06AF884B9C6
:10C26000104B1B680BB90020F8BD214628469847A3
:10C270002046F9E70A4822460FF054FA04460028FF
:10C28000F6D0022C14BF6FF006006FF00500EBE74C
:10C290000228E8D1044892B2EEE700BFF02D00205A
:10C2A000507F0020BC290020607E0020012802D1A0
:10C2B000044800F05DBA022801D10348F9E76FF0A5
:10C2C00006007047180400202C040020012807B540
:10C2D0000AD10A480DF1070100F087FA50B16FF05A
:10C2E000060003B05DF804FB0228F8D104480DF104
:10C2F0000701F1E79DF80700F3E700BF18040020ED
:10C300002C04002070470000012802D1044800F0EE
:10C31000D3B9022801D10348F9E76FF0060070474E
:10C32000180400202C040020F8B5224D224F0024D0
:10C330000C23224A63439B5CCBB1022C1BD1204EC1
:10C340003368DA69D103FCD4DA695202FCD51C489F
:10C350000FF0C3FB33681A4810221A621A6822F0E1
:10C3600010021A600EF07CFDF06F0CF0EFFC01344F
:10C37000032CDDD1F8BD012CF9D108232B624FF439
:10C3800080132B6255E8003F43F0020345E800327A
:10C39000002AF7D157E8003F43F4800347E8003212
:10C3A000002AF7D1074AD2F8803043F08063C2F800
:10C3B0008030DCE70038014008380140CC2D0020F7
:10C3C000607E00200008005873B50B4C0B4E4FF0F8
:10C3D000FF35012D0BD923784BB133780193A37A24
:10C3E0000093227A637A61680020FFF7FBFD013534
:10C3F000022DEED102B070BDCC2D0020F02D00201A
:10C4000002681D4B9A4270B5044615D10EF028FD06
:10C410001A4E002516F8011B022001350AF010FE05
:10C42000802DF7D1154916482A4600F054F91349D2
:10C430002A4620460FF0BCFA2268124B9A4216D1C7
:10C4400020460EF00DFD104E002516F8011B0120B0
:10C4500001350AF0F5FD802DF7D10B490B482A462E
:10C4600000F039F908492A4620460FF0A1FABDE844
:10C47000704007480AF0C2BE00800040E07D002006
:10C480002C040020003801404180002018040020C6
:10C49000C42D00200268054B9A4205D1044B1B684D
:10C4A00013B1012108461847704700BF003801400A
:10C4B000BC29002070470000F8B502682E4B9A4254
:10C4C00004461DD10EF0CCFC2C4B2D4F1B685D6833
:10C4D000C5F18005ADB20026B5423FDC28492948A8
:10C4E0002A4600F0F8F88022254920460FF060FA2D
:10C4F000254B1A78012A03D100221A700AF05AFB40
:10C500002268224B9A4224D120460EF0A9FC204BEF
:10C51000204F1B685D68C5F18005ADB20026B542AD
:10C5200023DC1C491C482A4600F0D5F88022194912
:10C5300020460FF03DFA144B1A78012A03D100224D
:10C540001A700AF037FB154B1B6813B1012108461E
:10C550009847BDE8F84012480AF050BE17F8011B92
:10C5600002200AF06DFD0136B6E717F8011B012025
:10C570000AF066FD0136D2E700800040E07F00202F
:10C58000E07D00202C040020B82900200038014064
:10C59000F07E00204180002018040020BC290020EB
:10C5A000C42D002073B5314B00261E7003685A6AF3
:10C5B0008DF807202E4A9342054619D12D482E4C5E
:10C5C0000FF0A1FA2D4926621523C4E90013204675
:10C5D0008023C4E90266C4E90436C4E906660CF0A7
:10C5E00043FB08B1FFF7B0FCEC67A562FFF7CAFC9C
:10C5F0002A68234B9A421AD12248234C0FF083FA1F
:10C60000224A1123C4E90023204600238022C4E9E2
:10C610000233C4E90423C4E9063323620CF024FB8B
:10C620000028DFD1EC670120A562FFF7C1FC2C6870
:10C630000F4B9C420DD19DF8071002200AF000FD1F
:10C640002B68A34205D1124801220DF1070100F029
:10C6500042F810480AF0D2FD0F4B1A781AB901229D
:10C660001A700AF09FFA02B070BD00BF60950020FA
:10C6700000800040607E0020E07F00200800024033
:10C6800000380140507F0020F07E0020440002402E
:10C690002C040020C42D0020B829002008B5026811
:10C6A000044B9A4205D10EF06AFEBDE80840FFF740
:10C6B00069BC08BD00800040C26803699A4282BF1D
:10C6C00040681B180133981A704708B54168FFF796
:10C6D000F3FF081A08BD2DE9F743044601A81646E2
:10C6E00088460AF095FD2046FFF7EFFF864228BFF7
:10C6F00006462046FFF7E9FFE3682569A268AB42DA
:10C700009CBF636801335D1B814623682069AE428C
:10C7100002FB003013D872434146FDF793FD2369B5
:10C7200062683344934296BF236900239B192361B7
:10C7300001A80AF06FFD304603B0BDE8F08305FBA9
:10C7400002F73A464146FDF77DFDA2682068751B59
:10C750006A4308EB0701FDF775FD4E452561E7D9F2
:10C7600023696268934234BF01330023E360DFE74B
:10C770002DE9F341044601A8164688460AF048FD13
:10C780002046FFF799FFE768E5682369A2682168FA
:10C79000864228BF06469D4284BF636801335D1B05
:10C7A000AE4202FB071110D872434046FDF74AFD26
:10C7B00062683744974288BF0027E76001A80AF003
:10C7C00029FD304602B0BDE8F08105FB02F73A468C
:10C7D0004046FDF737FDA2682168751B6A4308EBE8
:10C7E0000700FDF72FFDE560E8E703460846D96836
:10C7F0001A69914210B523D09A68DC681968531EF3
:10C80000072B18D8DFE803F00408170C17171710C8
:10C810000B5D0370002010BD31F814300380F9E780
:10C8200051F824300360F5E701EBC401D1E900239E
:10C83000C0E90023EEE704FB0211FDF703FDE9E781
:10C840006FF00E00E7E70FB400B5ADF5037D08F01B
:10C8500001FFC0B2012808D185AA8499019202A8DB
:10C8600021F0AEF902A80AF065FA0DF5037D5DF836
:10C8700004EB04B0704708F0E1BE08B508F0EAFE2A
:10C88000C0B208BD7FB5092301A88DF8043013F0AC
:10C8900021FF003818BF0120404207B05DF804FBBB
:10C8A000034B53F82030986800B10047704700BF31
:10C8B000C880002038B50C4D002455F8043BE4B284
:10C8C0005BB11B694BB12046FFF7EAFF28B100F0CE
:10C8D0000DF855F8043C1B6998470134E3B2042B6A
:10C8E00064B2EAD138BD00BFC880002070B5324DB7
:10C8F0008AB0342368468DF8003013F007F92B888E
:10C900001BB9002420460AB070BD019E13F080F8C8
:10C9100002460028F5D12C8814F0010404D03821F7
:10C92000304600F04BF804462B889A0706D538228B
:10C930002021B01800F042F8204484B22B885B0715
:10C9400007D558224FF4C271B01800F037F82044D0
:10C9500084B22B88180708D54FF4EE724FF4D071CB
:10C96000B01800F02BF8204484B22B88D90607D5E4
:10C970004FF45F721421B01800F020F8204484B204
:10C980002B889A0608D54FF464724FF46171B01881
:10C9900000F014F8204484B22B885B0607D540F2DF
:10C9A00014721821B01800F009F8204484B2002352
:10C9B0002B8013F023F8A5E7F42D00201346024640
:10C9C00003F1006010B500F578300C4609F0D0FF97
:10C9D00000280CBF2046002010BD000008B5034809
:10C9E0000AF00CFC024B00221A7008BD5004002013
:10C9F0006095002030B58BB00446342368468DF82E
:10CA0000003013F083F814B3019D13F001F8F0B96E
:10CA1000E30702D5284609F021F9A00703D505F15F
:10CA2000380009F037F9610703D505F1580009F01E
:10CA30004FF9220703D505F5EE7009F063F9A30657
:10CA400003D505F5647009F077F912F0D7FF0BB044
:10CA500030BD10B512F0DCFF0128044604D030B917
:10CA60000AF0F6FB204610BD6FF00500FBE76FF003
:10CA70000600F8E770B50C46064611F019FA0025D5
:10CA8000043CA9B2A14205F1010503D3BDE8704001
:10CA900011F02CBA0122314411F00EFAF1E72DE920
:10CAA000F0438BB0342368468DF8003013F02EF835
:10CAB000019E09F0EBF8054609F006F9044609F075
:10CAC0001DF9814609F034F9804609F04BF9382107
:10CAD00007462846FFF7CEFF6B6B984209D12B46DD
:10CAE000324605F1380153F8040B42F8040B8B422F
:10CAF000F9D120212046FFF7BDFFE36998420AD112
:10CB0000234606F1380204F1200153F8040B42F8E1
:10CB1000040B8B42F9D14FF4C2714846FFF7AAFFCC
:10CB2000D9F88031984206D14FF4C272494606F1D5
:10CB30005800FDF787FB4FF4D0714046FFF79AFF8E
:10CB4000D8F89C31984206D14FF4D072414606F590
:10CB5000EE70FDF777FB00233A1D06F56576F95870
:10CB600009B1D158F1500C33B3F5587FF7D10BB060
:10CB7000BDE8F08338B50B78013B044615461848EC
:10CB8000082B28D8DFE803F0052727271B232727B2
:10CB90001F000AF0CFF813480AF0CCF812480AF048
:10CBA000C9F8124B124853F824100AF0C3F80B2CA2
:10CBB00015D129460F48BDE838400AF0BBB80AF045
:10CBC000B9F80D48E8E70AF0B5F80C48E4E70AF0D0
:10CBD000B1F80B48E0E70AF0ADF80A48DCE738BDE9
:10CBE00060F2020896F20208CBF2020830FA02085C
:10CBF000D4F30208E6F3020800F3020835F3020852
:10CC00006AF302089FF3020838B50B78012B04463B
:10CC1000154607D0032B1CD003BB13480AF08AF833
:10CC2000124803E010480AF085F811480AF082F82B
:10CC300010480AF07FF8104B104853F824100AF0FF
:10CC400079F80B2C0FD129460D48BDE838400AF081
:10CC500071B805480AF06EF80A48E7E702480AF09A
:10CC600069F80948E2E738BDFEF3020869F40208F2
:10CC700034F40208CBF2020830FA0208D4F30208B6
:10CC8000E6F302089EF40208D3F4020870B5474E9A
:10CC90008AB00446042556F8043B1BB11B6A0BB14D
:10CCA00020469847013D15F0FF05F4D123780A2B63
:10CCB0000FD00E2B0BD13E480AF03CF83D4B8DF8BF
:10CCC000005068461D708DF8045013F06BF80AB0E0
:10CCD00070BD63780D2B63D137480AF02BF8354BC4
:10CCE0001A78042A1BD0022628461E700AF0B0FAD1
:10CCF00032492A4628460AF0A7FAB8B920F06AFD58
:10CD0000434203F01F0300F01F004FF47A7158BF35
:10CD1000584200FB0111324628460AF097FAA37DDB
:10CD2000032B1FD8DFE803F00B24272A4FF43F71B1
:10CD3000234809F0FFFF28460AF08AFAEFE7214A64
:10CD400000231380237E617E1B0243EA0143E17DC1
:10CD50000B435360E37E217F1B0243EA0143A17E24
:10CD60000B439360D4E90101174B83E80300AEE75E
:10CD7000144A0123E5E7134A0223E2E7237E617E9A
:10CD8000104A1B0243EA0143E17D0B43D360E37E7B
:10CD9000217F1B0243EA0143A17E0B431361E1E7BC
:10CDA0000E2BDFD1094809F0C5FFDBE7C880002062
:10CDB00008F50208542F002013F50208A5D5000835
:10CDC00020F50208382F00204C2F002030F50208F3
:10CDD00008F076BC08F098BC08F00EBD704708F06B
:10CDE00069BD072801D808F06BBD6FF002007047DD
:10CDF00008F072BD08F076BD014B1878704700BF8F
:10CE00005B30002008F02CBC7FB5054608F028FCFC
:10CE1000431EDBB2012B044603D900F0FD03082BAF
:10CE20001DD101A808F02EFC002201A91346012003
:10CE300011F8016B1EB100FA02F633439BB20132C6
:10CE40000C2AF5D104F0FD02082A01D0012C02D1F0
:10CE500023F480739BB22B80002004B070BD6FF070
:10CE60000200FAE72DE9F0418EB080460F4608F047
:10CE7000F7FB4B4B0093431EDBB2002401AE012BAA
:10CE8000C6E901440546019404D900F0FD03082BCE
:10CE900040F08380FFF7DDFD0446002872D1B8F82A
:10CEA00000302BB9012D51D140F2FF13A8F800300A
:10CEB00000230193C6E90133B8F8000040FA03F1FA
:10CEC000C907DAB210D50DF1380C02F0FE0102F0FC
:10CED000010261440CEB420231F834CC32F8382CB8
:10CEE00042EA0C0221F8342C01330C2BE6D105F078
:10CEF000FD03082B01D0012D0FD1BDF80C3000220D
:10CF000003F47F43ADF80C3011464FF0010CD5B25D
:10CF1000072D27D909B1ADF80C30232304A88DF8CB
:10CF20001030059612F03EFF054660B9242304A890
:10CF30008DF81030059612F035FF08F02FFFE0B99C
:10CF400012F05CFD10B36FF006041BE005F0FD036A
:10CF5000082B04BFFF23A8F80030022DA8D140F60B
:10CF6000FF73A3E740FA02F5ED0741BF0CFA02F1A7
:10CF70000B439BB201210132C9E7284608F014FF98
:10CF80000028DDD020460EB0BDE8F081002FF9D09A
:10CF9000304608F083FB0446F4E76FF00204F1E743
:10CFA000FF0000FF08B508F0A9FCC0B208BD0228C8
:10CFB00008B503D808F0A8FC002008BD6FF00600F3
:10CFC000FBE708F0ADBC00B58BB0012368468DF8D7
:10CFD000003012F09BFD38B99DF80400003818BFEE
:10CFE00001200BB05DF804FB0020FAE730B58BB0F0
:10CFF00005460C4608F094FC28B92146284608F05E
:10D00000AFFB0BB030BD0F2C02D86FF00600F8E775
:10D01000FFF7D9FF30B9014610222846FBF71CFE66
:10D020000020EEE70F2368468DF8003012F06EFD09
:10D030000028EAD1019B03F1100253F8041B45F8C4
:10D04000041B9342F9D1EBE730B58BB004460D4693
:10D0500008F066FC28B92946204608F0ADFB0BB065
:10D0600030BD032D02D86FF00600F8E7FFF7ABFFE5
:10D0700008B92060F3E7072368468DF8003012F006
:10D0800045FD0028EFD1019B1BBA2360E7E730B5CF
:10D090008BB004460D4608F043FC28B929462046CB
:10D0A00008F0CEFB0BB030BD032D02D86FF00600A8
:10D0B000F8E7FFF788FF08B92060F3E70623684622
:10D0C0008DF8003012F022FD0028EFD1019B236083
:10D0D000E8E730B58BB005460C4608F021FC28B9CE
:10D0E0002146284608F0BAFB0BB030BD0F2C02D801
:10D0F0006FF00600F8E7FFF766FF30B9014610222F
:10D100002846FBF7A9FD0020EEE70E2368468DF8C0
:10D11000003012F0FBFC0028EAD1019B03F1100261
:10D1200053F8041B45F8041B9342F9D1EBE708F0D0
:10D1300009BC08F019BC08B508F052FF003818BF48
:10D14000012008BD38B50C46054614F049FA24B153
:10D150002846BDE8384008F037BF204638BD00B546
:10D160008BB02D2368468DF8003012F0CFFC9DF86F
:10D1700004000BB05DF804FB08F02CBC08F03CBCCC
:10D1800008F05EBC00B58BB008F0CAFB01280DD1D9
:10D19000FFF719FF50B1272368468DF8003012F0D1
:10D1A000B5FC00B901980BB05DF804FB08F05AFC1F
:10D1B000F9E708F069BC08F079BC08F09BBC08F0FE
:10D1C0009FBC1FB52E238DF8083008F049FA02A93C
:10D1D00016F0E7FC05B05DF804FB1FB530238DF8B1
:10D1E000083008F03DFA02A916F0DBFC05B05DF846
:10D1F00004FB0000014B1868704700BF4C2F002053
:10D20000014BB3F9000070477C310020014B93F9CA
:10D21000000070479031002010B590B0044605A87A
:10D2200010F07CFB059807A9123810F0FDFB0C9B51
:10D23000094903F26C7303930A9B02930B9B01331E
:10D240000193079B00932046DDE90832FCF768F95B
:10D25000002010B010BD00BF3DF5020800B58BB036
:10D260001F2368468DF8003012F050FC18B9019861
:10D270000BB05DF804FB6FF00600F9E700B58BB06A
:10D280001F2368468DF8003012F040FC20B99DF84D
:10D2900008000BB05DF804FBF920FAE708F018BCB1
:10D2A000022801D808F01ABC6FF002007047000095
:10D2B0002DE9F04F9DB00C4604A981E80C009DF8C3
:10D2C000113003939DF810B09DF813A0064608F0A6
:10D2D0005DFB8046FFF777FE0746002800F02E81B1
:10D2E00011F0B2FD054610B16FF00500B0E0984BAB
:10D2F0001A789946002A40F0AE8008F035FB0228E3
:10D3000040F0AF8000238DF84C0012A88DF8483013
:10D3100012F048FD8DF82E8008F0DAFB60B108F0BD
:10D32000D7FB012802D10020FFF7BAFF052312A87E
:10D330008DF8483013F0CEF9864B1B78012B05D1C0
:10D34000092312A88DF8483013F0C4F907A9E0B2F8
:10D3500012F07CFB8046FFF790FA60B19DF81C301C
:10D360009DF81D207C497D4851F82810D21A009262
:10D37000224609F0DFFCB8F1000F00F09180002395
:10D380008DF820300A93ADF82C3099F8003053B95D
:10D39000734B039A1E60734B1C60734B83F800B091
:10D3A00083F803A05A7008A814F056F86F4B0C9A33
:10D3B0001A600446FFF761FA002840D0342312A80F
:10D3C0008DF8483012F0A2FB12A812F09FFB002843
:10D3D00035D1674F139B3A7893F8586065484FF002
:10D3E0000C0808FB0232D2F8901309F0A3FC012EBE
:10D3F000139B3A4601D0082E75D11278D3F8C43069
:10D400005D4902F0070201FB02315C4809F092FC21
:10D41000139B5B48D3F8C41009F08CFC139B59484C
:10D4200093F9491009F086FC139B574893F948106B
:10D4300009F080FC139B5548D96809F07BFC002C4F
:10D440006FD1002D7DD0524B1B78002B62D1002074
:10D450001DB0BDE8F08F08F03FFA01287FF44DAF12
:10D4600042E708F081FA01287FF454AF494B1B785A
:10D470007BB1022B7FF44EAF002009F0E9FE0C23B4
:10D480008DF8343008F036FB00F007008DF83800D6
:10D4900002E009238DF834300DA813F01BF939E7A9
:10D4A000039B3B4D8DF824B0ADF82C400A9683B118
:10D4B0009DF812302B70BAF1000F0ED09DF8143089
:10D4C0007BB900238DF82030334B00221A703D4683
:10D4D0005BE708F0EFF92870EDE708F0FDF90028A8
:10D4E000EFD00123EEE7022E397809D13020B1FBCD
:10D4F000F0F200FB1211CAB2D3F8C430274982E718
:10D5000008FB0133D3F8941300297FF47EAFD3F8DE
:10D5100090137AE708F0E0F9012898D189F8000023
:10D5200095E7A4F10E03DBB2012B7FF6DDAE0B2CE9
:10D530000AD10C991A4809F0FDFBD5E66FF00B00F3
:10D5400086E76FF0020083E76FF0060080E700BF18
:10D55000F72D00209131002030FA02085FF5020813
:10D56000F82D0020042E0020FC2D0020FC2E002091
:10D57000D8800020B4F50208C0270900B1F50208E0
:10D58000C3F50208D5F50208EBF5020800F602081B
:10D59000F62D0020542F00205B300020400D0300AA
:10D5A0000CF602081FB50021054B0293009104AB55
:10D5B00013E90C000348FFF77BFE05B05DF804FBA0
:10D5C000010103002CFC02082DE9F04F43788DB0D7
:10D5D0000446002B40F0AF80B0F90E007B4F7C4E2C
:10D5E000237C388040B2337001F0F6FB237B002BA4
:10D5F0003BD0607C7749B7F9002051F8201096F9AC
:10D6000000307548DFF83892DFF838A209F092FB55
:10D61000A378012B0CBF7148714809F08BFBE178AE
:10D62000704809F087FB4FF000085FFA88FB584606
:10D6300007F0AEFE054640B9227BEBB29A4200F2FB
:10D64000AB805146584609F03FFB08F10108B8F19C
:10D65000030FEAD1227BA1686348FCF7F3FD634B1B
:10D66000227B1A70624BE2781A706379012B00F00A
:10D670009B802378012B02D10120FFF793FF5D4BA4
:10D680001A782AB3DFF8C09100221A7099F8003096
:10D69000F3B996F90030584DDFF8B08100932A783D
:10D6A000B7F9003098F80010544809F043FB544B88
:10D6B0001B686BB1534899F80020027098F800205D
:10D6C00042702A7882703A888280327882719847D4
:10D6D000E278E02A11D04C4B1B6873B14B480270C2
:10D6E00022794270A2684260227B0272E289428102
:10D6F000227C0273626902619847454E042556F800
:10D70000043B1BB19B690BB120469847013D15F0C6
:10D71000FF05F4D13F4890F8023163B180F802511F
:10D720008DF80B508DF809500095DDE90223B0F813
:10D730000011FFF7BDFDFFF7A0F850B3342302A896
:10D740008DF8083012F0E2F902A812F0DFF9002893
:10D7500038D1637C73BB304809F0ECFAA1692F48DB
:10D7600009F0E8FAE1782E4809F0E4FAB4F90E106D
:10D770002C4809F0DFFA94F910102B4809F0DAFA76
:10D7800021792A4809F0D6FA039B2948996909F0BA
:10D79000D1FA0DB0BDE8F08FA2684946D25C584678
:10D7A00009F092FA013547E708F0DEF800287FF427
:10D7B00060AF61E7012B01D11E48CDE7022BCDD12F
:10D7C0001D48C9E71D4809F0B5FAE2E77C310020A1
:10D7D00090310020B0FA020824F6020835F602085B
:10D7E00040F6020891FB02085C3000205C3100200A
:10D7F0005D31002066310020302F00204EF60208F7
:10D80000803100205E31002084310020683100200A
:10D81000C8800020562F00206DF60208CAF60208C4
:10D82000DCF60208E6F60208F0F60208F9F602084D
:10D8300009F702088AF60208A7F6020817F7020895
:10D8400049F602082AFC020867310020FA2E00205F
:10D85000F7B54178044621BB0379264A1370237833
:10D86000012B3DD12679244DEEB1244809F062FA0E
:10D87000234B1B680BB16078984700232B70002066
:10D8800001F03EFC1F4E042556F8043B1BB15B69BA
:10D890000BB120469847013D15F0FF05F4D103B0C8
:10D8A000F0BD0023D9E7184809F044FA174B2F7848
:10D8B0001B782E70BB420CD3154B164916480096A8
:10D8C0001A6809681B7900680137FFF7F1FC2F70AF
:10D8D000D5E70B4B1B68002BD1D060789847CEE77B
:10D8E000074B1B680BB1084698470C4809F022FA11
:10D8F000C5E700BF5B300020F72D00203BF7020892
:10D9000088310020C880002054F70208F62D00203E
:10D91000FC2D0020042E0020F82D002075F70208B1
:10D92000014B1878704700BF9131002010B50446B4
:10D93000FFF749FB28B1012C06D8054B00201C70CD
:10D9400010BD6FF00B00FBE76FF00200F8E700BFBF
:10D950009131002008F0E0B808F0F0B808F000B904
:10D9600008F010B970B5094E3478944228BF1446B7
:10D970000546224608460649FCF764FC054B1A7822
:10D980002A7000221A703270204670BD5C3100206F
:10D990005C3000205D31002070B5044D0646044621
:10D9A0000FCD0FC42B682360304670BD382F002088
:10D9B000F0B591B0002603ACC4E9016605460396B4
:10D9C00007F04EFE431EDBB2012B0AD9082808D00F
:10D9D00005286BD00A2804D06FF00604204611B049
:10D9E000F0BD15BB2046ADF8185007F04BFE0028DF
:10D9F000F2D1BDF818302A46012114F8010B20B1EC
:10DA000001FA05F213439BB2012201350C2DF4D12A
:10DA10000AB1ADF81830002106A8FFF723FA044632
:10DA20000028D9D108F0C0F9D8E71A2301A98DF848
:10DA3000043016F0B6F81E230090C6B206A88DF882
:10DA4000183012F063F8079B0022A3F10C010C20A0
:10DA5000D3B29E4204D8B3425AD16FF00204BDE75C
:10DA6000013200FB02F7CF59AF42F1D11A0910A9D8
:10DA700001EB420203F00F03012101FA03F322F844
:10DA8000343C06A823238DF81830079412F08AF945
:10DA90000028A1D1242306A807948DF8183012F08D
:10DAA00081F90446002897D12846BBE7D5B907235A
:10DAB000ADF80C3006A823238DF81830079412F027
:10DAC00071F9002888D1242306A88DF8183007940E
:10DAD00012F068F900287FF47FAF284608F064F957
:10DAE00004467BE71E2306A88DF8183012F00EF8C6
:10DAF000079933460C2000FB03F28A58AA4203D14F
:10DB0000012202FA03F3D3E70133042BF3D1A4E794
:10DB1000002463E708B507F0A3FD431EDBB2012B29
:10DB200003D900F0FD00082803D1BDE8084008F043
:10DB300035B96FF0060008BD08B5FFF7EBFF0246E8
:10DB400058B1064B064900209A4208BF042003F54D
:10DB5000C31303F520638B42F6D108BDC0AFD235A5
:10DB6000C0FF953608B5FFF7D5FF024658B1064B02
:10DB7000064900209A4208BF062003F5C31303F5A7
:10DB800020638B42F6D108BD6086973660D65A373F
:10DB9000FFF7C0BFFFF7BEBF014B18600020704702
:10DBA00084310020014B186000207047C4800020A1
:10DBB000014B18600020704788310020014B187815
:10DBC000704700BF542F002038B50D46044610B1F1
:10DBD0004FF0FF3038BD1EF057F80028F8D0084B42
:10DBE00008491860084B4362084B8362084BC362C4
:10DBF000084B0363F2224368284698472046E9E72A
:10DC0000C8800020082E002009CC000875CB000831
:10DC100025E3000885C8000800B58BB030238DF8D7
:10DC2000003068461923019312F0BCF80BB05DF880
:10DC300004FB07F0B9BF07F0BDBF07F0C7BF07F08F
:10DC4000CBBF07F0D5BF07F0D9BF07F0E9BF10B5CC
:10DC5000044620B10120BDE8104007F0EDBF08F0F8
:10DC600025FA2046F7E710B5044615F090FF40B9B5
:10DC700014B1143C022C04D8BDE81040002015F06B
:10DC800086BF10BD30B58BB00D46044607F0E8FCEA
:10DC9000FFF7E9FFA0B1032368468DF80030019437
:10DCA00012F080F838B101280CBF6FF005006FF05A
:10DCB00006000BB030BD2946204607F00FFDF8E7FF
:10DCC0006FF01000F5E730B58BB00D46044607F055
:10DCD000C7FCFFF7C8FFE8B1082368468DF800309D
:10DCE000019412F05FF838B101280CBF6FF0050005
:10DCF0006FF006000BB030BD092368468DF8003088
:10DD0000019412F04FF80028EED12946204607F082
:10DD10000DFDEFE76FF01000ECE730B58BB00D466E
:10DD2000044607F09DFCFFF79EFFA0B10F23684655
:10DD30008DF80030019412F035F838B101280CBF8D
:10DD40006FF005006FF006000BB030BD294620468D
:10DD500007F018FDF8E76FF01000F5E730B58BB06D
:10DD60000D46044607F07CFCFFF77DFFB0B10723AA
:10DD70008DF80030236868461BBA019312F012F840
:10DD800038B101280CBF6FF005006FF006000BB032
:10DD900030BD2946204607F01DFDF8E76FF0100062
:10DDA000F5E730B58BB00D46044607F059FCFFF798
:10DDB0005AFFC8B107F0A2FDC0B201280FD102235B
:10DDC00068468DF80030019411F0ECFF38B101285D
:10DDD0000CBF6FF005006FF006000BB030BD294698
:10DDE000204607F017FDF8E76FF01000F5E730B5B3
:10DDF0008BB00D46044607F033FCFFF734FF30B319
:10DE00000C2368468DF80030019411F0CBFF38B137
:10DE100001280CBF6FF005006FF006000BB030BD9D
:10DE20000D2368468DF80030019411F0BBFF0028E7
:10DE3000EED10E2368468DF80030019411F0B2FF48
:10DE40000028E5D12946204607F01AFDE6E76FF0E5
:10DE50001000E3E72DE9F04395B004460D469046E7
:10DE60001F4607F05DFD611C064629D16A1C0AD0D9
:10DE7000003D18BF012507F061FE854203D028460A
:10DE800007F062FE50BBB8F1FF3F07D007F068FE15
:10DE9000804503D0404607F069FEF8B97B1C07D0E7
:10DEA00007F070FE874203D0384607F071FEA8B92C
:10DEB000BCB9204609F0CCF9754B1C6000200DE080
:10DEC000B4F1000918BF4FF0010907F025FE8145A4
:10DED000CCD0484607F026FE0028C7D015B0BDE8D4
:10DEE000F08307F0BDFBFFF7BEFE002800F0CD80F9
:10DEF000012E40F097808DF8006007F047FD022367
:10DF00008DF8050068468DF8043012F0E3FB614B94
:10DF1000049A1A600446002855D107F025FD01280F
:10DF200008BF5D4B0AA808BF1C7034238DF8283049
:10DF300011F0ECFD0B9B9888FFF787FEFEF79DFC28
:10DF40000028CBD034230AA88DF8283011F0DEFD4C
:10DF50000AA811F0DBFD0028B0D1504D0B9B2A78A8
:10DF600093F858404E480C2606FB0232D2F8901324
:10DF700008F0E0FE012C0B9B2A4601D0082C6ED144
:10DF80001278D3F8C430474902F0070201FB02318E
:10DF9000454808F0CFFE0B9B4448D3F8C41008F066
:10DFA000C9FE0B9B424893F9491008F0C3FE0B9B36
:10DFB000404893F9481008F0BDFE0B9B3E48D968D5
:10DFC00008F0B8FE7AE7012812D00B282BD1304D8B
:10DFD000002009F03DF92C6801342C6007F0D2FDD7
:10DFE000844208D900232B600499344808F0A2FE2B
:10DFF0006FF0050072E700223149104609F024F95C
:10E00000044648B907F0ACFD4FF47A71414322460B
:10E01000204609F01BF9E7E740F2EF71294808F0C4
:10E0200089FEE1E716B16FF0060057E70123684665
:10E030008DF800308DF8043011F0B4FE0028F2D1D4
:10E0400007F092FC022807D18DF8040068468DF88D
:10E05000006011F0A7FE71E707F086FC6EE7022C66
:10E06000297809D13020B1FBF0F200FB1211CAB2BD
:10E07000D3F8C430144989E706FB0133D3F894136D
:10E08000002985D1D3F8901382E76FF0100025E7BF
:10E09000342F0020FC2E0020542F0020D880002098
:10E0A000B4F50208C0270900B1F50208C3F502085B
:10E0B000D5F50208EBF5020800F602080CF6020896
:10E0C000CDE0000884F70208400D03004FF0FF3355
:10E0D0001A4619460120FFF7BDBE30B58BB00C467D
:10E0E000054607F0BDFAFFF7BEFD88B10523684677
:10E0F0008DF800308DF8045011F054FE03280AD03A
:10E1000001280BD06CB1284607F022FC0BB030BDC3
:10E110006FF01000FAE76FF00200F7E76FF005000C
:10E12000F4E72046F2E7000030B58BB00C46054618
:10E1300007F096FAFFF797FD00283AD0FEF743FF65
:10E14000B8B1002368468DF8003011F0DFFC10B143
:10E150006FF0060011E09DF80430012B1CD0022B5B
:10E1600022D0002BF4D1012D09D0022D0BD0002D8F
:10E17000EED10CB3284607F0FDFB0BB030BD0F4BC2
:10E1800000221A70F5E702238DF80430684611F07A
:10E1900009FE0028EDD0DBE7012DF7D0022DF2D0EB
:10E1A000002DD5D10023EFE7012DE8D0022DF7D1C6
:10E1B000DFE76FF01000E0E72046DEE7542F002095
:10E1C00030B58FB00D46044607F04AFAFFF74BFD15
:10E1D000002800F0A48007F0A3FBA04204D01CB9E3
:10E1E00007F0BAF8FEF75BFC01238DF81030002C25
:10E1F0004DD18DF8143004A811F0D4FD00284AD177
:10E20000002C53D11021684607F0AAFA0F2304A866
:10E210008DF81030CDF814D011F0C4FD00283AD19B
:10E220000421684607F0C8FA07238DF81030009BD8
:10E2300004A81BBA059311F0B5FD60BB1021684618
:10E2400007F00CFB0C2304A88DF81030CDF814D087
:10E2500011F0A8FDF8B90D2304A88DF81030CDF801
:10E2600014D011F09FFDB0B90E2304A88DF8103022
:10E27000CDF814D011F096FD68B907F075FB214672
:10E28000FFF752FF48B9002D45D1284605E004A804
:10E2900011F03CFC18B16FF006000FB030BD9DF8D6
:10E2A0001430012B08BF8DF81400A4E7082168463C
:10E2B00007F0A2FA022304A88DF81030CDF814D08C
:10E2C00011F070FD0028E6D10821684607F0F8F942
:10E2D000032304A88DF81030CDF814D011F062FD9E
:10E2E0000028D8D11021684607F00EFA082304A8A8
:10E2F0008DF81030CDF814D011F054FD0028CAD19B
:10E30000092304A88DF81030CDF814D011F04AFD7F
:10E310000028B8D0BFE7204607F008FBBDE76FF044
:10E320001000BAE710B5012100B10846FFF748FF19
:10E330004FF0FF33BDE810401A4619460120FFF7A1
:10E3400089BD000030B58BB00C46054607F088F952
:10E35000FFF789FCB8B12D2368468DF800308DF8A1
:10E36000045011F01FFD38B9094B9D6074B1284667
:10E3700007F012FB0BB030BD03280CBF6FF002009A
:10E380006FF00600F6E76FF01000F3E72046F1E7C4
:10E3900074040020F0B58B4E8BB00446042556F86B
:10E3A000043B1BB1DB690BB120469847013D15F0DA
:10E3B000FF05F4D12378013B0B2B4AD8DFE813F09B
:10E3C0000C00490049004900D200490049004900B9
:10E3D0008C004900F300BA0065787B4E7B4F002D1E
:10E3E00039D17B4808F0A6FC284608F031FF35609B
:10E3F00007F0BAFA02280AD18DF8040068468DF8B1
:10E40000005011F0CFFC10B1724808F093FC3B684B
:10E410000BB10020984707F0B9FA0021FFF792FFEF
:10E4200007F0A2FAFEF729FA98B1342368468DF86E
:10E43000003011F06BFB684611F068FB002847D1F3
:10E44000654808F077FC019B6448D3F8E41008F0B5
:10E4500071FC0BB0F0BD022D1CD0EB1E012B1BD8A4
:10E460005F4808F067FC002008F0F2FE35680135CF
:10E47000356007F087FB854213D9002333603B6882
:10E4800023B158486378436008F0B8FE564BDB6A06
:10E490009847C5E75548E4E72946554808F04AFC3F
:10E4A000E1E700225349104608F0CEFE054648B980
:10E4B00007F056FB4FF47A7141432A46284608F08C
:10E4C000C5FEDCE740F23B21494808F033FCD6E7C3
:10E4D000494808F02FFCBCE7484B66781D781C467D
:10E4E000DEB9012D09D1464808F024FC454B1B68D4
:10E4F0000BB1304698470023237007F035FA012806
:10E50000A7D1414B1A78042AA3D018700B23684670
:10E510008DF8003012F0DEF89BE7012D99D13B48D1
:10E5200008F008FC374B1B680BB1284698470023BE
:10E5300023708EE76378002B8BD1334A8DF800303F
:10E5400004210123684611708DF8043011F02AFC73
:10E5500000287FF47EAF2E4808F0ECFB0220FFF786
:10E5600021F876E72B4B01221A702B4B227A1A7076
:10E570002A4B627A1A706378294C2370002B3FF47F
:10E5800068AF284808F0D6FB274B1A68002A3FF4EA
:10E5900060AF264823780370002343708370838024
:10E5A0008371904755E76378002B3FF452AF2048C2
:10E5B00008F0C0FB144B1A78042A1CBF03221A70FF
:10E5C0000923A4E7C8800020342F0020C480002045
:10E5D0009AF70208A8F70208F9F702080FF80208EC
:10E5E000BDF7020858040020A41C0308DBF702084A
:10E5F00084F70208CDE0000817F7020891310020E7
:10E600001EF802088C310020542F002030F8020838
:10E6100046F8020866310020FA2E0020302F002034
:10E620006731002051F80208803100205E3100205F
:10E6300030F5020830B58BB00C46054607F010F8EF
:10E64000FFF711FB68B1292368468DF8003001956A
:10E6500011F0A8FB40B954B1284607F0C1F90BB03E
:10E6600030BD6FF01000FAE76FF00600F7E72046C4
:10E67000F5E730B58BB00C46054606F0F1FFFFF725
:10E68000F2FA68B12A2368468DF80030019511F03E
:10E6900089FB40B954B1284607F0B4F90BB030BD3E
:10E6A0006FF01000FAE76FF00600F7E72046F5E795
:10E6B00030B58BB00C46054606F0D2FFFFF7D3FA13
:10E6C00070B11D2368468DF800308DF8045011F0AC
:10E6D00069FB40B954B1284607F0B8F90BB030BD1A
:10E6E0006FF01000FAE76FF00600F7E72046F5E755
:10E6F00070B58AB00C46054606F0B2FFFFF7B3FAD4
:10E7000000B3272368468DF80030019511F04AFBCD
:10E7100018B16FF006000AB070BD282305F57A76AF
:10E7200068468DF80030019611F03CFB0028F0D1CE
:10E730005CB1304607F0AEF90028ECD1284607F06E
:10E7400097F9E8E76FF01000E5E72046E3E770B5DA
:10E750008AB00C46054606F083FFFFF784FA00B343
:10E76000282368468DF80030019511F01BFB18B185
:10E770006FF006000AB070BD2723A5F57A766846CB
:10E780008DF80030019611F00DFB0028F0D15CB13E
:10E79000304607F06DF90028ECD1284607F07AF9E9
:10E7A000E8E76FF01000E5E72046E3E770B58AB0D0
:10E7B0000C46054606F054FFFFF755FAC8B12E2364
:10E7C0006EB268468DF800308DF8046011F0EAFAF8
:10E7D00040B90A4B83F8246074B1284607F06CF9FD
:10E7E0000AB070BD03280CBF6FF002006FF0060086
:10E7F000F6E76FF01000F3E72046F1E7740400201D
:10E8000030B58BB00C46054606F02AFFFFF72BFA11
:10E8100088B11F2368468DF8003011F077F968B988
:10E820006846019511F0BEFA58B96CB1284607F058
:10E83000F5F80BB030BD6FF01000FAE76FF006008E
:10E84000F7E76FF00200F4E72046F2E770B58AB010
:10E850000C46054606F004FFFFF705FA08B31F262D
:10E8600068468DF8006011F051F9B8B92123684667
:10E870008DF800308DF8085011F094FA68468DF844
:10E8800000608DF8085011F08DFA28B964B128465F
:10E8900007F094F80AB070BD032807D06FF00600A7
:10E8A000F8E76FF01000F5E72046F3E76FF002009D
:10E8B000F0E70000F0B58FB00546F9F711FE07F05C
:10E8C0001DF8C0B2012829D001F018FC002407F07F
:10E8D0004BF8022805D007F023F810B1994BDB6AFA
:10E8E000984707F00BF8C0B2012814D19CB907F083
:10E8F00025F980B107F010F9054607F01FF9064623
:10E9000007F02EF9074607F03DF93A46034631462F
:10E910002846FFF79FFA20460FB0F0BDCDB915F09D
:10E9200011FC8948894B0360894B4360894B8A49B4
:10E9300083608A4BC3600023C1E90033884B8B603E
:10E940002A46884BCB6010F07DFE88B16FF006043C
:10E95000BDE7142D04D1022015F0F4FB0025E0E7FB
:10E96000152D01D10320F7E7162DDAD10420F3E7A6
:10E970007D4B01221A7035238DF8103004A87B4B93
:10E98000059311F00FFA0028E0D16B1E012B03D97B
:10E9900005F0FD03082B29D1002301A8ADF80230B2
:10E9A00006F070FE0446002891D1BDF8023001AA9D
:10E9B0000146012412F8016B26B104FA00F10B4361
:10E9C0009BB2012101300C28F4D109B1ADF802301D
:10E9D000FFF7A0F80146002800F09480FFF79AF8AE
:10E9E000FEF7E6FF044600287FF471AF052D00F026
:10E9F0008E8006F095FF0021FFF7E2FB0446002819
:10EA00007FF465AF00F056FD044600287FF45FAF49
:10EA100006F0AAFF2146FFF787FB044600287FF493
:10EA200056AF06F08FFF2146FFF757FB044600283C
:10EA30007FF44DAF06F0AAFF2146FFF783FC0446A2
:10EA400000287FF444AF06F0B3FF2146FFF7FEFE37
:10EA5000044600287FF43BAF06F0ECFF2146FFF7A9
:10EA6000CFFE06F0B7FF2146FFF7E4FD044600287D
:10EA70007FF42DAF06F0E4FF2146FFF719FE0446B0
:10EA800000287FF424AF06F0EDFF2146FFF730FEAB
:10EA9000044600287FF41BAF07F008F82146FFF773
:10EAA00085FE044600287FF412AF07F099FA12F0B1
:10EAB00097FD342304A88DF8103011F027F8059D38
:10EAC00007F0A8F8A88007F0C3F8003818BF0120A5
:10EAD00085F8AF0106F024FF054628B3244816F058
:10EAE000B9FD24481AF062FFFFF796F810F086FF90
:10EAF00000287FF42BAF2049FFF766F800283FF489
:10EB0000E6AE23E70DF10200FEF7ACF96AE7FFF786
:10EB100001F800283FF46DAF0020FEF749FF0446DE
:10EB200000283FF466AFD2E6FDF7B9FF06F00AFF12
:10EB30000028D3D006F02AFF2946FFF703FC00285F
:10EB4000CCD0C4E6A41C0308202F002051D8000814
:10EB5000C9D5000895E30008102F00208DCC0008CF
:10EB6000F5C90008DDC900085A3000200003000183
:10EB70004004002048040020002F002038B506F093
:10EB8000BDFEC0B2012809D007F092FCD8B11E49E1
:10EB90001E4808F0CFF86FF0060412E006F060FDA2
:10EBA000A0F11403DBB2022B054698BF0025FDF748
:10EBB00050FF04460028E7D0284614F0E8FF00285C
:10EBC000E2D0204638BD00F0A7FC0028E3D106F0D3
:10EBD00095FEC0B2012801D00024F2E706F040FD06
:10EBE000A0F11403DBB2022B054698BF002506F006
:10EBF00037FDFFF75FFE04460028EDD0284614F0ED
:10EC0000C6FF0028E8D0DCE790FA02086CF802089A
:10EC1000F0B58BB00646F9F777FC10F0FF0F00F067
:10EC20008180022E04D16FF0100420460BB0F0BD9D
:10EC3000042EF8D006F014FD864200F09F80304686
:10EC4000FFF711F80028EED0FDF703FF044618B1D6
:10EC50004B4B1B78002BE8D100F05EFC0028E4D180
:10EC600007F0A2F807460028DFD1002E5FD101206F
:10EC700015F068FA3546434943482A4610F0E2FC4D
:10EC8000002878D12C2368468DF8003010F03EFF24
:10EC9000002870D19DF8040006F07EFE044600288E
:10ECA000C3D1202768468DF8007010F02FFF002890
:10ECB00061D19DF8080006F081FE04460028B4D119
:10ECC00068468DF8007010F021FF002853D101989C
:10ECD00006F0A4FE04460028A7D12F2368468DF82D
:10ECE000003010F013FF002845D19DF8040006F015
:10ECF000E3FE0446002898D16B1EDBB2012B28D915
:10ED000005F0FD03082B24D0002E18BF35462846F9
:10ED100006F0ACFC0446002887D12846FFF7CAFD60
:10ED2000044682E7022E85D0042E83D07BE7142E82
:10ED300004D1022015F006FA3D469CE7152E01D1BC
:10ED40000320F7E7162E01D10420F3E735460646E7
:10ED500091E7242368468DF8003010F0D7FE50B9B3
:10ED6000019806F09BFC044600287FF45EAF07F094
:10ED70001BF80028C8D06FF0060456E7002454E7BB
:10ED80005A300020102F0020202F002013B5064CF1
:10ED90006368984728B9E36A019302B0BDE8104060
:10EDA000184702B010BD00BFA41C0308014B5B68EC
:10EDB000184700BFA41C030808B5034B5B689847BD
:10EDC000003818BF012008BDA41C0308014B1870AF
:10EDD000704700BFD8800020024B034A1B78D054F4
:10EDE000704700BFD8800020923100202DE9F04309
:10EDF0008BB02323054668468DF8003010F086FE60
:10EE00000246002851D12A4B2A4CD3F800C093F96E
:10EE100006E006462046B7B2002101EB0209CC45C8
:10EE20001FFA81F82ED114F90190F1452AD1B8F1D9
:10EE30000F0F1AD1052F06D14FF0FF321A600020B4
:10EE40000BB0BDE8F0830136019A32F8162031018B
:10EE500002F001029A80425C19609A71144B03CB54
:10EE6000286069606FF00D00EAE7013101240A446F
:10EE700004FA01F1019C1A6034F81640825C2140CA
:10EE80009980EAE701311029C7D10136062E02F137
:10EE9000100204F11004BED100221A60019A1288F7
:10EEA00002F001029A800278D7E76FF00600C7E708
:10EEB000600400209231002010B58AB088B3FEF7BC
:10EEC00080F80128044609D1FEF77DF830B94FF0EB
:10EED000FF331A4619462046FEF7BCFF002012F009
:10EEE0007FFB01221149042008F0AEF9024698B9CF
:10EEF00041F28831042008F0A9F94623012468462C
:10EF00008DF800308DF8044010F04CFF2046FEF7DD
:10EF10009EFE00200AB010BD4721054807F00AFFF9
:10EF2000EBE7042008F094F9F3E700BFD1EF000805
:10EF300068F702082DE9FF47214D224E224FDFF8E6
:10EF40008C808DF8080001232B704323337000233D
:10EF50008DF809308DF80B304FF0E00957F8042B8D
:10EF6000DCB2B2B11369A3B12046FDF799FC80B1C0
:10EF700057F8043CDB68984758B198F80AA0D8F8CD
:10EF80000C1052463046FBF75DF985F800A08DF86D
:10EF90000890631CDAB2042A5BB2DFD1002300932D
:10EFA00004AB13E90C0029780648FEF781F920B973
:10EFB000064B587004B0BDE8F0874FF0FF30F9E71A
:10EFC000DC800020F2310020C88000205C79002025
:10EFD00010B5FDF7F6FF0128044609D1FDF7F3FF50
:10EFE00030B94FF0FF331A4619462046FEF732FF7C
:10EFF000BDE810400220FFF79DBF00002DE9FF4152
:10F000004FF4807200213A483A4E3B4CF9F724FE07
:10F01000002333700FF030FF80B2C82884BF14384B
:10F0200080B2E36806389842606146D30021A1703F
:10F03000237133782E4F2278FA545A1CD2B260785A
:10F04000B8549A1CD2B2A078B854DA1CD2B2E07884
:10F05000B854581D0433DBB294F8048007F80380D9
:10F06000A368C5B24246194457FA80F0FBF7EAF8A4
:10F0700005EB0802D2B200233846D9B28A4230D812
:10F080001E4B1B481B788DF8083001238DF80B3080
:10F09000A369003B18BF01238DF80C3000238DF8C5
:10F0A00009300093013204ABD1B213E90C00317086
:10F0B000FEF7FEF804B0BDE8F08121695B1AB3FBEE
:10F0C000F0F5EAB200FB15354DB9A270A27898426E
:10F0D00002F1FF3228BF1846A2702071A9E7013261
:10F0E000F3E717F8011B855C294481540133C4E719
:10F0F000E4320020E4330020F8800020E5330020D3
:10F100000D4A1378BBB10D4B80B9997809B91170CC
:10F1100070471A78197960F341021A70DA7801326F
:10F12000DA701A690A441A61FFF768BF1A7842F068
:10F1300002021A70F8E77047EC330020F8800020D4
:10F140002DE9F8431C46431EDBB2DE2B0E46054676
:10F1500011462AD8B4F5806F27D8164F164BDFF822
:10F1600064904FF001082246384683F80080FBF790
:10F1700069F8C9F80040114C237823F0030343EAEF
:10F1800008032370FF2008F047F800232361D9F813
:10F190000030E3600A4B607084F803801D70A76044
:10F1A000A661BDE8F843FFF729BF6FF00200BDE894
:10F1B000F88300BF14810020EC330020F880002089
:10F1C000E5330020E833002084B0F0B58BB010ACFC
:10F1D00084E80F006C4A119800238DF80330114623
:10F1E00016464C68A04200F0CC800133042B01F19C
:10F1F0003401F6D100255168ECB2002940F0B68008
:10F2000010AB4FF4807713F8082B8DF87050CDE9D0
:10F21000020316ABCDE90431022A4FF6FF730693C1
:10F220008DF81C201A9BADF804708DF8064060D153
:10F23000002B32D008939DF86C308DF8243001A853
:10F2400011F0FEF8002840F09C809DF806000DF1BA
:10F25000030207A911F086F99DF8033023F0030398
:10F26000184310F0FF0F40F08C80342404FB056439
:10F2700010AD0FCD0FC40FCD0FC40FCD0FC42B6831
:10F280004148236006F076FD002818BF6FF00600A5
:10F290000BB0BDE8F04004B07047FDF7B3FD0A289D
:10F2A0006FD8DFE800F0060A161A1C1E20220A2476
:10F2B0000A00364B0893022302E0354B08930823DB
:10F2C0008DF82430089B1A939DF824308DF86C300B
:10F2D000B5E7304B08930023F2E72F4BFAE72F4BAB
:10F2E000F8E72F4BF6E72F4BF4E72F4BE2E72F4BD6
:10F2F000F0E74BB108939DF86C308DF82430BDF8E1
:10F300006E30ADF826309AE7FDF77CFD0A2838D834
:10F31000DFE800F0060A161A1C1E20220A26280022
:10F32000234B0893032302E0194B089308238DF81D
:10F330002430089B1A939DF824308DF86C30DEE75A
:10F340001C4B08930223F2E71B4BEAE7134BE8E759
:10F35000134BE6E7194BE4E7134B08930423E6E766
:10F36000174BDEE70A4B08930A23E0E70135042D2B
:10F3700002F134027FF43FAF124834220021F9F742
:10F380006BFC6FF00F0083E71485002000EA06375E
:10F39000A070083720441E1E8068D92E2876E819F0
:10F3A00008E6D333E013F336F080A633E069CD33BB
:10F3B00040F7093720937F1D4026CA2E606305372A
:10F3C00010D62D05E4850020104A38B500231446D8
:10F3D0005168814213D1342505FB034494F8300071
:10F3E00011F090F8014638B92A462046F9F734FC66
:10F3F000064806F0BFFC08B16FF0060038BD0133C7
:10F40000042B02F13402E3D1F6E700BF148500209B
:10F41000F0B58FB0264C06463422002101A8F9F73A
:10F420001BFC012384F83130022384F86530032368
:10F4300084F89930042384F8CD3034220DEB030195
:10F4400030461EF095F990B9194B324603F130055C
:10F450001C4603CCAC4210605160234602F1080206
:10F46000F6D1186810606FF00D000FB0F0BD2746A0
:10F4700000253422394630461EF07AF990B9032D22
:10F48000F3D0342305FB03332344324603F1300524
:10F490001C4603CCAC4210605160234602F10802C6
:10F4A000F6D1DEE70135042D07F13407E1D1CBE7D2
:10F4B000148500202DE9F043BFB006F057FCD022A0
:10F4C00001460AA8FAF7BEFE0AAE4FF000084FF058
:10F4D0003409736853B908F10108B8F1040F06F153
:10F4E0003406F6D100203FB0BDE8F0833EAB09FB07
:10F4F0000834A4F1D007C03C0FCC6D460FC50FCC2B
:10F500000FC523682B6097E80F00FFF75DFE00280A
:10F51000E1D06FF00600E6E738B5094C00256068D9
:10F5200030B90135042D04F13404F8D1002038BD80
:10F53000FFF74AFF0028F4D06FF00600F7E700BF9E
:10F5400014850020064B1B6810B5044603B198478C
:10F55000044B0CB100225A7000225A7110BD00BF3A
:10F56000E48500201335002070B5064E044645188A
:10F57000AC4200D170BD14F8011B304607F0DAFB35
:10F58000F6E700BFC8FA020808B5064B00225A7019
:10F59000FDF773F928B1BDE808400349034807F0B7
:10F5A000C9BB08BD13350020D5FB020830FE020898
:10F5B00038B5114C00236370A37006F09FF910F06A
:10F5C000FF0F0CBF0D480E4807F0B4FB0D4B022295
:10F5D0005A720D4A156815B193E80700A847E378F9
:10F5E00043B9237933B9094B1B6B9847BDE83840C1
:10F5F00007F0E0BA38BD00BF13350020CDFA02088D
:10F60000E8FA02081C350020E8850020A41C030845
:10F61000134B9978002210B55A701A4619B9D97847
:10F6200009B91B7913B10123537010BD06F066F9B7
:10F6300010F0FF0F0CBF0B480B4807F07BFB0B4B88
:10F6400001225A720A4A146814B193E80700A047CD
:10F65000084B1B6B9847BDE8104007F0ABBA00BFE2
:10F660001335002003FB020820FB02081C35002094
:10F67000E8850020A41C030813B5114C0023637017
:10F68000104B1B6803B1984706F038F910F0FF0FD4
:10F690000CBF0D480D4807F04DFB07F08BFA23799E
:10F6A0005BB1012363700A4C236B9847636B019332
:10F6B000002002B0BDE81040184702B010BD00BFE6
:10F6C00013350020EC8500203DFB02084FFB0208AB
:10F6D000A41C030808B506F011F9C0B208BD00006B
:10F6E000044B587820B9987810B9D87800B91879AF
:10F6F000704700BF1335002006F062BB0A4B0B4A6F
:10F700000344934210B5044605D8F8F7FDFE084BB4
:10F7100020B19C4205D86FF0020010BD9C42FCD97C
:10F72000F9E70020F9E700BF802E0FF7809E4730F1
:10F730000046C32306F056BB053807288CBF6FF080
:10F7400002000020704708B506F05EFB7D2806D059
:10F75000FA2806D0B0F5FA7F08BF022008BD0020C5
:10F76000FCE70120FAE7000010B5044606F0C6F8F1
:10F7700010F0FF0F0DD17D2C01D1002010BDFA2C0F
:10F78000FBD0B4F5FA7FF8D0092CF6D96FF002005F
:10F79000F4E706F0B3F8C0B20228EED1024BA4F5AC
:10F7A00096549C42F1E700BF780D070006F048BB75
:10F7B00003288CBF6FF002000020704706F052BB98
:10F7C000042894BF6FF002000020704706F05CBB75
:10F7D000053811288CBF6FF002000020704706F03A
:10F7E00065BB06F069BB06F073BB06F083BB06F091
:10F7F0009BBB06F0ABBB08B506F040FC003818BF59
:10F80000012008BD06F040BC2DE9F04FFF29ADF501
:10F810000D7D0C46164675D80DF598780A460146BA
:10F820004046FAF70FFD14F00F010ABF1022C1F194
:10F8300010011146234618BFCAB20C449C425DDC3D
:10F840000FAD10212846FFF7D2FF5FFA84F9AA46D0
:10F85000C4F303142A46002312F8011BC9B901336B
:10F86000102BF9D1294B5F694FF0040BB847030AFD
:10F870008AF80C008AF80D30BBF1010B4FEA1043F7
:10F880004FEA10608AF80E308AF80F00AAF1040AD5
:10F89000ECD195E80F000DF11C0A8AE80F00102248
:10F8A00000212846F9F7D8F910212846FFF7A1FFD3
:10F8B0009AE80F000BAF87E80F00102103A8FFF7AD
:10F8C00092FF2A46102103A8FBF7E8FE3146009577
:10F8D000534622464046FBF7EEFE4E443B4603CBE2
:10F8E000AB42306071601F4606F10806F6D109F19F
:10F8F0001000C0B20DF50D7DBDE8F08F08F80320B3
:10F9000001339BE76FF00200F4E700BFA41C03087B
:10F910002DE9F0411446C8B0A1F111020646024497
:10F9200007A810230746013B12F8015F00F8015BAE
:10F930009BB2002BF7D110398DB2FCF79EFF48B176
:10F94000C54807F0F7F938461021FFF70DFEC34808
:10F9500007F0F0F910210DF12C0803A8FFF743FF81
:10F960004246102103A8FBF799FE3B462A09CDF831
:10F97000008021463046FBF7AEFE6219284612F899
:10F98000013C012B04D1681EC0B248B0BDE8F08133
:10F99000022B05D112F8023C022BF5D1A81EF3E789
:10F9A000032B09D112F8023C032BEDD112F8033CD2
:10F9B000032BE9D1E81EE7E7042B0DD112F8023C36
:10F9C000042BE1D112F8033C042BDDD112F8043CE6
:10F9D000042BD9D1281FD7E7052B11D112F8023CEF
:10F9E000052BD1D112F8033C052BCDD112F8043CE4
:10F9F000052BC9D112F8053C052BC5D1681FC3E7FB
:10FA0000062B15D112F8023C062BBDD112F8033C8F
:10FA1000062BB9D112F8043C062BB5D112F8053CDF
:10FA2000062BB1D112F8063C062BADD1A81FABE7CF
:10FA3000072B19D112F8023C072BA5D112F8033C71
:10FA4000072BA1D112F8043C072B9DD112F8053CDD
:10FA5000072B99D112F8063C072B95D112F8073CD9
:10FA6000072B91D1E81F8FE7082B22D112F8023C17
:10FA7000082B89D112F8033C082B85D112F8043CDD
:10FA8000082B81D112F8053C082B7FF47DAF12F8CA
:10FA9000063C082B7FF478AF12F8073C082B7FF464
:10FAA00073AF12F8083C082B7FF46EAFA5F1080085
:10FAB0006AE7092B2AD112F8023C092B7FF464AFC4
:10FAC00012F8033C092B7FF45FAF12F8043C092BBA
:10FAD0007FF45AAF12F8053C092B7FF455AF12F8AA
:10FAE000063C092B7FF450AF12F8073C092B7FF43A
:10FAF0004BAF12F8083C092B7FF446AF12F8093CD3
:10FB0000092B7FF441AFA5F109003DE70A2B2FD166
:10FB100012F8023C0A2B7FF437AF12F8033C0A2B91
:10FB20007FF432AF12F8043C0A2B7FF42DAF12F8A9
:10FB3000053C0A2B7FF428AF12F8063C0A2B7FF411
:10FB400023AF12F8073C0A2B7FF41EAF12F8083CD3
:10FB50000A2B7FF419AF12F8093C0A2B7FF414AF7B
:10FB600012F80A3C0A2B7FF40FAFA5F10A000BE74D
:10FB70000B2B34D112F8023C0B2B7FF405AF12F89B
:10FB8000033C0B2B7FF400AF12F8043C0B2B7FF4EB
:10FB9000FBAE12F8053C0B2B7FF4F6AE12F8063CD8
:10FBA0000B2B7FF4F1AE12F8073C0B2B7FF4ECAE7D
:10FBB00012F8083C0B2B7FF4E7AE12F8093C0B2B34
:10FBC0007FF4E2AE12F80A3C0B2B7FF4DDAE12F8A4
:10FBD0000B3C0B2B7FF4D8AEA5F10B00D4E60C2B1D
:10FBE0003ED112F8023C0C2B7FF4CEAE12F8033C4F
:10FBF0000C2B7FF4C9AE12F8043C0C2B7FF4C4AE7E
:10FC000012F8053C0C2B7FF4BFAE12F8063C0C2B0F
:10FC10007FF4BAAE12F8073C0C2B7FF4B5AE12F8A5
:10FC2000083C0C2B7FF4B0AE12F8093C0C2B7FF48F
:10FC3000ABAE12F80A3C0C2B7FF4A6AE12F80B3CCC
:10FC40000C2B7FF4A1AE12F80C3C0C2B7FF49CAE75
:10FC5000A5F10C0098E600BF61FB02082AFC02082F
:10FC60000D2B3ED112F8023C0D2B7FF48DAE12F815
:10FC7000033C0D2B7FF488AE12F8043C0D2B7FF46F
:10FC800083AE12F8053C0D2B7FF47EAE12F8063CD5
:10FC90000D2B7FF479AE12F8073C0D2B7FF474AE78
:10FCA00012F8083C0D2B7FF46FAE12F8093C0D2BB7
:10FCB0007FF46AAE12F80A3C0D2B7FF465AE12F8A1
:10FCC0000B3C0D2B7FF460AE12F80C3C0D2B7FF437
:10FCD0005BAE12F80D3C0D2B7FF456AEA5F10D0076
:10FCE00052E60E2B43D112F8023C0E2B7FF44CAEA1
:10FCF00012F8033C0E2B7FF447AE12F8043C0E2B97
:10FD00007FF442AE12F8053C0E2B7FF43DAE12F8A4
:10FD1000063C0E2B7FF438AE12F8073C0E2B7FF416
:10FD200033AE12F8083C0E2B7FF42EAE12F8093CCD
:10FD30000E2B7FF429AE12F80A3C0E2B7FF424AE72
:10FD400012F80B3C0E2B7FF41FAE12F80C3C0E2B5E
:10FD50007FF41AAE12F80D3C0E2B7FF415AE12F89C
:10FD60000E3C0E2B7FF410AEA5F10E000CE60F2B0F
:10FD700048D112F8023C0F2B7FF406AE12F8033C78
:10FD80000F2B7FF401AE12F8043C0F2B7FF4FCAD77
:10FD900012F8053C0F2B7FF4F7AD12F8063C0F2B41
:10FDA0007FF4F2AD12F8073C0F2B7FF4EDAD12F8A3
:10FDB000083C0F2B7FF4E8AD12F8093C0F2B7FF4C1
:10FDC000E3AD12F80A3C0F2B7FF4DEAD12F80B3CCA
:10FDD0000F2B7FF4D9AD12F80C3C0F2B7FF4D4AD70
:10FDE00012F80D3C0F2B7FF4CFAD12F80E3C0F2B09
:10FDF0007FF4CAAD12F80F3C0F2B7FF4C5ADA5F10F
:10FE00000F00C1E5102B08BFA5F11000BCE500BF35
:10FE10002DE9F0432C4D4FF00009C1B080460C464F
:10FE200017461E4685F8019085F8029006F03EF8C8
:10FE3000002840D04FF4807249466846F8F70CFF1E
:10FE400023071EBF24F00F041034A4B221466A46D3
:10FE50004046FFF75DFDC4B2224669461B48DFF805
:10FE60006C80FAF7EFF905F049FD10F0FF0F0CBFB9
:10FE7000174818483246394606F05CFF214640468E
:10FE8000FFF772FB144806F055FF144900234B722C
:10FE9000134BCF801B680E720C71C1F800800BB140
:10FEA00007C99847EB780BB92B793BB101236B70ED
:10FEB00041B0BDE8F08322464146CFE7094B1B6BBA
:10FEC000984706F077FEF3E713350020143400203E
:10FED00072FB020884FB02082AFC02081C35002081
:10FEE000E8850020A41C030806F062B806F066B896
:10FEF00006F08EB8F82801D806F090B86FF002002E
:10FF0000704706F073B806F077B806F093B806F0BD
:10FF100097B806F0A1B8000070B5074B5D6C0446B9
:10FF2000010A4FF4E860A847E1B22B4640F2417065
:10FF3000BDE87040184700BFA41C03082DE9F04F2E
:10FF40009BB006F077F80C9006F050F80D9006F094
:10FF50005FF8109006F032F8119006F029F80E9034
:10FF600006F07AF8129006F00FFC002800F0A2804C
:10FF700014A806F015FCBDF86230DDF850B09DF80D
:10FF800064809DF854700B9305F0B8FC10F0FF0FDF
:10FF900040F08880169C9DF86060013605F0AEFC4C
:10FFA00010F0FF0242D1139206F032F86FF07F4357
:10FFB00008930D9B07930C9BDFF83CA103930B9BCD
:10FFC000139A0F905FFA86F9CDE90193DAF81C30A5
:10FFD000009701201D46CDE90522049023464FFAE3
:10FFE00088F1A8470F9B139AB3FA83F35B0909932F
:10FFF0000D9B08930C9B0393BDF8403002930B9B21
:020000040801F1
:10000000CDE90023DAF818300120CDE90420CDE94C
:1000100006221D463A464B462146A8470120DAF8FB
:100020005430FF2198471298FFF776FF05F066FCE1
:10003000C0B20228304F2ED100206FF07F43CDE9AF
:1000400007030B9B119AF6B2CDE901630E9B009357
:10005000FB694FF0010A1D46CDE90500CDE9030A11
:1000600023464FFA88F1A847052302930B9BBD69ED
:100070000E9ACDF824A00020CDE90003CDE90700B9
:10008000CDE905A0CDE9030033462146A8477B6DA5
:10009000FF21504698475846FB68984700201BB000
:1000A000BDE8F08F05F02AFCC0B2022804BF179CFF
:1000B000640870E705F084FE834605F0E5FE80469F
:1000C00005F090FE074605F0CDFE0B9005F016FCFE
:1000D00010F0FF0F06D1FFF736FB044605F0B0FE27
:1000E000461C5BE705F00AFCC0B20228F6D1FFF718
:1000F0002AFB4408F2E700BFA41C03080A4808B51D
:100100000A4B03600A4B83600A4B43600A4BC3608F
:100110000A4B03610A4B83610A4B1B689847FFF740
:100120000DFF002008BD00BFF033002079F6000865
:1001300011FE000889F5000811F60008B1F5000865
:1001400045F50008A41C0308F8B52A4D6B7806464F
:100150000C46174623B12B7913B96FF00500F8BD93
:1001600005F0A4FE002834D02146234A3046FFF78C
:100170004BFBC4B2214EFFF7E1FE06F013FD336BDB
:10018000984701236B7057BB1B4DB36A2146284625
:100190009847FCF772FB0028E1D005F087FE58B1C4
:1001A000174806F0C7FDA4F1100028441021FFF7FE
:1001B000DBF9144806F0BEFD2146134806F0BAFDEF
:1001C0000D482146FFF7D0F90E4806F0B3FD002098
:1001D000C5E7224631460848FAF734F8CAE76B719A
:1001E000B36B98476B79002BFCD16B78002BCBD18C
:1001F000B3E700BF1335002014340020A41C03080B
:1002000096FB02082AFC0208A7FB0208B0F5803F13
:1002100070B5044642D2431E0D2B224B4FF0000214
:1002200098BF0F24C3E900229A601F4B5CB19A78F3
:100230001AB9DA780AB91A792AB11C4806F07AFD97
:100240006FF0050070BD0122194D5A704CB99C70B9
:100250005C70DC701C7106F0ADFC2B6B98470020C5
:10026000F0E74FF6FF718C426E6B09D19A70FFF781
:1002700065FE2B6B98470020B04706F093FCEEE735
:100280004FF6FE718C4201D1DA70F0E74FF6FD7146
:100290008C4201D11A71EAE72046EDE76FF00200C7
:1002A000D0E700BF1C35002013350020C1FB020839
:1002B000A41C03080C4B0D4A0344934210B504469A
:1002C00002D96FF0020010BDF8F71EF9084B40B1DB
:1002D0009C42F6D9204605F079FDFFF72FFE00205D
:1002E000F1E79C42F6D9ECE7802E0FF7809E47306D
:1002F0000046C32308B5431F072B05D805F078FD3A
:10030000FFF71CFE002008BD6FF00200FBE70000B5
:1003100010B5044605F0F2FA10F0FF000CD17D2C68
:1003200014D0FA2C1CD0B4F5FA7F1BD0092C0ED9AE
:100330006FF00204204610BD05F0E0FAC0B20228BA
:1003400005D1094BA4F596529A42F0E7044620469F
:1003500005F064FD04460028ECD1FFF7EFFDE9E766
:100360000124F4E70224F2E7780D0700032808B51A
:1003700005D805F06BFDFFF7E1FD002008BD6FF02B
:100380000200FBE7042808B505D905F071FDFFF769
:10039000D5FD002008BD6FF00200FBE708B5431F44
:1003A000112B05D805F076FDFFF7C8FD002008BD2C
:1003B0006FF00200FBE70000084BA0F516729A42AE
:1003C00010B5044606D8FFF7B9FD2046BDE8104039
:1003D00005F0D6BD6FF0020010BD00BFE80A0300B3
:1003E000084BA0F516729A4210B5044606D8FFF7DE
:1003F000A5FD2046BDE8104005F0CEBD6FF002001F
:1004000010BD00BF8891040010B505F02BFE044616
:10041000F8F766F8FFF792FD204610BD08B506F024
:10042000C1FB024A13680133136008BD8438002001
:10043000094B1B6810B513B1084B1B6D3BB9084C39
:10044000236823B106F0B6FB2368013B2360BDE8B7
:100450001040044806F06EBC7C3700207404002075
:1004600084380020E1FB0208F7B5164C164E2368CD
:10047000164D30682F68013B2360154B21681A68C0
:1004800064234343511A3844B3FBF0F3114806F098
:1004900051FC236810493BB14B6B019341F288300A
:1004A00003B0BDE8F04018470C48336002782B6079
:1004B0000B6B019322F00802027003B0BDE8F0401C
:1004C000184700BF7C3700204C35002050350020F5
:1004D00080370020ECFB0208A41C030854350020E0
:1004E000024A136801331360FFF7BEBF4C3500208A
:1004F000FFF7F6BF10B5064C2068013020601146AA
:1005000004481A4606F016FCBDE81040FFF7ACBFE1
:10051000503500200AFC0208F8B52D4D2D4F2978E2
:10052000BA6A2D4C2D4E002933D0236D2C48013B47
:100530002365E17D9047616C2A4806F0FBFB326839
:10054000216D2948511A06F0F5FBE36C626C1344E7
:100550006364626CA36C9A4282BF244B1B68636421
:10056000606CFB689847236D23B1BDE8F8402048D4
:100570000DF0ACBB1F4A1E48137823F00403137020
:100580000DF00CFB10B11A480DF050FB00232B703E
:10059000F8BD194D12482B68013B2B60E17D904757
:1005A000326829681048511A06F0C4FB2B68002BEA
:1005B000DBD1104A0E48137823F0040313700DF0BA
:1005C000EDFA0028E4D0BDE8F84009480DF02EBB54
:1005D00078370020A41C0308740400208037002012
:1005E000843700202DFC02083FFC020874370020ED
:1005F00058350020543500207C370020F8B52E4DAA
:100600002E4F2B78BA6A2E4C2E4E002B35D0236DF0
:100610002D48013B2365E17D9047616C2B4806F036
:1006200089FB3268216D2A48511A06F083FB226D3E
:1006300033689B1A274A1178B3FBF1F201FB12339E
:10064000254A52F823306364606CFB689847236D39
:1006500023B1BDE8F84021480DF038BB204A1F48BF
:10066000137823F0040313700DF098FA10B11B48AF
:100670000DF0DCFA00232B70F8BD1A4D12482B68E0
:10068000013B2B60E17D9047326829681048511A80
:1006900006F050FB2B68002BDBD1114A0F48137872
:1006A00023F0040313700DF079FA0028E4D0BDE8BC
:1006B000F8400A480DF0BABA78370020A41C0308A5
:1006C0007404002080370020843700202DFC0208AD
:1006D0003FFC02087035002074350020583500209A
:1006E000543500207C37002070B50D4CC00000222E
:1006F0000221824201D1002070BDC1F3001383EAC0
:100700001123D51043EA410302F00706C3F30801A1
:1007100003F00103B340665D334363550132E8E7FC
:1007200084370020064B10B5064C1B6B9847236896
:1007300023B106F03FFA2368013B236010BD00BFE0
:10074000A41C03088438002038B50D4D287810F01B
:10075000010411D1FFF762FE2B7843F001032B70E7
:10076000084B186B93F82410074B4FF6FF72DB6BA6
:1007700049B29847204638BD6FF00500FBE700BF3F
:100780005435002074040020A41C03080F4B1048AB
:1007900010B500221A700DF001FA10B10C480DF0DE
:1007A00045FA0C480DF0FAF910B10A480DF03EFA7E
:1007B000094B0A4CDB6A9847236803B910BD06F061
:1007C000F9F92368013B2360F6E700BF54350020A8
:1007D00058350020E0800020A41C03088438002045
:1007E0002DE9F04F284A137899078DB0834647D4F6
:1007F000264C274D206B43F002031370EB6898479B
:10080000206894F82410A26A6368A6680A93277B7C
:100810000B96A68A94F816C094F818E094F81980FC
:1008200094F81A9094F81BA0E36AB6B2CDE907A336
:100830000B9B0093CDE901760A9BEE69CDE9058912
:10084000CDE903CE49B2C0B2B047636BB3B96B6BAD
:100850006FF07F409847322005F0DDFF2B6C0020C1
:100860009847EB6AABF800009847074A137823F0E3
:100870000203137000200DB0BDE8F08F6B6EE7E748
:100880006FF00500F7E700BF543500207404002026
:10089000A41C030810B50446FFF7C0FD226B144BDF
:1008A0001344144A934220D894F824300933DBB21D
:1008B0001F2B1AD86368062B17D8A368053B072B94
:1008C00013D8237B013B032B0FD82368022B0CD8B2
:1008D000A36A094AA3F59653934206D807485422BF
:1008E00021460DF0B0FA002010BD6FF00200FBE7CA
:1008F000802E0FF7809E4730780D0700740400208B
:1009000008B5034954220DF09EFA002008BD00BF2F
:10091000740400202DE9F04F324C25788DB015F08D
:1009200004050B905BD1FFF779FD23782E482F4EFD
:1009300043F00403237006F0FDF92D482D4B0360AE
:100940002D4B83602D4B43602D4B2E4CC3602E4BA3
:10095000036133689847E07DFFF7C6FE206BF368BC
:100960009847206894F82410A26A6368A7680A97D9
:1009700094F80CC0A78A94F816E094F8188094F8BC
:10098000199094F81AA094F81BB0E46ABFB2CDE9AC
:1009900007B40A9C0094CDE903E8CDE901C749B248
:1009A000C0B2CDE9059AF469A047184B0B9A1A60BA
:1009B0001A68174B17481A604FF0FF31164B009515
:1009C0002A460DF0D1F84FF4FA7112480DF0B8F93B
:1009D00010480DF07BF928460DB0BDE8F08F6FF0A0
:1009E0000500F9E7543500205BFC0208A41C03084D
:1009F0002835002031040108F50401082507010805
:100A0000E104010874040020F10401087C3700208F
:100A10008037002058350020190501082DE9F04FD6
:100A20002B4D0446287810F008088DB04DD1002CCD
:100A30004BDDFFF7F3FC2B78264843F008032B70BF
:100A4000254B0360254B8360254B264D4360264B89
:100A5000C360264B03612B689847254B1C601A68BE
:100A6000244C254B206B1A60EB689847206861681E
:100A7000A268237B26690B930A96A68A276A94F8B4
:100A800016C094F817E0237E94F8199094F81AA0F1
:100A900094F81BB0247FCDF80CC0CDE904E3B6B2C6
:100AA0000A9B0093BFB2CDE908B40B9BAC69C0B2FE
:100AB000CDE9069ACDE90167A04741F288306B6B1A
:100AC000984740460DB0BDE8F08F6FF00500F9E79C
:100AD000543500202835002031040108F5040108B0
:100AE00025070108A41C0308E1040108F10401081A
:100AF0007C37002074040020803700202DE9F04F5F
:100B0000364C257815F004058DB0074663D1FFF704
:100B100085FC23783248334E43F004032370324B74
:100B2000324C01221A70324B0360324B8360324BDD
:100B30004360324BC360324B0361336898477B6C30
:100B40006364BB6CA364FB6CE3643B6D2365E07D75
:100B5000FFF7CAFD2B4B626C1A602B4B226D1A609B
:100B6000606CF3689847206894F82410A26A636860
:100B7000A7680B9794F80CC0A78A94F816E094F82D
:100B8000188094F8199094F81AA094F81BB0E46AAD
:100B9000BFB2CDE907B40B9C0094CDE903E8CDE9E1
:100BA00001C749B2C0B2CDE9059AF469A047174B15
:100BB000174800952A464FF0FF310CF0D5FF4FF44F
:100BC000FA7113480DF0BCF811480DF07FF8284673
:100BD0000DB0BDE8F08F6FF00500F9E75435002047
:100BE00028350020A41C0308783700207404002056
:100BF00031040108F504010825070108E104010892
:100C0000F10401087437002080370020190501081D
:100C1000583500202DE9F04F954D297811F0040446
:100C20008BB0064640F02081FFF7F8FB21464FF4D9
:100C300000729048F8F710F88F4B21461C7022463E
:100C40008C4C98468029CBB21FD132BB022005F0D4
:100C5000E9FF1CF09BFD00276FF0004998F8003079
:100C6000BB4222DCFCF7CEF8844B0A2800F2F98064
:100C7000DFE810F05500C100C700CD00D300D90057
:100C8000DF00E500EB00F700F100706CF26C02FB96
:100C90000102B06C824203D9013B88F80030D5E7ED
:100CA00044F8212001310122CCE71CF093FD98F893
:100CB000002054F82710D31B99FBF3F3013390FB6A
:100CC000F3F33B449F4208BF002354F82300414004
:100CD00044F8271054F8271054F82300414044F8F2
:100CE000231054F8271054F82300414044F82710EB
:100CF00054F8231054F82200414044F8231054F8CB
:100D0000231054F82200414044F8221054F82310D4
:100D100054F822204A4044F8232001379EE79A687D
:100D2000574998688F56574914F08EFF04462B7820
:100D30005548DFF8C88143F004032B70534B4F4DE7
:100D400001221A70524B0360524B8360524B436036
:100D5000524BC360524B0361D8F800309847454B63
:100D60001B686B64B36CAB64F36CEB64336D2B6525
:100D7000E87DFFF7B9FC4B4B6A6C1A604A4B2A6D51
:100D80001A60686CD8F80C309847286895F82410D9
:100D9000AA6A2E7BAB8A95F816C095F818E095F8EC
:100DA000199095F81AA095F81BB0ED6A00979BB2C0
:100DB000CDE903CECDE907B5CDE9016349B22346BC
:100DC000C0B20024CDE9059AD8F81C50A847374B8B
:100DD0003748009422464FF0FF310CF0C5FE4FF427
:100DE000FA7133480CF0ACFF31480CF06FFF20462D
:100DF0000BB0BDE8F08F9A682E4998688F562E493F
:100E000092E79A682D4998688F562D498CE79A6821
:100E10002C4998688F562C4986E79A682B49986820
:100E20008F562B4980E79A682A4998688F562A4935
:100E30007AE79A68294998688F56294974E79A6829
:100E4000284998688F5628496EE79A682749986814
:100E50008F56274968E79A68264998688F56264929
:100E600062E70024072762E76FF00500C0E700BFD4
:100E700054350020743500207035002074040020A3
:100E800000FE020868FC02082835002078370020A0
:100E900031040108F504010825070108E1040108EF
:100EA000F10401087437002080370020FD05010897
:100EB0005835002008FE020888FC020800FE0208DF
:100EC000C8FC020800FE0208E8FC020800FE020856
:100ED00008FD020800FE020828FD020818FE0208AC
:100EE00068FD020800FE020848FD02081EFE020816
:100EF000C0FD020808FE020880FD0208A41C0308C9
:100F000008B503490C220CF09EFF002008BD00BF6D
:100F10006804002038B505460B4CFFF77FFAAB6834
:100F2000A3602B68094823606B68094D6360094B17
:100F300043602B6898472068EB6B228994F9041072
:100F40009847002038BD00BF6804002028350020E5
:100F5000A41C030825070108F8B505460C461646EB
:100F6000F5F70EF92B783BB30123002E63664FF0A3
:100F7000000308BF192625601F46626EB24219DAC7
:100F8000EA1814E01146013291F800C0BCF13A0FA2
:100F90000CD10F705A1CA918AA5C5AB1626E02F1EA
:100FA000010CC4F864C044F82210E6E70133834220
:100FB000E8DBEFD10020F8BD0220FCE7722070478B
:100FC0002DE9F04FADF6B40D0024029092460F4685
:100FD0006822214611A8CDE90544F7F73DFEBAF194
:100FE000010F36D13B780D2B3CD00A2B3AD017F8A5
:100FF0000490B9F1000F05D0B9F13D0F02D0B9F15D
:10100000200F34D12246394609A8F9F71BF909AB5C
:1010100000261E55013C1B5D3F2B2DD09A4A002512
:10102000904614236B4309A953F802B058461CF0AC
:101030000DFC954A0446002840F04681B9F13D0F69
:101040001ED109A8F5F79CF8013050451BD10224A8
:101050008FE0BAF1000FCAD18C4B8D48996805F02A
:1010600069FE022420460DF6B40DBDE8F08F013470
:10107000202CBCD101247CE009AB1E550126CDE714
:10108000B9F1000F0BD05846F5F77AF8142303FB9B
:10109000058301301A7A11A93844FFF75DFF002E4D
:1010A00000F0B880002D40F085807A48764CDFF85B
:1010B0000482DFF8F091DFF8F8A105F03BFE7648F6
:1010C000CDE9075505F036FEE7683B78CBB1267CC5
:1010D0000023F106CDE9073352D5704907A81CF06B
:1010E000D1FBF00707D507A8F5F74AF807AB494643
:1010F00018441CF0C7FB21683B4607AA404605F090
:1011000019FE0135722D04F11404DDD1644CDFF8B1
:10111000AC81DFF8AC91DFF8ACA10026236813B3F3
:10112000424649462BA8F8F7FBF927693B78D3B12B
:10113000257D0023E906CDE907332ED5574907A8B9
:101140001CF0A0FBED0707D507A8F5F719F807ABCA
:10115000544918441CF096FB0097636807AA2BA912
:10116000504605F0E7FD0136402E04F11804D5D1B4
:101170000024464B53F824104B4805F0DBFD71E783
:10118000720701D54949A9E7B307AAD507A8F4F71B
:10119000F7FF07AB51461844A1E76A0701D5434959
:1011A000CDE7AB07CED507A8F4F7EAFF07AB404978
:1011B0001844C5E70023CDE90533142303FB058359
:1011C0001E7CF00619D5354905A81CF05BFBF3071A
:1011D00007D505A8F4F7D4FF05AB324918441CF035
:1011E00051FB14235D4308EB050358F80510DB6839
:1011F00005AA304805F09EFDBBE7710701D52B49D4
:10120000E2E7B207E3D505A8F4F7BAFF05AB284932
:101210001844DAE7142303FB05831C7CE7063FF53B
:1012200029AF25491198F5F703F80746E0B914F0FE
:10123000060F3FF40CAF14235D4308EB050658F886
:1012400005107368029811AA98470446002840F0D8
:10125000DA80337C5A078CD51D078AD4002F88D0BA
:1012600043F00803337484E72A9B002B0ADD6607EA
:1012700004D520073FF5FEAE0127DCE7E1077FF547
:10128000E6AEF9E73746D6E7F4040020C8040020AC
:101290002EFE020835FE02082AFC0208A3FE020800
:1012A000F08500203B120308941B0308ABFE0208E4
:1012B000A5150308AEFE0208A81B0308BAFE020823
:1012C000BFFE0208C4FE02080135722D7FF4A9AEEC
:1012D000DFF860A10025D04618236B4303EB0A0218
:1012E00053F80AB00392BBF1000F00F08680494822
:1012F000042209A91CF0CEFA00287ED10AA958467A
:101300001CF0A4FA0446002877D1B9F1000F09D0E7
:101310005846F4F735FF039B05301A7B11A9384472
:10132000FFF71AFE18236B4308EB0307394A58F8F6
:10133000033039492BA8F8F7F3F846B30023CDE979
:10134000053398F8C46AF00614D5344905A81CF092
:1013500099FAF30707D505A8F4F712FF05AB304952
:1013600018441CF08FFA182303FB058505AA2B6986
:101370002BA93EE7710701D52A49E7E7B207E8D56F
:1013800005A8F4F7FDFE05AB27491844DFE73C7DCF
:10139000E7063FF56FAE25491198F4F749FF074678
:1013A000D8B914F0060F3FF465AE182303FB05858A
:1013B0000298AB6811AA2BA99847044618BB2B7D4D
:1013C00059077FF5D6AE1A073FF5D3AE002F3FF48D
:1013D000D0AE43F008032B75CBE62A9B002B0ADD29
:1013E000660704D524073FF545AE0127DDE7E00792
:1013F0007FF52DAEF9E73746D7E70135402D7FF46D
:101400006BAF0924B5E60A2C7FF6B3AE084B5968DA
:10141000B2E600BFBAFE0208BFFE0208A3FE020841
:101420003B120308ABFE0208A5150308A81B03081E
:10143000C8040020F085002002EBD2722DE9F843A9
:10144000064654104D1C0027BC4201DCBDE8F88361
:1014500015F8010C95F800901CF058FBC0B2A0F1F3
:1014600030035FFA83F8B8F1090F84BF37385FFAA9
:1014700080F848461CF04AFBC2B2A2F13003DBB24E
:10148000092B84BF373AD3B203EB0813F355023567
:101490000137D9E7F8B50F4606461446F4F770FE53
:1014A000B842054602D110F0010707D001200FE035
:1014B000F05C1CF055F901370028F7D0BBB29D4213
:1014C000F6D834B120462A463146FFF7B5FF002052
:1014D000F8BD2046FCE713B50C4601AA0421FFF72E
:1014E000D9FF40B99DF804209DF8053043EA022356
:1014F000238002B010BD0120FBE713B50C4601AA02
:101500000821FFF7C7FF20B9019B1BBA236002B077
:1015100010BD0120FBE70000F8B506460C46F4F7C5
:101520002FFE0A28074601D90120F8BD0A49304696
:101530001CF0D2F9B8420546F6D130461CF00BF942
:1015400020B9012DF0D11CB12060EEE714B120606C
:101550000020EAE72046E8E7D4FE02082DE9F04F34
:1015600085B003F05DFA074603F064FA0446B0B3B1
:1015700005B0BDE8F08F214602A803F067FADDE967
:101580000216184D06F0100B06F004025FFA86F9F9
:101590004FF000082868CDE900121CF057F9DDE98A
:1015A000001220B9BBF1000F0CD085F810A008F193
:1015B0000108B8F1720F05F11405EBD10134BC42FA
:1015C000D9DBD5E72B7C22B19B07F0D085F81090B2
:1015D000EDE733421CBF09EA03032B74E7E74FF042
:1015E000100AECE7F40400201130C0B211289ABFB1
:1015F000014B185C012070477A190308536E37B508
:101600000D461BB10224204603B030BD0DF106008B
:10161000FFF7E6F8044630B9BDF90620054829462B
:1016200005F088FBEFE7C21CECD0831D0CBF032440
:101630000124E8E78C190308536E10B513B1022496
:10164000204610BDFFF780F8044618B9054805F09C
:1016500071FBF5E7C21CF2D0831D0CBF03240124EB
:10166000EEE700BF94190308536E012B07B503D0B2
:10167000022003B05DF804FB106801A9FFF74CFFDE
:101680000028F5D10198FFF745F90028F1D0C21CD8
:10169000EED0831D0CBF03200120EAE7536E012B1F
:1016A00007B503D0022003B05DF804FB106801A960
:1016B000FFF732FF0028F5D10198FFF7AFF90028B6
:1016C000F1D0C21CEED0831D0CBF03200120EAE73D
:1016D00030B5536E012BA1B00D4614462AD14149B5
:1016E0001068F4F7A5FD044618B10224204621B085
:1016F00030BD0BA8FFF704F91B9B09931A9B0893B5
:10170000159B07939DF8433006930B9B0593199BFC
:101710000493189B03939DF8383002930D9B01931B
:101720000C9B0093179A9DF950302F48294605F0DD
:1017300001FBDBE70C2BD8D1106817A9FFF7ECFEF3
:101740000028D2D1606814A9FFF7E6FE0028CCD1AA
:10175000A0680CA9FFF7E0FE0028C6D1E0680DA93B
:10176000FFF7DAFE0028C0D120690EA9FFF7D4FEEA
:101770000028BAD1606918A9FFF7CEFE0028B4D1BD
:10178000A06919A9FFF7C8FE0028AED1E0690BA92E
:10179000FFF7C2FE0028A8D1206A0DF14301FFF730
:1017A000BBFE0028A1D1606A15A9FFF7B5FE00288D
:1017B0009BD1A06A1AA9FFF7AFFE002895D1E06A75
:1017C0001BA9FFF7A9FE00288FD10BA8FFF762F82D
:1017D000044600288AD0C21C87D0831D0CBF032476
:1017E000012483E7A81B03089C19030830B5536E36
:1017F000012B99B00D46144617D11D491068F4F716
:1018000017FD044618B10224204619B030BD03A8C4
:10181000FFF776F8179B0193169B00932946DDE9A5
:101820001423144805F086FAEEE7042BEBD1106878
:1018300014A9FFF771FE0028E5D1606815A9FFF72C
:101840006BFE0028DFD1A06816A9FFF765FE00280F
:10185000D9D1E06817A9FFF75FFE0028D3D1DDE9F1
:1018600014239A42CFD803A8FFF748F90446CBE7E0
:10187000A81B0308C519030830B5536E012B99B096
:101880000D46144617D11D491068F4F7D1FC0446E3
:1018900018B10224204619B030BD03A8FFF730F874
:1018A000179B0193169B00932946DDE914231448E6
:1018B00005F040FAEEE7042BEBD1106814A9FFF70E
:1018C0002BFE0028E5D1606815A9FFF725FE00284A
:1018D000DFD1A06816A9FFF71FFE0028D9D1E06864
:1018E00017A9FFF719FE0028D3D1DDE914239A4286
:1018F000CFD803A8FFF78EF90446CBE7A81B03084F
:10190000C519030810B5546E1CB9FEF73FFF2046F9
:1019100010BD0224FBE70000F8B5546E012C0E4602
:1019200002D002242046F8BD176811493846F4F762
:101930007FFC054640B904F0B3FB314602460D4832
:1019400005F0F8F92C46EDE70A22002138461CF094
:10195000D3F801280546E4D8FDF7AEFA0028E1D116
:10196000284604F0A3FB041E18BF0124DAE700BFD9
:10197000A81B0308D619030870B5546E012C86B055
:101980000E46154615D125491068F4F751FC04465A
:1019900018B10224204606B070BD03A8FFF7B0FAC4
:1019A000059B00933146DDE903231D4805F0C2F98C
:1019B000F0E7032CEDD1106803A9FFF7ADFD002877
:1019C000E7D1686804A9FFF7A7FD0028E1D1A8685E
:1019D00005A9FFF7A1FD0028DBD1F6F795FD039AD5
:1019E000B0B1104B1344104A9342D2D8049B053B2C
:1019F000112BCED8059BB3F5803FCAD203A8FFF7C1
:101A000089FA48B1C31CC4D0063018BF0124C1E70D
:101A1000064B1344064AE7E70446BBE7A81B030846
:101A2000DE19030800BA3CDC002A7515802E0FF77A
:101A30008074D21A70B50E461446FBF7B3FA01282B
:101A40002DD1636E012B02D00224204670BD256883
:101A500014492846F4F7ECFB044690B12846F4F705
:101A60008FFB2B462844984213D10A220021284696
:101A70001CF042F8C0B20728E6D8FBF7A0FB002410
:101A8000E3E7FBF79AFB31460246074805F052F9B7
:101A9000DBE713F8012B303A092AE4D9D4E708240C
:101AA000D3E700BFA81B0308D6190308F7B50E46F5
:101AB0001446FBF777FA012824D1154B1B78042B29
:101AC00022D1FBF78AFB0746FBF77BFB636E012BFA
:101AD00005461BD120680F49F4F7AAFB0446A8B9B4
:101AE0000D4AB5FBF2F34FF47A7002FB1352314604
:101AF000B2FBF0F209480092FAB205F01BF9204659
:101B000003B0F0BD0824FAE70524F8E70224F6E75D
:101B1000542F0020A81B030840420F00EC190308B3
:101B200038B50D461446FBF73DFA012815D10E4B8A
:101B30001B78042B13D1636E012B12D120680B4943
:101B4000F4F776FB044660B9FBF754FB29460246DE
:101B5000074805F0EFF8204638BD0824FBE70524C8
:101B6000F9E70224F7E700BF542F0020A81B030861
:101B7000D619030830B58BB00D461446FBF712FAA0
:101B800001281FD1124B1B78042B1DD1636E012B32
:101B90001CD120680F49F4F74BFB0446B0B905A8E7
:101BA000FBF7FAFE079B0293069B0193099B0093A8
:101BB000BDF81420089B0848294605F0BBF82046CC
:101BC0000BB030BD0824FAE70524F8E70224F6E755
:101BD000542F0020A81B0308FA19030830B589B058
:101BE0000D461446FBF7DEF9012819D1636E012B6F
:101BF00018D120680C49F4F71BFB044690B9014644
:101C00001A22009001A8F7F727F86846FBF704FBB3
:101C100006486A46294605F08DF8204609B030BDD1
:101C20000824FAE70224F8E7A81B03080E1A0308A1
:101C300010B5546E1CB904F0F0FD204610BD02240E
:101C4000FBE7506E002818BF02207047F0B514461D
:101C50008BB00D462122002101A8F6F7FDFF636E2F
:101C6000012B19D120680D49F4F7E2FA044698B91E
:101C70000B4B01AE03F1200718685968324603C2C6
:101C80000833BB421646F7D1064801AA294605F09B
:101C900051F820460BB0F0BD0224FAE7A81B030858
:101CA000005000080E1A0308536E012B73B50D4641
:101CB00023D1166812493046F4F7BAFA044660B9DF
:101CC000FAF7DBFD294602460E4805F033F80E48C8
:101CD00005F030F8204602B070BD0DF10701304626
:101CE000FFF71AFC044630B99DF80700012802D816
:101CF000FAF7C1FDEEE70224ECE70124EAE700BFB2
:101D0000A81B0308161A03082AFC020810B5546E13
:101D10001CB905F07BFA204610BD0224FBE7536E88
:101D200010B58BB9FCF72AFF60B903F01DFB044620
:101D300003F024FB044303D105F068FA204610BDEC
:101D4000063403D00124F9E70224F7E70324F5E77A
:101D500010B5546E4CB903F05FFC20B9012003F0BC
:101D600061FC204610BD2046F9E70224F9E7000097
:101D7000F0B5556E012D87B00F46144603D00225ED
:101D8000284607B0F0BD166828493046F4F750FAE7
:101D9000C8B9122101A803F003FC04460028EFD1C2
:101DA0002348244E394604F0C5FF01AD15F8011B48
:101DB0003046013404F0BEFF122CF7D11E4804F067
:101DC000B9FF0025DCE73378002BD8D03046F4F794
:101DD000D7F91228D3D8122101A803F0E1FB00287B
:101DE000CED101AB13F8012B002AC9D10130122842
:101DF000F8D124682046F4F7C3F92246014620446E
:101E0000904206D1204603F0E5FB051E18BF0125D0
:101E1000B6E712F8013BA3F13005092DF0D923F004
:101E20002003413B192BAAD8EAE700BFA81B0308EF
:101E30001C1A0308201A03082AFC020870B5556E04
:101E4000012D86B00E461FD110491068F4F7F0F945
:101E5000D0B9122101A803F0A3FB044688B931468A
:101E60000B480C4E04F066FF01AD15F8011B30461F
:101E7000013404F05FFF122CF7D1074804F05AFF39
:101E80000025284606B070BD0225FAE7A81B030806
:101E90001C1A0308201A03082AFC0208536E012B9F
:101EA00037B50D4614D10B491068F4F7C1F9044653
:101EB00070B901A819F066FB0198F4F727FB0246F8
:101EC0000B460548294604F035FF204603B030BDD7
:101ED0000224FAE7A81B0308231A0308536E012BF8
:101EE00037B50D4614D10B491068F4F7A1F9044633
:101EF00070B901A819F066FB0198F4F707FB0246D8
:101F00000B460548294604F015FF204603B030BDB6
:101F10000224FAE7A81B0308231A030838B5536EF6
:101F2000012B0D460FD109491068F4F781F90446D9
:101F300048B9074B074A1B6812680748294604F04E
:101F4000F9FE204638BD0224FBE700BFA81B0308AA
:101F5000C0010020BC0100202B1A030838B5536EC5
:101F6000012B0D460DD108491068F4F761F90446BC
:101F700038B9064B06481A68294604F0DBFE2046AD
:101F800038BD0224FBE700BFA81B0308D0010020D6
:101F90000E1A030838B5536E012B0D460DD10849B2
:101FA0001068F4F745F9044638B9064B06481A6834
:101FB000294604F0BFFE204638BD0224FBE700BFDF
:101FC000A81B0308D40100200E1A030830B5536E75
:101FD000012B8BB00D4613D10A491068F4F728F98C
:101FE000044668B98DF82400202101A803F03EFAC8
:101FF000054801AA294604F09DFE20460BB030BDDD
:102000000224FAE7A81B03080E1A030830B5536E22
:10201000012B8BB00D4613D10A491068F4F708F96B
:10202000044668B98DF82400202101A803F042FA83
:10203000054801AA294604F07DFE20460BB030BDBC
:102040000224FAE7A81B03080E1A030838B5536EDA
:10205000012B0D460DD108491068F4F7E9F8044644
:1020600038B9064B06481A68294604F063FE204634
:1020700038BD0224FBE700BFA81B0308B8010020FD
:102080000E1A030830B5536E012B8BB00D4613D1D9
:102090000A491068F4F7CCF8044668B98DF82400B2
:1020A000202101A803F0F4F9054801AA294604F00B
:1020B00041FE20460BB030BD0224FAE7A81B0308FE
:1020C0000E1A030838B5536E012B0D460DD1084981
:1020D0001068F4F7ADF8044638B9064B06481A689C
:1020E000294604F027FE204638BD0224FBE700BF46
:1020F000A81B0308C40100200E1A0308F0B5556E92
:10210000012D85B00F46144603D00225284605B0A0
:10211000F0BD166821493046F4F78AF8C8B9102195
:10212000684603F001FA04460028EFD11C481D4E12
:10213000394604F0FFFD6D4615F8011B30460134A9
:1021400004F0F8FD102CF7D1174804F0F3FD00253A
:10215000DCE73378002BD8D03046F4F711F810289C
:10216000D3D81021684603F0DFF90028CED12468C7
:102170002046F4F705F8234601462044984206D14C
:10218000204603F0E3F9051E18BF0125BEE713F84A
:10219000012B203A5E2AF1D9B7E700BFA81B03083C
:1021A0001C1A0308201A03082AFC020830B5536ED3
:1021B000012B87B00D4615D10B491068F4F738F89C
:1021C000044678B905AA04A903A8F9F779FD039B89
:1021D00000930648DDE90432294604F0ABFD2046B1
:1021E00007B030BD0224FAE7A81B0308361A03081B
:1021F00038B50D461446FAF7D5FE88B1636E012B4B
:1022000010D120680849F4F713F8044650B9FAF7DA
:10221000F7FF29460246054804F08CFD204638BDEC
:102220000824FBE70224F9E7A81B03088C1903081C
:10223000F7B50D461446FAF7B5FE01282AD1636EAC
:10224000012B29D120681549F3F7F2FF044618BB8A
:1022500029461348134E144F04F06CFD254668467A
:10226000FCF7C4FD0E3005D0104804F063FD204695
:1022700003B0F0BDBDF80430002BF0D015B13046EE
:1022800004F058FD9DF906200099384604F052FDEF
:102290000135E4E70824EAE70224E8E7A81B03087D
:1022A0001C1A0308481A03082FF602082AFC020821
:1022B00038B50D461446FAF775FE88B1636E012BEA
:1022C00010D120680849F3F7B3FF044650B9FAF774
:1022D0009DFF29460246054804F02CFD204638BDE6
:1022E0000824FBE70224F9E7A81B03088C1903085C
:1022F00073B50D461446FAF755FE012821D1636ED9
:10230000012B20D1266811493046F3F791FF04468E
:1023100048B9FAF764FD294602460D4804F00AFD63
:10232000204602B070BD0DF107013046FFF7F4F80A
:1023300048B99DF80700072805D8FAF752FD04466A
:10234000EEE70824ECE70224EAE700BFA81B030835
:10235000D619030870B50E461446FAF723FE012875
:102360002FD1636E012B02D00224204670BD256858
:1023700015492846F3F75CFF0446A0B12846F3F759
:10238000FFFE2B462844984215D10A2200212846F8
:102390001BF0B2FB0128E7D8C0B2FAF72BFD041EF0
:1023A00018BF0124E1E7FAF723FD3146024607484A
:1023B00004F0C0FCD9E713F8012B303A092AE2D91E
:1023C000D2E70824D1E700BFA81B0308D6190308E9
:1023D00038B50D461446FAF7E5FD012811D1636EB4
:1023E000012B10D120680949F3F722FF044650B9A8
:1023F000FAF702FD29460246054804F09BFC2046F8
:1024000038BD0824FBE70224F9E700BFA81B030836
:10241000D61903082DE9F04186B00F461546FAF7A4
:10242000C1FD012877D13E4BD5F864800FCB02AEB9
:10243000B8F1010F86E80F001CD13A492868F3F77C
:10244000F7FE044668BBFBF785FA0546FBF784FAFE
:102450000646FBF783FA8046FBF782FA3346CDE95E
:1024600000802A463048394604F064FC204606B015
:10247000BDE8F081B8F1040F13DD0224F6E713F88C
:10248000012B303A092AF8D89842F8D10137B845DB
:102490002ADD55F827402046F3F772FE23462044F4
:1024A000F2E70027F3E755F824000A2200211BF089
:1024B00023FB46F8240001346B6EA342F3DC002BAF
:1024C00014D101230293DDE90423DDE90201FBF7C6
:1024D000C1FC04460028C9D0831D1ED010F1110F85
:1024E0000CBF0A240124C1E70024E5E7029AEADDD3
:1024F000012AC2D8012B039AE5D0012ABDD8022BAC
:10250000049AE0D0073AF82AB7D8042B059ADAD112
:10251000FF2AD8D9B1E70824A8E70324A6E700BF1B
:10252000F0DC0208A81B0308C519030870B50E46A5
:102530001446FAF737FD012835D1636E012B02D01E
:102540000224204670BD256818492846F3F770FE1E
:102550000446D0B12846F3F713FE2B462844984290
:102560001BD10A22002128461BF0C6FA0128E7D811
:102570000121C0B2FBF724FE04460028E1D010F18F
:10258000110F0CBF0A240124DBE7FAF71AFD3146CC
:102590000246074804F0CEFBD3E713F8012B303A8C
:1025A000092ADCD9CCE70824CBE700BFA81B030825
:1025B000D619030838B50D461446FAF7F3FC01287E
:1025C00011D1636E012B10D120680949F3F730FE59
:1025D000044650B9FAF7F7FC29460246054804F0CC
:1025E000A9FB204638BD0824FBE70224F9E700BF19
:1025F000A81B0308D61903082DE9F041C2B00E4606
:102600001446FAF7CFFC01282CD1636E012B2BD195
:1026100020681649F3F70CFE044628BB4FF480727D
:1026200002A90DF10700FBF79DF9314605469DF81B
:1026300007200F48DFF8408004F07CFBEDB202AECB
:102640002746FBB29D4206D80A4804F073FB204699
:1026500042B0BDE8F08116F8011B404604F06AFB69
:102660000137EEE70824F2E70224F0E7A81B03088D
:102670004A1A03082AFC0208C8FA0208F0B587B013
:102680001646FAF78FFC01286DD1736E022B4FD1DD
:10269000364B34681B88ADF80C30204600238DF88B
:1026A0000E30F3F76DFD2346204483423BD1204694
:1026B0001BF051F8C0B2431EDBB2DE2B38D8756870
:1026C0008DF81000082328468DF81230F3F758FDD6
:1026D000C10704462CD4431EB3F5FA7F28D22F1825
:1026E000AF4227D1224F64080025A54229D10023FB
:1026F0008DF813308DF81130009306AB13E90C0000
:102700001B482946FAF7D4FD58B110F10C0F26D01A
:10271000821D26D0C31C0BD010F1110F0CBF0A2054
:10272000012007B0F0BD13F8012B303A092ABCD9BB
:102730000220F6E715F8010B1BF012F80028CFD1A4
:10274000F6E77368102233F81530ADF80C3000212D
:1027500003A81BF0D1F9013507F8010BC5E70620E6
:10276000DFE70320DDE70820DBE700BF00DD02082C
:10277000883800202DE9F043ADF2044D1446FAF7F5
:1027800011FC012873D1636E032B04D002200DF2DB
:10279000044DBDE8F08326683046F3F7F1FC33467C
:1027A0008046811999424FD165682846F3F7E8FCC5
:1027B0002B460746291899424CD1A5682846F3F7BD
:1027C000DFFC05EB00094D454AD1B8F1030FDDD818
:1027D000012FDBD80A22002130461BF08DF90021A1
:1027E0000A22054660681BF087F9A7680646384646
:1027F000F3F7C6FCC10784B2C8D4B4F5006FC5D8DE
:10280000B3B2012BC2D86A1E92B2DE2ABED86A4683
:1028100021463846FEF73EFE0028B7D163086A46D7
:1028200006F00101E8B2FCF78BFC0028AFD010F1F4
:102830000C0F1ED0821D1ED0C31CA7D010F1110F8B
:102840000CBF0A200120A2E713F8012B303A092A15
:10285000A8D99BE713F8012B303A092AABD995E7A1
:1028600015F8010B1AF07CFF0028ACD18EE7082088
:102870008DE706208BE7032089E7000070B5074E3F
:102880000446451814F8011B304604F053FAAC42D4
:10289000F8D1BDE87040024804F04CBAC8FA02080A
:1028A0002AFC0208F0B58BB00F461646FAF77AFB01
:1028B000012852D1746E012C51D13568294928461E
:1028C000F3F7B6FC98B908210DEB0100FAF780FA8E
:1028D000054648B93946244804F02CFA08210DEB86
:1028E0000100FFF7CBFF2C4620460BB0F0BD1F4B7D
:1028F0001B88ADF80430284600238DF80630F3F726
:102900003FFC10282BD16C1E0F3514F8010F1AF064
:1029100027FF20B3AC42F8D102AD00242F46336824
:1029200010221B5BADF80430002101A81BF0E4F875
:102930000234102C05F8010BF1D108213846FBF7C1
:10294000A1F90028D1D0831D05D010F1110F0CBFC3
:102950000A200120C9E70320C7E70820C5E70220B5
:10296000C3E700BFA81B03081C1A030803DD020805
:10297000F0B58BB00F461646FAF714FB012850D17C
:10298000746E012C4FD1356828492846F3F750FC66
:1029900088B9102102A8FAF71DFA054640B9394650
:1029A000234804F0C7F9102102A8FFF767FF2C465F
:1029B00020460BB0F0BD1F4B1B88ADF804302846F5
:1029C00000238DF80630F3F7DBFB20282BD16C1E9B
:1029D0001F3514F8010F1AF0C3FE20B3AC42F8D132
:1029E00002AD00242F46336810221B5BADF8043083
:1029F000002101A81BF080F80234202C05F8010BFF
:102A0000F1D110213846FBF75EF90028D1D0831DA3
:102A100005D010F1110F0CBF0A200120C9E70320D7
:102A2000C7E70820C5E70220C3E700BFA81B0308CB
:102A30001C1A030803DD0208F0B58BB00F461646DA
:102A4000FAF7B0FA012850D1746E012C4FD13568D5
:102A500028492846F3F7ECFB88B9102102A8FAF7B9
:102A6000C5FA054640B93946234804F063F91021F8
:102A700002A8FFF703FF2C4620460BB0F0BD1F4B0A
:102A80001B88ADF80430284600238DF80630F3F794
:102A900077FB20282BD16C1E1F3514F8010F1AF07C
:102AA0005FFE20B3AC42F8D102AD00242F4633685C
:102AB00010221B5BADF80430002101A81BF01CF8AC
:102AC0000234202C05F8010BF1D110213846FBF718
:102AD00024F90028D1D0831D05D010F1110F0CBFAF
:102AE0000A200120C9E70320C7E70820C5E7022024
:102AF000C3E700BFA81B03081C1A030803DD020874
:102B0000F7B50F461646FAF74DFA01285BD1746EF9
:102B1000012C5AD135682E492846F3F789FBE0B9D4
:102B200004210DEB0100FAF78FFA054690B9294808
:102B3000394604F0FFF82C46274D01AE16F8011B6C
:102B40002846013404F0F6F8042CF7D1234804F0A9
:102B5000F1F80024204603B0F0BD214B1B88ADF8EE
:102B60000030284600238DF80230F3F709FB0828CF
:102B70002BD16C1E073514F8010F1AF0F1FD20B3AC
:102B8000AC42F8D101AD00242F46336810221B5B04
:102B9000ADF80030002168461AF0AEFF0234082C70
:102BA00005F8010BF1D104213846FBF7D7F80028CE
:102BB000D1D0831D05D010F1110F0CBF0A200120C8
:102BC000C9E70320C7E70820C5E70220C3E700BF25
:102BD000A81B03081C1A0308C8FA02082AFC0208EA
:102BE00003DD0208F0B58BB00F461646FAF7DAF9A6
:102BF000012852D1746E012C51D1356829492846DB
:102C0000F3F716FB98B908210DEB0100FAF7E4F889
:102C1000054648B93946244804F08CF808210DEBE4
:102C20000100FFF72BFE2C4620460BB0F0BD1F4BDA
:102C30001B88ADF80430284600238DF80630F3F7E2
:102C40009FFA10282BD16C1E0F3514F8010F1AF0C3
:102C500087FD20B3AC42F8D102AD00242F46336883
:102C600010221B5BADF80430002101A81AF044FFCC
:102C70000234102C05F8010BF1D108213846FBF77E
:102C800090F80028D1D0831D05D010F1110F0CBF92
:102C90000A200120C9E70320C7E70820C5E7022072
:102CA000C3E700BFA81B03081C1A030803DD0208C2
:102CB00073B50E461546FAF775F9012828D16C6EE2
:102CC000012C27D114492868F3F7B2FA10BB04216C
:102CD0000DEB0100FAF7DBF90546B0B931460F48B4
:102CE00004F028F89DF806100D4804F023F89DF82C
:102CF00005100B4804F01EF89DF80410084804F075
:102D000019F8084804F016F82C46204602B070BDA9
:102D10000824FAE70224F8E7A81B03081C1A030892
:102D2000C8FA02082AFC0208F0B58BB00F46164616
:102D3000FAF738F9012850D1746E012C4FD135685B
:102D400028492846F3F774FA88B9102102A8FAF73F
:102D5000C0F9054640B93946234803F0EBFF10217E
:102D600002A8FFF78BFD2C4620460BB0F0BD1F4B91
:102D70001B88ADF80430284600238DF80630F3F7A1
:102D8000FFF920282BD16C1E1F3514F8010F1AF003
:102D9000E7FC20B3AC42F8D102AD00242F463368E3
:102DA00010221B5BADF80430002101A81AF0A4FE2C
:102DB0000234202C05F8010BF1D110213846FBF725
:102DC00016F80028D1D0831D05D010F1110F0CBFCB
:102DD0000A200120C9E70320C7E70820C5E7022031
:102DE000C3E700BFA81B03081C1A030803DD020881
:102DF000F0B5546E012C85B00E461CD117680F49F2
:102E00003846F3F715FA054680B96846F9F7E6FF44
:102E1000012808D131460A4803F08CFF102168468A
:102E2000FFF72CFD2C46204605B0F0BD3846F3F7E1
:102E3000A7F92028F7D00224F5E700BFA81B030854
:102E40001C1A0308B0B5546E00AFBCB96D46ADF5A1
:102E5000006D6A464FF40061094803F0E1FC4FF44D
:102E60000061084803F006FE6A4606484FF4006118
:102E700003F07EFDAD462046BD46B0BD0224FAE714
:102E800000F003080070030830B599B01446FAF753
:102E900089F8012840F08580636E043B032B02D93A
:102EA000022019B030BD25683F492846F3F7C0F924
:102EB00028B13E492846F3F7BBF9002855D1012334
:102EC00060688DF82C300CA9FEF717FB0028E7D1BD
:102ED000A06811AA2021FEF7DDFA0028E0D1E06801
:102EE0000DAA2021FEF7D6FA0028D9D1636E1590DD
:102EF000052B8DF85800ADF85A00D1D013DD2069AC
:102F000015A9FEF709FB0028CAD165692B78302B7B
:102F10003FD127492846F3F78BF9002832D10A9090
:102F20000A9B8DF85830636E072B0ED1A0690AA951
:102F3000FEF7F2FA0028B3D10A9B072BB0D89DF810
:102F40002C20012A28D1ADF85A300FAD0FCD6C4698
:102F50000FC40FCD0FC42B6823600BAB0FCBFCF756
:102F600033F940B2FEF740FB9BE712492846F3F7DE
:102F70005FF928B110492846F3F75AF900288FD194
:102F800002239DE70AA9681CFEF7C6FA0028C7D0ED
:102F900086E70AA92846F7E7022AD6D1002BD4D023
:102FA0007EE708207DE700BF511A030878F8020881
:102FB0009E1B0308211A0308AD0E030813B514461F
:102FC000F9F7F0FF01280ED1636E012B08D12068BC
:102FD00001A9FEF792FA18B90198FCF7F5F900B1CA
:102FE000022002B010BD0820FBE700002DE9F04FE1
:102FF0008FB01546F9F7D6FF0128044660D16B6EF5
:10300000012B5FD128683049F3F712F905460028F3
:1030100058D1DFF8D480DFF8D490DFF8D4A001A82D
:10302000FCF7F6F90E3006D0284803F083FE284658
:103030000FB0BDE8F08F012C02D9404603F07AFEB4
:10304000029B002B35D12248DFF8A8B003F072FEB6
:103050000299204803F06EFE07AF002617F8011B07
:103060005846013603F066FE102EF7D11A48DFF8F5
:1030700084B003F05FFE03AF002617F8011B58462B
:10308000013603F057FE102EF7D1134803F052FE1D
:103090000B99124803F04EFE9DF93010104803F0D2
:1030A00049FE0134BDF832100E4803F043FEE4B28D
:1030B000B5E79DF80430012B0CBF50464846C3E7E6
:1030C0000825B4E70225B2E7A81B03082AFC02087A
:1030D000531A03085C1A0308541A0308621A0308F7
:1030E000681A030832F60208481A0308591A030836
:1030F000561A0308C8FA020870B50E461446F9F7C6
:1031000051FF012839D1636E012B02D002242046E1
:1031100070BD25681B492846F3F78AF80446F0B1CC
:103120002846F3F72DF82B46284498421FD10A224F
:10313000002128461AF0E0FC0128E7D801210840C8
:10314000FAF7CBFF04460028E1D0821D17D0C31C3C
:10315000DCD010F1110F0CBF0A240124D7E7F9F7D6
:10316000E6FF31460246084803F0E4FDCFE713F8D6
:10317000012B303A092AD8D9C8E70824C7E7032425
:10318000C5E700BFA81B03088C1903082DE9F84305
:103190000D469146F9F706FF01285CD1D9F8646025
:1031A000012E55D1D9F800702F493846F3F740F871
:1031B000804620BBF9F7BDFF01280AD002281BD0AA
:1031C00000284BD12948294603F0B4FD4046BDE80C
:1031D000F883FAF7F3FC294603280BD8DFE800F060
:1031E000020406082248EFE72248EDE72248EBE711
:1031F0002248E9E72248E7E722482946E4E722494E
:1032000038461AF023FB38B93146FAF78DFF0446E9
:1032100010B94FF00008D9E71C49D9F800001AF09E
:1032200015FB30B901210846FAF77EFF0446002855
:10323000EFD01749D9F800001AF008FB30B9012186
:103240000220FAF771FF04460028E2D0113407D0BB
:103250004FF00208BAE74FF00808B7E7B046B5E705
:103260004FF00A08B2E700BFA81B03086E1A030854
:10327000751A03087F1A0308891A0308931A0308AA
:103280009D1A0308A41A0308AB1A030878F8020869
:10329000AD0E030870B50E461446F9F783FE0128FB
:1032A0002DD1636E2568012B05D116492846F2F70A
:1032B000BFFF044698B12846F2F762FF2B46284428
:1032C000834215D10A22002128461AF015FCC0B20B
:1032D000012812D8BDE870400121F9F733BFF9F792
:1032E0002AFF31460246084803F024FD204670BDFF
:1032F00013F8012B303A092AE2D90224F6E7082410
:10330000F4E700BFA81B03088C19030870B50E462C
:103310001446F9F747FE012835D1636E012B02D020
:103320000224204670BD256818492846F2F780FF20
:103330000446D0B12846F2F723FF2B462844984292
:103340001BD10A22002128461AF0D6FB0121C0B267
:10335000FAF7F8FF04460028E3D0C31CE0D010F1D0
:10336000110F0CBF0A240124DBE7F9F7F8FE314600
:103370000246074803F0DEFCD3E713F8012B303A8E
:10338000092ADCD9CCE70824CBE700BFA81B030837
:10339000D619030870B50E461446F9F703FE012846
:1033A00043D1636E012B02D00224204670BD2568F4
:1033B0001F492846F2F73CFF044628B32846F2F797
:1033C000DFFE2B462844984229D10A2200212846B4
:1033D0001AF092FB431E0D2B0446E5D8F9F7CEFEFA
:1033E0004FF47A72B0FBF2F3A342DDD902FB04F092
:1033F0000121FBF71FF904460028D6D010F1110F68
:103400000CBF0A240124D0E7F9F7B6FE4FF47A7214
:103410003146B0FBF2F2074803F08CFCC5E713F825
:10342000012B303A092ACED9BEE70824BDE700BFF8
:10343000A81B0308D619030870B50E461446F9F701
:10344000B1FD012843D1636E012B02D00224204636
:1034500070BD25681F492846F2F7EAFE044628B3E6
:103460002846F2F78DFE2B462844984229D10A229D
:10347000002128461AF040FB831E0D2B0446E5D898
:10348000F9F77AFE4FF47A72B0FBF2F3A342DDD281
:1034900002FB04F00121FBF7ECF804460028D6D02B
:1034A00010F1110F0CBF0A240124D0E7F9F766FED2
:1034B0004FF47A723146B0FBF2F2074803F03AFC5F
:1034C000C5E713F8012B303A092ACED9BEE7082404
:1034D000BDE700BFA81B0308D619030870B50E4648
:1034E0001446F9F75FFD012835D1636E012B02D038
:1034F0000224204670BD256818492846F2F798FE38
:103500000446D0B12846F2F73BFE2B4628449842A9
:103510001BD10A22002128461AF0EEFA0128E7D82A
:1035200001210840FBF7C4F804460028E1D010F15F
:10353000110F0CBF0A240124DBE7F9F721FE314605
:103540000246074803F0F6FBD3E713F8012B303AA5
:10355000092ADCD9CCE70824CBE700BFA81B030865
:103560008C19030870B50E461446F9F71BFD0128A7
:103570003BD1636E012B02D00224204670BD25682A
:103580001B492846F2F754FE0446E8B12846F2F7F4
:10359000F7FD2B462844984221D10A2200212846D3
:1035A0001AF0AAFA431E0E2BE6D84FF47A730121C3
:1035B0005843FBF79DF804460028DED010F1110FA8
:1035C0000CBF0A240124D8E7F9F7DCFD4FF47A7226
:1035D0003146B0FBF2F2074803F0ACFBCDE713F83D
:1035E000012B303A092AD6D9C6E70824C5E700BF1F
:1035F000A81B0308D619030870B50E461446F9F740
:10360000D1FC01283BD1636E012B02D0022420465D
:1036100070BD25681B492846F2F70AFE0446E8B14A
:103620002846F2F7ADFD2B462844984221D10A22C4
:10363000002128461AF060FA831E0E2BE6D84FF4BC
:103640007A7301215843FBF782F804460028DED044
:1036500010F1110F0CBF0A240124D8E7F9F7A9FDD6
:103660004FF47A723146B0FBF2F2074803F062FB86
:10367000CDE713F8012B303A092AD6D9C6E708243A
:10368000C5E700BFA81B0308D619030870B50E468E
:103690001446F9F787FC012835D1636E012B02D05F
:1036A0000224204670BD256818492846F2F7C0FD5F
:1036B0000446D0B12846F2F763FD2B4628449842D1
:1036C0001BD10A22002128461AF016FA0121C0B2A5
:1036D000FBF7BCF804460028E3D0C31CE0D010F18F
:1036E000110F0CBF0A240124DBE7F9F7C7FD3146AF
:1036F0000246074803F01EFBD3E713F8012B303ACC
:10370000092ADCD9CCE70824CBE700BFA81B0308B3
:10371000D619030870B50E461446F9F743FC012884
:1037200034D1636E012B02D00224204670BD25687F
:1037300017492846F2F77CFD0446C8B12846F2F73F
:103740001FFD2B46284498421AD10A220021284600
:103750001AF0D2F90121FBF753F804460028E4D00F
:10376000C31CE1D010F1110F0CBF0A240124DCE7C7
:10377000F9F774FD31460246064803F0DBFAD4E758
:1037800013F8012B303A092ADDD9CDE70824CCE71C
:10379000A81B0308D619030870B50E461446F9F79E
:1037A00001FC012837D1636E012B02D00224204690
:1037B00070BD256819492846F2F73AFD0446E0B184
:1037C0002846F2F7DDFC2B46284498421DD10A22F8
:1037D000002128461AF090F9C0B20F28E6D801213E
:1037E000FAF7E4FF04460028E1D0C31CDED010F154
:1037F000110F0CBF0A240124D9E7F9F7DCFC31468C
:103800000246074803F096FAD1E713F8012B303A45
:10381000092ADAD9CAE70824C9E700BFA81B0308A8
:10382000D619030873B50D461446F9F7BBFB0128FA
:1038300023D1636E2668012B0FD111493046F2F770
:10384000F7FC044648B9F9F729FD294602460D4818
:1038500003F070FA204602B070BD0DF1070130464A
:10386000FDF75AFE38B99DF80700022803D8F9F78A
:1038700017FD0446EEE70224ECE70824EAE700BF60
:10388000A81B03088C19030873B50D461446F9F7F5
:1038900089FB012826D1636E2668012B0FD11249BE
:1038A0003046F2F7C5FC044648B9FAF739F829461C
:1038B00002460E4803F03EFA204602B070BD0DF1FC
:1038C00007013046FDF728FE50B99DF80700012892
:1038D00006D8FAF72BF840B2FDF786FE0446EBE770
:1038E0000224E9E70824E7E7A81B03088C1903086A
:1038F00073B50D461446F9F755FB012826D1636EC2
:103900002668012B0FD112493046F2F791FC04468C
:1039100048B9FAF78EF9294602460E4803F00AFA2A
:10392000204602B070BD0DF107013046FDF7F4FDF1
:1039300050B99DF80700012806D8FAF77CF940B283
:10394000FDF752FE0446EBE70224E9E70824E7E727
:10395000A81B03088C19030870B50D461446F9F727
:1039600021FB01281DD1636E2668012B0ED10E4963
:103970003046F2F75DFC044640B9FAF75EF9294695
:1039800002460A4803F0D6F9204670BD304619F0C9
:10399000E2FE00B2FAF753F940B2FDF725FE044605
:1039A000F2E70824F0E700BFA81B03088C190308FE
:1039B00073B50D461446F9F7F5FA012822D1636E66
:1039C0002668012B0FD110493046F2F731FC04462E
:1039D00048B9FAF736F9294602460C4803F0AAF925
:1039E000204602B070BD01A93046FDF795FD08B133
:1039F0000224F5E70198FAF726F940B2FDF7F4FD45
:103A00000446EDE70824EBE7A81B03088C1903081C
:103A100070B5084E451E00F10F0415F8011F304621
:103A200003F088F9A542F8D1BDE87040024803F0E0
:103A300081B900BFC8FA02082AFC02082DE9F0414A
:103A4000546E012C0F46154603D002242046BDE8D3
:103A5000F081D2F8008018494046F2F7E9FB0646AB
:103A600040B9F9F79FFA39460246144803F062F963
:103A70003446EBE74046F2F783FB0128E5D1FBF73C
:103A80002FFE20B10E4803F055F90324DEE7286825
:103A90000378303B022BD8D819F05DFEC0B2F9F79D
:103AA00086FA05460028D1D1064803F043F92C4692
:103AB00003F0ACFBCAE700BFA81B0308D619030834
:103AC000AD1A03087AF8020873B50D461446FBF7E1
:103AD00001FE01282ED0636E012B2DD126681749D7
:103AE0003046F2F7A5FB044648B9FBF705FE294628
:103AF0000246134803F01EF9204602B070BD01A92A
:103B00003046FDF709FDB8B9019A0E4B13440E4A31
:103B1000934211D8FBF7E4FD20B10C4803F00AF9F9
:103B20000324E9E70198FCF7C5FB40B2FDF75CFD13
:103B30000446E1E70824DFE70224DDE7A81B0308C9
:103B4000D6190308802E0FF7809E4730AD1A030860
:103B500073B50D461446FBF7BDFD01282CD0636EEE
:103B6000012B2BD1266816493046F2F761FB04463B
:103B700048B9FBF7DFFD29460246124803F0DAF8A0
:103B8000204602B070BD01A93046FDF7C5FCA8B9BA
:103B9000019B053B072B11D8FBF7A2FD20B10A487A
:103BA00003F0C8F80324EBE79DF80400FCF7A2FB40
:103BB000041E18BF0124E3E70824E1E70224DFE73D
:103BC000A81B0308D6190308AD1A030873B50D46E0
:103BD0001446FBF77FFD012828D0636E012B27D107
:103BE000266814493046F2F723FB044648B9FBF730
:103BF000AAFD29460246104803F09CF8204602B070
:103C000070BD01A93046FDF787FC88B9FBF768FD58
:103C100020B10A4803F08EF80324EFE70198FCF77F
:103C200077FB40B2FDF7E0FC0446E7E70824E5E750
:103C30000224E3E7A81B0308D6190308AD1A0308FA
:103C400073B50D461446FBF745FD012829D0636E78
:103C5000012B28D1266815493046F2F7E9FA0446C7
:103C600048B9FBF7A3FD29460246114803F062F864
:103C7000204602B070BD01A93046FDF74DFC90B959
:103C8000FBF72EFD20B10B4803F054F80324EFE7B7
:103C90009DF80400FCF76AFB40B2FDF7A5FC044662
:103CA000E6E70824E4E70224E2E700BFA81B0308D4
:103CB000D6190308AD1A030873B50D461446FBF771
:103CC00009FD01282ED0636E012B2DD126681749DE
:103CD0003046F2F7ADFA044648B9FBF76FFD2946C6
:103CE0000246134803F026F8204602B070BD01A931
:103CF0003046FDF711FCB8B9019B4FF6FA72053B4F
:103D0000934211D8FBF7ECFC20B10A4803F012F8FB
:103D10000324E9E7BDF80400FCF734FB041E18BFD8
:103D20000124E1E70824DFE70224DDE7A81B0308FC
:103D3000D6190308AD1A030873B50D461446FBF7F0
:103D4000C9FC01282CD0636E012B2BD126681649A3
:103D50003046F2F76DFA044648B9FBF737FD2946BD
:103D60000246124802F0E6FF204602B070BD01A9EB
:103D70003046FDF7D1FBA8B9019B053B112B11D8AB
:103D8000FBF7AEFC20B10A4802F0D4FF0324EBE7B6
:103D90009DF80400FCF702FB041E18BF0124E3E7B2
:103DA0000824E1E70224DFE7A81B0308D61903086B
:103DB000AD1A030830B5C1B01546FBF78BFC0128DE
:103DC00031D06B6E012B0FD12C6818492046F2F7C9
:103DD0002FFA48B12046F2F7D3F90446FBF7FFFC6F
:103DE00004F00103D0B10BB1022015E0B4F5DF7F80
:103DF000FAD828686A462146FDF74CFB0028F3D123
:103E0000FBF7F9FCC4F3470102466846FCF79CF94E
:103E1000831D0CBF0320002041B030BD002BE3D137
:103E2000B4F5FA7FE4E70820F6E700BFA81B030813
:103E300037B51446FBF74EFC012824D0636E012BE6
:103E400023D1256812492846F2F7F2F9044650B901
:103E5000FBF746FC28B10F4802F06CFF204603B088
:103E600030BD0D48F8E701A92846FDF755FB60B9BC
:103E70000198B0F5803F08D2FCF7C8F940B2FDF7D1
:103E8000B3FB0446EAE70824E8E70224E6E700BFBC
:103E9000A81B0308E81A0308F41A030873B50D46B3
:103EA0001446FBF717FC01282DD0636E012B2CD193
:103EB000266817493046F2F7BBF9044648B9FBF7C4
:103EC0008EFC29460246134802F034FF204602B019
:103ED00070BD01A93046FDF71FFBB0B9019B012B56
:103EE00013D8FBF7FDFB20B10B4802F023FF03249E
:103EF000ECE70198003818BF0120FBF772FC041EA4
:103F000018BF0124E2E70824E0E70224DEE700BF4F
:103F1000A81B0308D6190308AD1A030873B50D468C
:103F20001446FBF7D7FB012823D0636E012B22D167
:103F3000266812493046F2F77BF9044648B9FBF788
:103F40005AFC294602460E4802F0F4FE204602B012
:103F500070BD01A93046FDF7DFFA60B9019801286C
:103F600009D800F00100FBF74DFC041E18BF012426
:103F7000ECE70824EAE70224E8E700BFA81B0308EF
:103F8000D619030870B586B00E461546FBF7A2FB9E
:103F900001283CD06C6E012C21D12D681D4928468A
:103FA000F2F746F90146A0B9112201A8F4F754FE30
:103FB000102101A8FBF717FC054638B93146164811
:103FC00002F0B8FE01A8FFF723FD2C46204606B0FC
:103FD00070BD2846F2F7D4F82028014601D002240B
:103FE000F4E701AA2846FDF755FA0028F7D1FBF7B8
:103FF00077FB20B1094802F09DFE0324E6E710217B
:1040000001A8FBF7F2FB041E18BF0124DEE7082419
:10401000DCE700BFA81B03081C1A0308AD1A03083D
:1040200070B586B00E461546FBF754FB01283CD010
:104030006C6E012C21D12D681D492846F2F7F8F845
:104040000146A0B9112201A8F4F706FE102101A82B
:10405000FBF7CDFB054638B93146164802F06AFE3B
:1040600001A8FFF7D5FC2C46204606B070BD2846B7
:10407000F2F786F82028014601D00224F4E701AACD
:104080002846FDF707FA0028F7D1FBF729FB20B1F6
:10409000094802F04FFE0324E6E7102101A8FBF7D0
:1040A000A8FB041E18BF0124DEE70824DCE700BFDC
:1040B000A81B03081C1A0308AD1A03082DE9F04FCA
:1040C0008FB00F461546FBF705FB012800F0EE8187
:1040D0006B6E012B56D17E492868F2F7A9F8044689
:1040E000002872D102F050FB30B308A802F058FB50
:1040F0003946784802F01EFE0899774802F01AFE09
:104100009DF82410744802F015FE0A99724802F0D6
:1041100011FE9DF83010704802F00CFEBDF8321010
:104120006D4802F007FE9DF834106C4802F002FE64
:1041300020460FB0BDE8F08F3946664802F0FAFD20
:10414000FBF7DAFA0146644802F0F4FDFBF7F2FAF5
:104150000146614802F0EEFDFBF7F5FA01465E48C4
:1041600002F0E8FDFBF722FB01465B4802F0E2FDAE
:10417000FBF724FB0146584802F0DCFDFBF726FB69
:104180000146D2E7062B09D0072B1ED1AC69544952
:104190002046F2F74DF8002840F0AA80FBF7ACFA71
:1041A0008346FBF7C7FA8246FBF7CDFA8146FBF759
:1041B000FDFA8046FBF702FB0746FBF707FB03A966
:1041C00006462868FDF7A8F908B10224B0E7686838
:1041D00004A9FDF7A1F90028F7D1A86805A9FDF702
:1041E0009BF90028F1D1E86806A9FDF795F90028A8
:1041F000EBD1286907A9FDF78FF90028E5D1686997
:1042000008A9FDF789F90028DFD1039A354B13443B
:10421000354A9342D9D8049B053B072BD5D8069B3A
:10422000032BD2D8079B4FF6FA72053B9342CCD8AA
:10423000089B053B112BC8D8FBF752FA20B12B483D
:1042400002F078FD032473E70398FCF733F810F0CD
:10425000FF0425D19DF81000FCF74CF810F0FF0486
:104260001ED10598FCF754F810F0FF0418D19DF802
:104270001800FCF77BF810F0FF0411D1BDF81C000A
:10428000FCF780F810F0FF040AD19DF82000FCF73D
:1042900085F810F0FF0403D1204602F07BFA47E7CF
:1042A0005846FCF707F85046FCF724F84846FCF758
:1042B0002FF84046FCF75AF83846FCF763F83046CA
:1042C000FCF76CF860B2FDF78FF9044630E700BFE9
:1042D000A81B03081C1A03084D1A030804F7020858
:1042E0009E1B0308802E0FF7809E4730AD1A0308EF
:1042F00020466F49F1F79CFF044600287FF465AF24
:1043000002F042FA0190002800F0938008A802F021
:1043100047FADDF820B09DF824A0FBF7DBF9002870
:1043200040F081800A9E9DF83090BDF832809DF863
:104330003470286802A9FDF7EFF800287FF445AF34
:10434000686803A9FDF7E8F800287FF43EAFA86885
:1043500004A9FDF7E1F800287FF437AFE86805A964
:10436000FDF7DAF800287FF430AF286906A9FDF7D9
:10437000D3F800287FF429AF686907A9FDF7CCF8C6
:1043800000287FF422AFFBF7ABF900287FF457AF8A
:10439000FBF7A0F918B9049B7D2B5DD1049002981E
:1043A000FBF7ACF910F0FF0567D19DF80C00FBF7A7
:1043B000C3F910F0FF0560D10498FBF7D5F910F0B0
:1043C000FF055AD19DF81400FBF7F2F910F0FF0534
:1043D00053D1BDF81800FBF7F3F910F0FF054CD1ED
:1043E0009DF81C00FBF7F4F910F0FF0545D1029B86
:1043F0000893039B8DF82430FBF76CF9B0BB049B4A
:104400000A93059B8DF83030069BADF8323008A832
:10441000079B8DF8343002F0D5F9012002F0BAF98B
:10442000FBF78CFD84E6FBF755F9022808BF0B9ECD
:1044300079E7FBF761F98346FBF77CF98246FBF7E6
:1044400082F90646FBF7B2F98146FBF7B7F98046D9
:10445000FBF7BCF907466CE7FA2B02D10123049362
:104460009DE7B3F5FA7F9AD10223F8E7FBF732F91B
:10447000022804BF049B0B93C3E7019BA3B95846D2
:10448000FBF718FF5FFA8AF0FBF734FF3046FBF7C3
:104490003FFF5FFA89F0FBF769FF1FFA88F0FBF72F
:1044A00071FFF8B2FBF77AFF68B20CE708243FE629
:1044B000771B0308F7B50E461446FBF70BF90228E5
:1044C00005462DD1636E012B2CD12768164938463D
:1044D000F1F7AEFE044648B9FBF706FD3146024649
:1044E000124802F027FC204603B0F0BD01A938466F
:1044F000FDF712F8B0B9019B0D4AA3F5167393426C
:1045000010D8FBF7EDF820B10A4802F013FC0324A1
:10451000E9E70198FBF764FF041E18BF0124E2E7F6
:104520000824E0E72C46DEE7A81B0308D619030899
:1045300088910400AD1A0308F7B50E461446FBF740
:10454000C9F8022805462DD1636E012B2CD12768AE
:1045500016493846F1F76CFE044648B9FBF7C6FC2D
:1045600031460246124802F0E5FB204603B0F0BD9A
:1045700001A93846FCF7D0FFB0B9019B0D4AA3F55D
:104580001673934210D8FBF7ABF820B10A4802F03B
:10459000D1FB0324E9E70198FBF70EFF041E18BFC7
:1045A0000124E2E70824E0E72C46DEE7A81B030825
:1045B000D6190308E80A0300AD1A030873B50D46BF
:1045C0001446FBF787F801282CD0636E012B2BD102
:1045D000266816493046F1F72BFE044648B9FBF72A
:1045E00090FC29460246124802F0A4FB204602B085
:1045F00070BD01A93046FCF78FFFA8B9019C0CB132
:10460000012C11D1FBF76CF820B10A4802F092FBA3
:104610000324EBE72046FBF776FC40B2FCF7E4FF0F
:104620000446E3E70824E1E70224DFE7A81B0308C8
:10463000D6190308AD1A030873B50D461446FBF7E7
:1046400049F801282AD0636E012B29D12668154923
:104650003046F1F7EDFD044648B9FBF75AFC294610
:104660000246114802F066FB204602B070BD0DF113
:1046700006013046FCF72FFF90B9FBF731F820B167
:104680000A4802F057FB0324EEE7BDF80600FBF7EB
:10469000BBFE40B2FCF7A8FF0446E5E70824E3E7C9
:1046A0000224E1E7A81B0308011B0308AD1A030855
:1046B00073B50D461446FBF70DF8012828D0636E3C
:1046C000012B27D1266814493046F1F7B1FD044685
:1046D00048B9FBF711F829460246104802F02AFBB8
:1046E000204602B070BD01A93046FCF715FF88B91D
:1046F000FAF7F6FF20B10A4802F01CFB0324EFE7AB
:104700000198FBF7D7FD40B2FCF76EFF0446E7E7E0
:104710000824E5E70224E3E7A81B0308D6190308E9
:10472000AD1A030873B50D461446FAF7D3FF0128F6
:104730002DD0636E012B2CD1266817493046F1F736
:1047400077FD044648B9FBF741F82946024613486D
:1047500002F0F0FA204602B070BD01A93046FCF725
:10476000DBFEB0B9019B053B112B12D8FAF7B8FF5D
:1047700020B10B4802F0DEFA0324EBE79DF80400B9
:10478000FBF70CFE40B2FCF72FFF0446E2E70824DB
:10479000E0E70224DEE700BFA81B0308D6190308E0
:1047A000AD1A0308FFF712BA73B50D461446FAF7AF
:1047B00091FF01282DD0636E012B2CD1266817495B
:1047C0003046F1F735FD044648B9FAF7B3FF2946FC
:1047D0000246134802F0AEFA204602B070BD01A9AD
:1047E0003046FCF799FEB0B9019B053B072B12D868
:1047F000FAF776FF20B10B4802F09CFA0324EBE7AE
:104800009DF80400FBF776FD40B2FCF7EDFE044690
:10481000E2E70824E0E70224DEE700BFA81B030864
:10482000D6190308AD1A030873B50D461446FAF7F6
:1048300051FF01282CD0636E012B2BD1266816491D
:104840003046F1F7F5FC044648B9FAF7AFFF2946C0
:104850000246124802F06EFA204602B070BD01A96D
:104860003046FCF759FEA8B9019B032B12D8FAF782
:1048700037FF20B10A4802F05DFA0324ECE79DF807
:104880000400FBF773FD40B2FCF7AEFE0446E3E71D
:104890000824E1E70224DFE7A81B0308D619030870
:1048A000AD1A030873B50D461446FAF713FF012835
:1048B0002FD0636E012B2ED1266818493046F1F7B0
:1048C000B7FC044648B9FAF779FF2946024614486E
:1048D00002F030FA204602B070BD01A93046FCF764
:1048E0001BFEC0B9019B4FF6FA72053B934212D8EA
:1048F000FAF7F6FE20B10B4802F01CFA0324E9E7B0
:10490000BDF80400FBF73EFD40B2FCF76DFE044627
:10491000E0E70824DEE70224DCE700BFA81B030869
:10492000D6190308AD1A030873B50D461446FAF7F5
:10493000D1FE01282CD0636E012B2BD1266816499D
:104940003046F1F775FC044648B9FBF7D1FA294621
:104950000246124802F0EEF9204602B070BD01A9ED
:104960003046FCF7D9FDA8B9019BF82B12D8FAF70D
:10497000B7FE20B10A4802F0DDF90324ECE7BDF8E8
:104980000400FBF7B7FA40B2FCF72EFE0446E3E75B
:104990000824E1E70224DFE7A81B0308D61903086F
:1049A000AD1A030873B50D461446FAF793FE0128B5
:1049B0002CD0636E012B2BD1266816493046F1F7B7
:1049C00037FC044648B9FBF7A0FA294602461248CC
:1049D00002F0B0F9204602B070BD01A93046FCF7E4
:1049E0009BFDA8B9019C0CB1012C11D1FAF778FEFE
:1049F00020B10A4802F09EF90324EBE72046FBF7BA
:104A000086FA40B2FCF7F0FD0446E3E70824E1E74C
:104A10000224DFE7A81B0308D6190308AD1A030810
:104A2000024B0348C01AC008704700BFA023030808
:104A3000A0230308034B1868034B1B68C31A584292
:104A400058417047A0230308A023030810B504466B
:104A5000FFF7F0FF034638B9044A02EBC10203CA6C
:104A600020606160184610BD0120FCE7A023030808
:104A700010B5546E012C0AD108491068F1F7D8FB23
:104A8000044640B9064802F055F9204610BD14B955
:104A900002F0C4F9F9E70224F7E700BFA81B0308F6
:104AA0000B1B0308F0B5556E012D85B00F4602D0E3
:104AB000022005B0F0BD16681A493046F1F7B8FB80
:104AC0000446E8B9092101A802F06AFA061E0DDDC4
:104AD0001548164D394602F02DF9E3B2B34204F100
:104AE000010405DB124802F025F900252846E0E71D
:104AF00004AA1344284613F80C1C02F01BF9ECE737
:104B00003378002BD4D03046F1F73AFB0828014621
:104B1000CED8304602F04BFA0028CAD00330E5D197
:104B2000C6E700BFA81B03081C1A0308201A0308C5
:104B30002AFC0208536E012BF7B506460F4631D109
:104B4000156819492846F1F773FB0446D8B1284681
:104B5000F1F716FB2B46284483421ED10A2200217E
:104B6000284618F0C9FF002304460146CDE900336A
:104B70000322304602F05CF8204600F0C9FC041E17
:104B800018BF012406E000F0BDFC39460246074884
:104B900002F0D0F8204603B0F0BD13F8012B303AF4
:104BA000092AD9D90224F5E7A81B0308D619030856
:104BB00038B5546E054694B900F0EAFB10F0FF0FCB
:104BC0000BD0094802F0B6F82146284600F0E8FB71
:104BD000044630B9284600F085FB204638BD022443
:104BE000FBE70124F9E700BFBA1B030838B5546E90
:104BF000154624B9204601F0E5FF204638BD012CBA
:104C000001D00224F9E714682046F1F7B9FA2346E7
:104C10002044984212D120460A22002118F06CFF4D
:104C2000431C044610D10A492868F1F701FB00280B
:104C3000E7D1204601F0C6FF0024DEE713F8012B80
:104C4000303A092AE5D9DCE70028DAD0F1E700BFDD
:104C50001E1B0308536E012B70B50E4602D00224B2
:104C6000204670BD156814492846F1F7E1FA04465C
:104C700098B12846F1F784FA2B462844984214D17B
:104C80000A220021284618F037FF0128E7D800F053
:104C9000CBFB041E18BF0124E2E700F0BFFB314646
:104CA0000246064802F046F8DAE713F8012B303ADC
:104CB000092AE3D9D3E700BFA81B0308D6190308C4
:104CC000536E012B70B50E4602D00224204670BDF3
:104CD000156814492846F1F7ABFA0446A0B12846F6
:104CE000F1F74EFA2B462844984215D10A220021AA
:104CF000284618F001FF431E012BE6D800F0A6FB62
:104D0000041E18BF0124E1E700F09AFB3146024679
:104D1000054802F00FF8D9E713F8012B303A092AB9
:104D2000E2D9D2E7A81B0308D6190308F7B50F4646
:104D30001646F8F737F9012844D1F8F763F8746E8E
:104D4000012C054640D1366820493046F1F770FA0B
:104D5000C0B90DF10600F8F757F880B93946BDF82B
:104D600006201B4801F0E6FFF8F7D4FE011E02DD25
:104D7000184801F0DFFF184801F0DCFF002420464E
:104D800003B0F0BD0DF106013046FCF7A4FBD8B925
:104D9000082D01D0012D0ED1BDF80630B3F5807F6E
:104DA00012D801210DF10600F8F75CF840B2FCF7CB
:104DB0001BFC0446E3E7022DF3D1BDF80630B3F542
:104DC000006FEDE70824DAE70224D8E7A81B030800
:104DD000291B0308311B03082AFC02082DE9F341B3
:104DE0000F461646F8F7DEF8012840F0B880756ED9
:104DF000012D39D15B493068F1F71AFA002836D114
:104E00000DF10600F8F700F80446002840F0A780EE
:104E100039465548554FDFF8608101F08BFF2E462B
:104E2000BDF80630DB0709D5012D02D0404601F060
:104E300081FF3146384601F07DFF0135BDF806306F
:104E40005B080136ADF80630002BE9D1F8F762FEB9
:104E5000011E02DD464801F06DFF464801F06AFF81
:104E6000204602B0BDE8F081013D0B2D08D800249A
:104E7000ADF80640002506E07B5D303B092B01D9EB
:104E80000224EDE7013556F824703846F1F778F939
:104E9000A842F1D80A220021384618F02DFE0C282D
:104EA0000546EDD8F7F7AEFF082801D0012801D15B
:104EB000082DE5D8013D0B2D0DD8DFE805F00619CA
:104EC0001E23282D32373C41464BBDF8063043F0B7
:104ED0000103ADF80630736E0134A342CADC012130
:104EE0000DF10600F7F7BEFF041E18BF0324B7E755
:104EF000BDF8063043F00203EBE7BDF8063043F09F
:104F00000403E6E7BDF8063043F00803E1E7BDF827
:104F1000063043F01003DCE7BDF8063043F0200311
:104F2000D7E7BDF8063043F04003D2E7BDF80630BE
:104F300043F08003CDE7BDF8063043F48073C8E743
:104F4000BDF8063043F40073C3E7BDF8063043F400
:104F50008063BEE7BDF8063043F40063B9E7082478
:104F60007EE700BFA81B03081C1A03084B1B03089D
:104F7000311B03082AFC0208541A030870B50E46B8
:104F80001446F8F70FF8012840F0B080636E012B4B
:104F900002D00224204670BD256855492846F1F705
:104FA00047F90446F0B12846F1F7EAF82B462844C1
:104FB00083426DD10A220021284618F09DFD0C285D
:104FC000E7D84C4B185CF9F723FE00287FD0831DEF
:104FD00000F0858010F1110F00F086800330D8D0EA
:104FE0000124D7E73146444801F0A4FEF7F70AFF51
:104FF0001628F5D801A353F820F000BF7D50010812
:105000007550010861500108E14F0108595001082D
:105010006D5001087950010869500108715001086C
:10502000655001088D500108E14F0108E14F01086A
:10503000E14F0108E14F0108E14F0108E14F01088C
:10504000E14F0108E14F0108E14F010881500108DB
:105050008550010889500108284801F06BFE99E746
:105060002748FAE72748F8E72748F6E72748F4E70C
:105070002748F2E72748F0E72748EEE72748ECE71C
:105080002748EAE72748E8E72748E6E72748E4E72C
:1050900013F8012B303A092A8AD925492846F1F715
:1050A000C7F888B123492846F1F7C2F888B12249E8
:1050B0002846F1F7BDF870B120492846F1F7B8F855
:1050C00000287FF466AF1620F9F7A2FD28B9002466
:1050D00060E71420F8E71520F6E7821D01D10324CC
:1050E00058E711307FF47CAF0A2453E7082451E7D6
:1050F000A81B0308851B03081C1A0308671B030869
:105100006C1B0308711B0308991A03084E1B030844
:10511000521B0308561B03085A1B03085E1B030897
:10512000621B0308661B03086B1B0308701B030844
:10513000751B0308791B03087D1B0308811B0308EB
:1051400070B50E461446F7F72DFF012802D008244B
:10515000204670BD636E012B2AD12568154928466B
:10516000F1F766F8044690B12846F1F709F82B46A6
:105170002844984217D10A220021284618F0BCFC86
:10518000F8F716FC40B2FCF72FFA0446E0E7F8F710
:10519000C1FC0028DBDBF8F7BDFC314602460648BF
:1051A00001F0C8FDD4E713F8012B303A092AE0D901
:1051B0000224CDE7A81B03088C1903081B2937B567
:1051C000434B05460C460FD00CD80A2934D00D2984
:1051D00032D008290BD01A78012A5ED15B2C64D119
:1051E000022202E07F29F5E701221A7053E03949D3
:1051F00000221A700B68002B4DD0013B0B60364922
:105200000824CA54284601220DF107018DF80740F1
:1052100001F034FD202301220DF1070128468DF80D
:10522000073001F02BFD01220DF1070128468DF812
:10523000074001F023FD2EE000221A70264B1B7858
:1052400003B300F0E9F988B10A2301220DF1070147
:1052500028468DF8073001F011FD0D2301220DF1D4
:10526000070128468DF8073001F008FD1A48F0F7CD
:1052700087FF194902462846FBF7A2FE174918483E
:1052800001F058FD40F6010213480021F3F7E4FC59
:10529000104B00221A6003B030BD022A05D1A4F1E0
:1052A0004102012A01D800229FE70A490020187014
:1052B0000B6840F2FE729342EDD85A1C0A60064910
:1052C000CC54885400F0A8F90028E4D0ABE700BF24
:1052D00088400020E0480020DC4000202CFC020830
:1052E000921B030808B50B490B4801F023FD14225B
:1052F00000210A48F3F7B0FC40F6010208480021FB
:10530000F3F7AAFC074B00221A60BDE80840FCF73F
:1053100025B900BF2CFC0208921B03088C4000201A
:10532000DC400020E048002010B5094C0948224626
:1053300040F2DC6101F074FAE368013307D12046E2
:1053400040F2DC62BDE810400021F3F785BC10BDDF
:10535000848E002000E00308024840F2DC62002155
:10536000F3F77ABC848E0020024A03484FF425717B
:1053700001F0FEBAF08B002000F00308024A034857
:1053800040F2DC6101F0F4BA848E002000E00308F2
:10539000024B034493F8BC01704700BFF08B002020
:1053A000044A104480F8BC1103484FF4257101F001
:1053B000DFBA00BFF08B002000F003080829034685
:1053C00008D9064802681A6042685A60027A1A725E
:1053D000F0F7D6BE6FF00800704700BFB98D00200F
:1053E000082908B50A4612D80A4B002119605960ED
:1053F000197201461846F4F725FF6FF4E47282181B
:10540000BDE8084004484FF4257101F0B1BA6FF0CF
:10541000020008BDB98D002000F00308014BD3F84D
:10542000D4017047F08B0020034A4FF42571C2F875
:10543000D401024801F09CBAF08B002000F0030870
:10544000014B93F870027047F08B0020054A08B5B5
:105450004FF4257182F87002034801F089FAC0B256
:1054600008BD00BFF08B002000F003081F290AD9F7
:10547000064B03F1200253F8041B40F8041B93422F
:10548000F9D100207047F720704700BFEB8D002056
:105490001F290AD9064B03F1200253F8041B40F8D8
:1054A000041B9342F9D100207047F720704700BFDA
:1054B0000B8E00201F290AD9064B03F1200253F856
:1054C000041B40F8041B9342F9D100207047F720D9
:1054D000704700BF2B8E0020024B034493F8BF019E
:1054E000704700BFF08B0020044A104480F8BF11C1
:1054F00003484FF4257101F03BBA00BFF08B002048
:1055000000F00308014BD3F8C4017047F08B002072
:10551000034A4FF42571C2F8C401024801F028BAC9
:10552000F08B002000F003080F290AD9064B03F185
:10553000100253F8041B40F8041B9342F9D10020D9
:1055400070476FF008007047DA8D0020102938B5D9
:1055500004460D461BD804D00E4810220021F3F754
:105560007BFB234629198B420CD12A462146094848
:10557000F4F768FEBDE83840074A08484FF4257143
:1055800001F0F6B913F8012B203A5E2AEBD96FF03F
:10559000020038BDDA8D0020F08B002000F00308F7
:1055A000112930B503460FD9094A02F110051446F6
:1055B00003CCAC4218605960224603F10803F6D1CF
:1055C00022881A80002030BD6FF00800FBE700BF82
:1055D000C88D0020122938B505460C4612D804D0D3
:1055E0000A4812220021F3F737FB224629460748D2
:1055F000F4F728FEBDE83840054A06484FF4257107
:1056000001F0B6B96FF0020038BD00BFC88D0020B0
:10561000F08B002000F00308014B93F8C80170479D
:10562000F08B0020034A4FF4257182F8C80102482C
:1056300001F09EB9F08B002000F00308034A4FF4FC
:10564000257182F8FA01024801F092B9F08B00202E
:1056500000F00308014B93F8FA017047F08B00202B
:10566000014B93F830007047F08B0020034A4FF451
:10567000257182F83000024801F07AB9F08B0020E1
:1056800000F00308044A136803605368436093689A
:1056900083600020704700BF928C0020064A036898
:1056A000136043685360836893600448A23A4FF4E0
:1056B000257101F05DB900BF928C002000F0030855
:1056C000072981BF044A13680360536886BF43609B
:1056D00000206FF008007047298C002008290BD1AA
:1056E000074A0368C2F839304368C2F83D300548BC
:1056F0004FF4257101F03CB96FF00200704700BF14
:10570000F08B002000F003080F290AD9064B03F1A3
:10571000100253F8041B40F8041B9342F9D10020F7
:1057200070476FF008007047318C002010290ED1AF
:10573000084B00F1100250F8041B43F8041B904280
:10574000F9D1054A05484FF4257101F011B96FF000
:1057500002007047318C0020F08B002000F003081D
:105760000F290AD9064B03F1100253F8041B40F825
:10577000041B9342F9D1002070476FF00800704776
:10578000418C002010290ED1084B00F1100250F876
:10579000041B43F8041B9042F9D1054A05484FF415
:1057A000257101F0E5B86FF002007047418C0020D0
:1057B000F08B002000F00308032981BF044BD3F8CD
:1057C00061300360002098BF6FF00800704700BF91
:1057D000F08B0020042908D1054A0368C2F8613023
:1057E00004484FF4257101F0C3B86FF00200704710
:1057F000F08B002000F00308072981BF044A1368DA
:105800000360536886BF436000206FF00800704754
:10581000218C002008290BD1074A0368C2F83130D7
:105820004368C2F8353005484FF4257101F0A0B83F
:105830006FF00200704700BFF08B002000F00308FB
:10584000032981BF044BD3F865300360002098BF63
:105850006FF00800704700BFF08B00200F290AD9B5
:10586000064B03F1100253F8041B40F8041B93424B
:10587000F9D1002070476FF008007047598C002064
:1058800010290ED1084B00F1100250F8041B43F808
:10589000041B9042F9D1054A05484FF4257101F0E7
:1058A00067B86FF002007047598C0020F08B002021
:1058B00000F00308014B93F8B1007047F08B002013
:1058C000034A4FF4257182F8B100024801F050B844
:1058D000F08B002000F00308014B93F8B0007047F4
:1058E000F08B0020034A4FF4257182F8B000024883
:1058F00001F03EB8F08B002000F00308014B187A4D
:10590000704700BFF08B0020034A4FF425711072DE
:10591000024801F02DB800BFF08B002000F0030812
:10592000014B93F8AE007047F08B0020034A4FF410
:10593000257182F8AE00024801F01AB8F08B002001
:1059400000F00308014B93F8B4007047F08B00207F
:10595000034A4FF4257182F8B400024801F008B8F8
:10596000F08B002000F00308014B93F8AF00704764
:10597000F08B0020034A4FF4257182F8AF000248F3
:1059800000F0F6BFF08B002000F00308014B93F805
:10599000B2007047F08B0020034A4FF4257182F863
:1059A000B200024800F0E4BFF08B002000F00308D2
:1059B000014B93F8B3007047F08B0020034A4FF47B
:1059C000257182F8B300024800F0D2BFF08B0020AE
:1059D00000F00308014BD3F8B8007047F08B0020AB
:1059E000034A4FF42571C2F8B800024800F0C0BF66
:1059F000F08B002000F00308014BD3F8BC00704787
:105A0000F08B0020034A4FF42571C2F8BC00024815
:105A100000F0AEBFF08B002000F00308034A4FF403
:105A20002571C2F8C800024800F0A2BFF08B002028
:105A300000F00308014BD3F8C8007047F08B00203A
:105A4000014B93F8CC007047F08B0020034A4FF4D1
:105A5000257182F8CC00024800F08ABFF08B00204C
:105A600000F00308014BD3F8C0007047F08B002012
:105A7000034A4FF42571C2F8C000024800F078BF15
:105A8000F08B002000F00308014BD3F8C4007047EE
:105A9000F08B0020034A4FF42571C2F8C40002487D
:105AA00000F066BFF08B002000F00308014B93F874
:105AB000B5007047F08B0020034A4FF4257182F83F
:105AC000B500024800F054BFF08B002000F003083E
:105AD000014B93F8CD007047F08B0020034A4FF440
:105AE000257182F8CD00024800F042BFF08B002003
:105AF00000F00308014B93F8CE007047F08B0020B4
:105B0000034A4FF4257182F8CE00024800F030BFFE
:105B1000F08B002000F00308014B93F8CF00704792
:105B2000F08B0020034A4FF4257182F8CF00024821
:105B300000F01EBFF08B002000F00308014B93F82B
:105B4000D0007047F08B0020034A4FF4257182F893
:105B5000D000024800F00CBFF08B002000F00308DA
:105B6000014BD3F8D4007047F08B0020034A4FF468
:105B70002571C2F8D400024800F0FABEF08B002074
:105B800000F00308014BD3F8D8007047F08B0020D9
:105B9000034A4FF42571C2F8D800024800F0E8BE6D
:105BA000F08B002000F00308014B93F86802704767
:105BB000F08B0020034A4FF4257182F868020248F6
:105BC00000F0D6BEF08B002000F00308014BB3F9C3
:105BD0006A027047F08B0020034A4FF42571A2F847
:105BE0006A02024800F0C4BEF08B002000F00308F7
:105BF000014BD3F86C027047F08B0020034A4FF43E
:105C00002571C2F86C02024800F0B2BEF08B002091
:105C100000F00308014B9888704700BF848E002075
:105C2000034A40F2DC619080024800F0A1BE00BF50
:105C3000848E002000E00308034A4FF4257182F8A7
:105C40009302024800F094BEF08B002000F003089D
:105C5000014B93F893027047F08B002030B4094C4D
:105C6000034600F1380518685968224603C2083314
:105C7000AB421446F7D130BC024A034840F2DC6123
:105C800000F076BE848E002000E0030800487047D4
:105C9000848E002030B4094C034600F120051868BA
:105CA0005968224603C20833AB421446F7D130BCD0
:105CB000034A044840F2DC6100F05ABEBC8E00206A
:105CC000848E002000E0030800487047BC8E00204E
:105CD00008B5084B01464FF4C2721846F4F7B2FA01
:105CE000BDE80840A0F1580240F2DC61024800F033
:105CF0003FBE00BFDC8E002000E003080048704774
:105D0000DC8E002008B5084B01464FF4D0721846CF
:105D1000F4F798FABDE80840A0F5EE7240F2DC61B5
:105D2000024800F025BE00BF6090002000E003089C
:105D3000004870476090002008B5084B01464FF4BA
:105D400058721846F4F77EFABDE80840A0F55F7275
:105D500040F2DC61024800F00BBE00BF0092002060
:105D600000E0030800487047009200200048704798
:105D7000CC8C002008B5074B0146D0221846F4F71A
:105D800061FABDE80840A0F1DC024FF42571024839
:105D900000F0EEBDCC8C002000F00308014BD3F8DE
:105DA000AC017047F08B0020034A4FF42571C2F814
:105DB000AC01024800F0DCBDF08B002000F00308CD
:105DC000014BD868704700BFF08B0020034A4FF4A6
:105DD0002571D060024800F0CBBD00BFF08B0020E1
:105DE00000F00308014B187C704700BFF08B0020C7
:105DF000034A4FF425711074024800F0B9BD00BF8A
:105E0000F08B002000F00308034B1A7A0AB9588A75
:105E10007047D86A704700BFF08B0020064B1A7A93
:105E200032B95882044A05484FF4257100F0A0BDEC
:105E3000022A08BFD862F5E7F08B002000F00308C3
:105E4000014B187D704700BFF08B0020034A4FF4D0
:105E500025711075024800F08BBD00BFF08B00204B
:105E600000F00308014BD88A704700BFF08B002078
:105E7000034A4FF42571D082024800F079BD00BF7B
:105E8000F08B002000F00308014B187E704700BF24
:105E9000F08B0020034A4FF425711076024800F081
:105EA00067BD00BFF08B002000F00308014B987E17
:105EB000704700BFF08B0020034A4FF425719076A5
:105EC000024800F055BD00BFF08B002000F0030831
:105ED0000F290AD9064B03F1100253F8041B40F8AE
:105EE000041B9342F9D1002070476FF008007047FF
:105EF000618E002010290ED1084B00F1100250F8DD
:105F0000041B43F8041B9042F9D1054A05484FF49D
:105F1000257100F02DBD6FF002007047618E0020EA
:105F2000F08B002000F003080F290AD9064B03F17B
:105F3000100253F8041B40F8041B9342F9D10020CF
:105F400070476FF008007047718E002010290ED145
:105F5000084B00F1100250F8041B43F8041B904258
:105F6000F9D1054A05484FF4257100F001BD6FF0E5
:105F700002007047718E0020F08B002000F00308B3
:105F8000034A4FF425719062024800F0F1BC00BF53
:105F9000F08B002000F00308034A4FF42571506293
:105FA000024800F0E5BC00BFF08B002000F00308C1
:105FB000014B586A704700BFF08B0020014B986A74
:105FC000704700BFF08B0020034A4FF4257182F820
:105FD000B600024800F0CCBCF08B002000F00308B3
:105FE000014B93F8B6007047F08B0020014B93F8FB
:105FF0005C027047F08B0020034A4FF4257182F851
:106000005C02024800F0B4BCF08B002000F00308F2
:10601000014BD3F860027047F08B0020034A4FF425
:106020002571C2F86002024800F0A2BCF08B00208B
:1060300000F00308014B93F867027047F08B0020D3
:10604000034A4FF4257182F86702024800F090BCC1
:10605000F08B002000F00308014BB3F86402704796
:10606000F08B0020034A4FF42571A2F86402024825
:1060700000F07EBCF08B002000F00308014B93F889
:1060800091027047F08B0020034A4FF4257182F88B
:106090009102024800F06CBCF08B002000F0030875
:1060A000014B93F892027047F08B0020034A4FF4A3
:1060B000257182F89202024800F05ABCF08B002051
:1060C00000F003082DE9F0410025202600F2FB171F
:1060D00004463246294680F8FA513846F2F7BCFDAC
:1060E000294BD3F800804046F0F74AF84146024673
:1060F000384604F21B27F4F7A5F8324629463846FD
:10610000F2F7AAFD214BD3F800804046F0F738F8AB
:1061100041460246384604F23B27F4F793F83246EC
:1061200029463846F2F798FD194B1E683046F0F7BD
:1061300027F8314602463846F4F784F841F2244302
:10614000C4F864324FF6B073A4F86A320523C4F879
:106150006C321026012384F870323246294684F8C6
:106160005C52C4F8605284F8685204F27120F2F76D
:1061700073FD3246294604F28120F2F76DFD84F862
:106180009152BDE8F08100BFD4010020CC01002075
:10619000C8010020F0B50C46ADF5497D6A464FF4C4
:1061A000487100F03DFBBC4F23687E9ABB48009EBF
:1061B000BB4208BF6568BA4B18BF00254FF4FA719F
:1061C0009A4208BF032507F059FE4FF4F871864242
:1061D00008BF0225B148009E07F050FE4FF425721B
:1061E000864208BF012500212046F2F735FD002D2B
:1061F00055D0012D56D19DF80430237202AE0FCE3A
:1062000004F10C050FC50FCE0FC533682B604FF49A
:10621000C2720BA904F13000F4F714F86CAA92E8EA
:10622000030004F5DA7383E803006E9BA4F8BC3125
:106230001B0C84F8BE316F9BC4F8C4319DF8C0318B
:1062400084F8C831DDF8C131C4F8C931DDF8C53191
:10625000C4F8CD319DF8C93184F8D13174AE739B47
:10626000C4F8D4310FCE04F5EC750FC533682B801C
:1062700004F5F5720DF5F1730DF5F97153F8040B92
:1062800042F8040B8B42F9D10022A4F8BF2184F814
:10629000C1212046FFF716FF0423276063600DF538
:1062A000497DF0BDAB1E012B51D89DF804302372FF
:1062B00002AE0FCE04F10C050FC50FCE0FC533682B
:1062C0002B604FF4C2720BA904F13000F3F7BAFF50
:1062D0006CAA92E8030004F5DA7383E803006E9B6E
:1062E000A4F8BC311B0C84F8BE31BDF8BB31A4F856
:1062F000BF319DF8BD3184F8C131709BC4F8C43101
:106300009DF8C43184F8C831DDF8C531C4F8C9310D
:10631000DDF8C931C4F8CD319DF8CD3184F8D131E3
:1063200075AE749BC4F8D4310FCE04F5EC750FC56F
:1063300033682B8004F5F5720DF5F3730DF5FB71E1
:1063400053F8040B42F8040B8B42F9D1A1E7042D5A
:10635000A5D14FF4257269462046F3F773FF94F8F0
:10636000FA31FF2B04BF002384F8FA3194F8FB3193
:10637000FF2B10D104F2FB15202200212846F2F752
:106380006BFC484B1E683046EFF7FAFE314602467A
:106390002846F3F757FF94F81B32FF2B10D104F275
:1063A0001B25202200212846F2F756FC3E4B1E6892
:1063B0003046EFF7E5FE314602462846F3F742FF46
:1063C00094F83B32FF2B10D104F23B252022002110
:1063D0002846F2F741FC354B1E683046EFF7D0FEF9
:1063E000314602462846F3F72DFF94F87032FF2B12
:1063F00004BF012384F8703294F85C32FF2B04BF91
:10640000002384F85C32D4F86032F82B84BF002378
:10641000C4F8603294F86632FF2B01BF41F2244386
:10642000A4F86432002384F8663294F86732FF2BB4
:1064300004BF002384F8673294F86832FF2B04BF4E
:10644000002384F8683294F86A32FF2B04BF4FF6B9
:10645000B073A4F86A3294F86C32FF2B04BF0523A2
:10646000C4F86C3294F89332FF2B04BF012384F8F4
:10647000933294F88132FF2B05D11022002104F2CF
:106480008120F2F7E9FB94F89132FF2B04BF00233F
:1064900084F8913200E700BFDDCCBBAAF48B00206A
:1064A0001EDD0E00D4010020CC010020C801002018
:1064B000F0B5984A984E10685168ADF5297D01AB4A
:1064C00003C303AA95484FF4257100F0A9F9039B73
:1064D000B34202D1049B042B1CD0904803A9FFF7C0
:1064E00059FE039BB34217D1049D281F45424541E5
:1064F0008B4B4FF4257200211846F2F7ADFB044692
:1065000065B14FF4257203A9F3F79CFE00200DF549
:10651000297DF0BD0125EBE70025E9E70423436071
:1065200040F20113A0F8BC314FF4E133C0F8C4319C
:1065300001AB066080F8BE5103CB0123C4F8C9014A
:10654000C4F8CD11C4F8D45184F8C85184F8FA5174
:106550002372F1F7D9FF10F0FF0F00F0AD80052393
:1065600084F8303041F2883641F27072C4E92E620C
:106570004FF47A714FF4FA62C4E930124FF6B072F8
:1065800000250123A4F86A220522A4F8AE30A4F85D
:10659000B430C4F86C22A4F8B050082740F2DC6292
:1065A0002946604884F8B63084F8CC3084F87032DC
:1065B00084F89332C4E9357584F8B25084F8CF502A
:1065C00084F8D05084F86852F2F746FBD02229466E
:1065D0005548F2F741FBF1F797FF544AC4F81B50B6
:1065E000C3B253486582AB4208BF104607232374E9
:1065F0000E23237641F23333C4E909364D4EE06071
:1066000044F62063E362102241F224432946756078
:1066100006F25620A4F864322575E782A57684F840
:106620005C52C4F8605284F86752F2F715FB1022EE
:10663000294606F26620F2F70FFB3F4B84F8915291
:106640001C682046EFF79CFD1F2843D820222946CE
:1066500006F5F070F2F700FB2046EFF791FD2146BA
:10666000024606F5F070F3F7EDFD344B1C6820464A
:10667000EFF786FD1F2838D8202200213048F2F796
:10668000EBFA2046EFF77CFD214602462C48F3F753
:10669000D9FD2C4B1C682046EFF772FD1F282ED821
:1066A000202200212848F2F7D7FA2046EFF768FDAC
:1066B00021460246244827E7022384F830304FF66B
:1066C000FF73A4F8A2304FF0FF33C4E92933A4F8D4
:1066D000AC3047E706F5F07604F1200354F8042BBC
:1066E00046F8042B9C42F9D1BFE7154B04F1200278
:1066F00054F8041B43F8041B9442F9D1C9E7124B28
:1067000004F1200254F8041B43F8041B9442F9D10D
:10671000FCE600BF971B0308DDCCBBAA0070030892
:10672000F08B0020848E0020CC8C002080A1031CE4
:1067300000A1BC330B8C0020D4010020CC01002030
:106740000B8E0020C80100202B8E002010B50B4CB2
:106750000B4822464FF4257100F062F808482146A4
:10676000FFF718FD2268074B9A4202D16368042B99
:1067700003D0BDE81040FFF79BBE10BDF08B00209A
:1067800000F00308DDCCBBAA014B1878704700BFAE
:10679000FC480020014B1870704700BFFC480020E7
:1067A00030B5074C034604F11805224603CAAA4235
:1067B00018605960144603F10803F6D1012030BD7A
:1067C000E448002030B5074C034600F1180518686E
:1067D0005968224603C20833AB421446F7D1012060
:1067E00030BD00BFE448002070B50646022000F02E
:1067F00019FA841941F1000500F010FD022000F0A3
:1068000011FAA94208BFA04200D370BDF2F75CF8AC
:10681000F4E714F0D8BA14F0D4BA14F0D9BA0000DE
:106820002DE9F04F87B083460D46914614F040FBAA
:10683000B0F5805F044657D8BBFBF0F800FB08F8C2
:10684000ABEB08035A19B2FBF0F100FB11200193E6
:1068500008B101FB0442B2FBF4F3CDE90283A4EBDF
:106860000B03DFF88CA00493019B2E46002703EB5B
:106870000A0B039BBB4203D1002007B0BDE8F08F99
:106880001B490298224614F0E3FADFB9049B03EB9C
:106890000802AA420ED2484659460592F3F7D2FCA6
:1068A000059A019B91441A1B1644029B234401370D
:1068B0000293DEE748462A465946F3F7C3FCA9444B
:1068C000761BF2E7039B7A1C934205D83246514669
:1068D0004846F3F7B7FCE8E7484622465146F3F747
:1068E000B1FCA144361BE0E76FF00800C5E700BF2C
:1068F000004900202DE9F84F00AF81460C46924632
:1069000014F0D6FAADF5806D6E464FEA90284FF040
:10691000000B5FFA8BF1414501D3012021E0B4F572
:10692000806F09EB81200AEB812532460ED34FF4AC
:106930008061FFF775FF4FF480622946304616F0FC
:1069400017FF0BF1010B78B100200AE02146FFF799
:1069500067FF22462946304616F00AFFB0FA80F05B
:106960004009BD46BDE8F88FA4F58064D1E700007A
:106970002DE9F04F87B083460D46144614F098FA7F
:10698000B0F5805F074670D8224629465846FFF783
:10699000B1FF18B1002007B0BDE8F08FBBFBF7F8DE
:1069A00007FB08F8ABEB08035A19B2FBF7F107FB3A
:1069B0001120029308B101FB0772B2FBF7F30393B6
:1069C00000230193A7EB0B03DFF8A4A00493029B21
:1069D000C1462E4603EB0A0B039B019A9342D9D082
:1069E00023493A46484614F033FA019BF3B9049B15
:1069F00003EB0802AA4211D2214658460592F3F74A
:106A000021FC059A029B1444DA1B16443946484679
:106A100014F026FAE8B16FF00600BCE721462A46DA
:106A20005846F3F70FFC2C44761BEFE7019B5A1CEA
:106A3000039B9A4205D3324621465046F3F702FCA7
:106A4000E4E721463A465046F3F7FCFB3C44F61B8C
:106A5000DCE748463A46514614F0D8F9B9440028D4
:106A6000D9D1019B01330193B6E76FF0080092E79B
:106A70000049002038B505460C4614F019FAAB075A
:106A80000AD1B4FBF0F300FB134040B9214628467D
:106A9000BDE8384014F0E4B96FF0090038BD6FF07C
:106AA0000A00FBE7F4F766BEF4F794BEF4F7C0BE45
:106AB000F4F7DABEF4F782BFF4F7BCBFF4F728BEF0
:106AC0002DE9F0412E4F022000F0ACF8D7E9002666
:106AD000841A2C4A61EB0605106800218D4208BF1C
:106AE000844203D26FF00500BDE8F08114F034FD5C
:106AF0008028F7D1FEF7A4FC234D0646002455F864
:106B0000043B03B198470134102CF8D11F4DDFF836
:106B1000848000F067FB15F0C1F800F07FF800F00A
:106B20008BFA00F0DDFBFFF7C5FF00F07DF8EB68A6
:106B3000984798F80040F4B9AB68154D984700F0B5
:106B400075F8FFF7B9FF00F04FFB00F0CFFB00F046
:106B500075FA00F065F815F0A3F855F8043B03B199
:106B600098470134102CF8D1022000F05BF8C7E9F7
:106B700000010020B8E72B6830469847D9E700BFEE
:106B800000590020EC0D0020A4950020DC0D002011
:106B90006495002060950020014B00221A70704718
:106BA00060950020024A136801331360704700BFEC
:106BB000E8950020024A13680BB1013B136070474F
:106BC000E895002038B5114B1D680446D5B9F8F793
:106BD000F3F80F4B18700F4B01221A704CB1294675
:106BE0000D4814F069F914F08BF92946204614F089
:106BF00077F9F8F7CBF8FFF763FF0446F8F7D6F814
:106C0000204638BD6FF00704FAE700BFE895002082
:106C1000EC95002060950020996B010814F08ABA69
:106C200014F0E4BAF4F76CBFF4F77CBFF4F77BBF61
:106C30002DE9F04702289DF820909DF824A00446F5
:106C40000E461746984613D80A4D55F820300BB11A
:106C50005B689847084B45F82430CDE9089A1D68D1
:106C60003A46434631462046AC46BDE8F0476047C9
:106C7000BDE8F08708590020F80D002002282DE912
:106C8000F04104460D46164610D8FEF725FC88B99B
:106C90000B4B53F8243083B19F680A4B3246294688
:106CA0002046BC461B68BDE8F04160476FF002001B
:106CB000BDE8F0816FF00700FAE74FF0FF30F7E72B
:106CC00008590020180E00200EB430B50446ADF56A
:106CD000027DFEF75DFB022C1FD82046FEF7FCFB71
:106CE000F0B9124D55F82430EBB186AA859901927E
:106CF00002A816F065FF02A8EFF742FA55F8243013
:106D00009D680B4B02461B6802A92046A8470DF55B
:106D1000027DBDE8304003B070476FF00200F6E737
:106D20006FF00700F3E74FF0FF30F0E7085900205D
:106D3000180E00200FB42DE9F047ADF5027D8AAFA3
:106D4000002457F8049B174EDFF85CA025465FFA35
:106D500084F84046FEF71CFBB8B94046FEF7BCFB82
:106D600098B933688BB13A46494602A8019716F0A4
:106D700027FF02A8EFF704FA336802469D68DAF8A5
:106D8000003002A94046A84705460134032C06F10D
:106D90000406DCD128460DF5027DBDE8F04704B0BD
:106DA000704700BF08590020180E0020022810B4B8
:106DB00009D8084C54F820304BB1DC68064BA44687
:106DC0001B6810BC60476FF0020010BC70474FF0AA
:106DD000FF30FAE708590020180E0020022805D8D5
:106DE000054A52F8203023B11B6918476FF00200A2
:106DF00070474FF0FF30704708590020022807D82D
:106E0000044A52F820301BB1034A5B6911681847E5
:106E1000704700BF08590020180E00202DE9F843E4
:106E2000DFF83880DFF838900B4E0025EFB2384697
:106E3000FEF752FB044650B901213846FEF754FBD9
:106E4000C8F80040C9F800403460746034720135FD
:106E5000032DEBD1BDE8F883205900201C590020F8
:106E60001859002038B50024E5B22846FEF734FB57
:106E7000012803D100212846FEF736FB0134032CFC
:106E8000F2D138BD2DE9F04F87B004468DF80710D8
:106E900003A80921FEF792FA9DF80730374D0D2B14
:106EA000074629D019D8082B19D00A2B24D02A68D4
:106EB000082A0ED8511C296031498B54314B53F8A4
:106EC00024309D68304B01221B680DF107012046DC
:106ED000A8472E4A136801330CE07F2BE7D12B68BB
:106EE000002B40D0013B264A2B600021D154274A79
:106EF0001368013B136036E0244E336863B3DFF858
:106F00008490DFF8848059F824302149D3F808A010
:106F1000D8F8003002222046D0473268092AC246FB
:106F2000CB4610D11B491648009216F0B3FC009ACC
:106F300048B959F8243018499F68D8F8003015220C
:106F40002046B84708E0BA4210D10D4803A916F010
:106F50000FFC58B9FFF786FF094A00232B60336006
:106F600013605360137207B0BDE8F08F5BF82430F4
:106F70000A499F68DAF800301122E1E71C59002025
:106F80002059002008590020180E00201859002010
:106F90002AFC0208A01B0308AA1B0308BF1B030846
:106FA000082901D9FEF70ABA6FF0020070470829D4
:106FB00010B40BD803460C18A34202D110BCFEF744
:106FC0000FBA13F8012B203A5E2AF5D96FF00200B0
:106FD00010BC7047022801D8FEF77EBA0020704727
:106FE000022810B5044610D8FEF776FA012803D01F
:106FF00000212046FEF778FA044A00231360044A71
:107000001360044A13605360137210BD1C590020B2
:107010001859002020590020022805D8054A52F8A6
:10702000203023B19B6918476FF0020070474FF082
:10703000FF30704708590020F5F776B9F5F7C4B965
:10704000F8B52A4E0546375C0C46FEF7A1F93246E4
:1070500000284AD04F2C705D3BD020D82B2C2ED04E
:1070600014D80A2C2DD00D2C14BF07230623204939
:1070700001EBC001CB5C53550B2B36D1072F2AD126
:1070800000235355BDE8F840FFF7C7BB422C1ED084
:107090004D2C18D0412C14BF07230023E7E76D2C9B
:1070A00011D008D8612C10D0622C10D0542C14BFF1
:1070B00007230123DBE76F2C0BD0742CF7E70223A7
:1070C000D5E70623D3E70523D1E70023CFE7032342
:1070D000CDE70423CBE70A2F07D1002353550548FA
:1070E0004560BDE8F84000F089B8F8BD14590020AB
:1070F000D01B0308F00D0020032870B504460DD8FE
:10710000074D55F820200AB113699847054B45F8FB
:10711000243020461B68BDE87040184770BD00BF92
:107120002C5900201C0E0020032810B40BD8074B4C
:1071300053F8204014B9064C43F8204053F820304F
:1071400010BC5B68184710BC704700BF2C5900206A
:107150001C0E002003280AD8054B53F8202012B932
:10716000044A43F8202053F820309B6818477047A2
:107170002C5900201C0E002003280AD8054B53F878
:10718000202012B9044A43F8202053F82030DB684D
:10719000184770472C5900201C0E0020032838B5D2
:1071A000044608D8044D55F8203023B11B69984790
:1071B000002345F8243038BD2C590020032830B472
:1071C00007D8074D55F820403CB16469A44630BC4F
:1071D00060476FF0020030BC70474FF0FF30FAE7B5
:1071E0002C590020F4F750BDF4F750BD024A80211D
:1071F000082014F0F9B800BF3C590020014A0821CA
:1072000014F04EB9CD86000814F014B9F4F766BD39
:10721000F4F776BDF4F779BDF4F77CBDF4F77CBDE7
:1072200070477047014B1B68184700BF3C0E002099
:10723000014B5B68184700BF3C0E0020014B9B6868
:10724000184700BF3C0E0020F4F716BEF4F73CBE12
:10725000F4F75CBEF4F79CBD032870B504460DD866
:10726000074D55F820200AB153689847054B45F85B
:10727000243020461B68BDE87040184770BD00BF31
:107280004C6100204C0E002070B403289DF80C5077
:1072900008D8084E56F8204044B10395E468A44647
:1072A00070BC60476FF0020070BC70474FF0FF3059
:1072B000FAE700BF4C610020032830B407D8074D1F
:1072C00055F820403CB12469A44630BC60476FF0BB
:1072D000020030BC70474FF0FF30FAE74C610020ED
:1072E000014B5B69184700BF4C0E0020014B9B69A6
:1072F000184700BF4C0E002038B5104C23780546C7
:107300000BB9012038BD02F001F922784FF47A73ED
:10731000B3FBF2F3B0FBF3F000F0D0FC044600281E
:10732000EFD10F2DEDD8024629464FF0FF3000F087
:1073300071FC034B20461D60E4E700BF680E00208F
:107340006C0E002010B5032000F052FC02F0DEF8B5
:10735000064B18600F20FFF7CFFF044618B913F053
:107360004EFA204610BD0124FBE700BF480F002065
:10737000034A044B11681B780B441360704700BF2D
:10738000F0950020680E0020014B1868704700BF80
:10739000F095002038B50446FFF7F6FF631C1CBFCC
:1073A000054B1B78054618BFE418FFF7EDFF431B9C
:1073B000A342FAD338BD00BF680E0020024A13680A
:1073C00023F002031360704710E000E0024A1368E4
:1073D00043F002031360704710E000E0014B1868AF
:1073E000704700BF9075FF1F014B1868704700BFC2
:1073F0009475FF1F014B1868704700BF9875FF1FF9
:107400008068C0F3800070472DE9F34100230193A9
:107410000446002800F00A81856D25B9F3F706FFC0
:10742000E56584F8545020688368D90040F1B38042
:107430008368DA0000F1C680A36D43F01003A365F2
:10744000E36D43F00103E3650121FFF7D9FFA36D6D
:1074500003F010031843A36D40F0EA8023F4817316
:1074600043F002032268A3659368DB0700F1AC8058
:10747000D368A568666823F018032B43D360E36CD8
:1074800006F0404C4CEA030594F83C30012B09D13E
:10749000D4E910373B432B43A56C2B4343EA0C0341
:1074A00043F001051769644B3B402B43136126F001
:1074B0000043B3F1804F0AD0B6F1004F07D05F4FC1
:1074C0003B6806F4701623F470131E433E60637E1F
:1074D000267EE768D4F830C094F82C80DB0343EABA
:1074E0008633A67E3B43BCF1000F43EA463318BF08
:1074F0004FF4805C276943EA480343EA0C0394F89D
:1075000020C0002FB4BF27F0004E4FF4001EBCF186
:10751000010F43EA0E0E03D1002E57D14EF4803EE8
:10752000666A2EB1A36A06F4E0761E434EEA060EA2
:10753000D66826F4FE3626F4F37646EA0E06D660C2
:10754000D2F810C03E4E0CEA060635431561556967
:10755000666B25F00705354355615569A66B25F027
:10756000700545EA06155561002F38D1906A60F024
:107570000F009062D068334A024072454CD100231C
:10758000E365A36D23F0030343F00103A3650846FD
:1075900002B0BDE8F08183682B4A23F0104323F04A
:1075A000170343F080538360284B1B68B3FBF2F34F
:1075B00001335B000193019B002B3FF439AF019B2A
:1075C000013BF7E7002140E7054680E7A66D46F05E
:1075D0002006A665E66D46F00106E665A0E7B7F56C
:1075E000001FC7D1266E850026FA05F505F00F05A8
:1075F0000F2D0ED001300828F5D1906AE0690138CE
:10760000800000F01C006FF00F0505FA00F0304319
:10761000AFE70128AAD0F0E7A36D23F0120343F0EF
:107620001003A365E36D43F00103E3650121AEE7B9
:1076300043F01003A365F9E702FCFF1F0827014090
:1076400002FCFFDFE7FF3F83400D0300480F0020EF
:10765000F8B54569082D04460E460AD00368DB6874
:10766000D90705D5836D43F0200383650120F8BD5C
:107670000425FFF789FE0746206803682B4222D0C5
:10768000A36D43F40073A365C36813F4406F14D172
:10769000A37E93B903681B070FD5FFF7B1FE38BB74
:1076A0002268536823F00C035360A36D23F48073A6
:1076B00023F0010343F00103A365207E08BB236888
:1076C0000C221A60D3E7721CD7D0FFF75DFEC01BF7
:1076D000B04201D8002ECFD123681B682B40CBD1FC
:1076E000A26D84F8543042F00402A2650320BEE784
:1076F000A36D43F02003A365E36D43F00103E3654D
:10770000DBE70020B3E70368186C7047F7B5002388
:10771000019390F85430012B044600F0BB80012304
:1077200080F854300068FFF76BFE002840F0AC8012
:10773000486823690A68022823F004037CD0B3F167
:10774000004F2568C2F3110E13D1AB6A43EA0E0352
:10775000AB628B68686903EA022323F07C4323F061
:10776000FF0320EA02210B43002A6B6126DB002085
:1077700050E0236E00F01F074FF00F0C0CFA07FCCF
:107780006FEA0C0623EA0C0CBEF1000F11D1C2F314
:107790008463BB4043EA0C0323668008E36901303D
:1077A0009842D6D8A86AC2F38363BB4006403343ED
:1077B000CEE792FAA2F3B3FA83F3EAE73649374801
:1077C0000B68824203F0E07517D11B02CFD40B681F
:1077D000334A23F0E0732B4343F400030B60314B37
:1077E0001B68B3FBF2F20C2302FB03330193019BF2
:1077F000002BBCD0019B013BF8E72B4882420ED105
:1078000013F08070B3D10B6823F0E0732B4343F087
:1078100080730B60002384F8543003B0F0BD23481C
:107820008242A4D113F48000A1D10B6823F0E0734D
:107830002B4343F48003ECE7B3F1004F06D12168FA
:107840008B6AC2F3110023EA00038B62002A8EDAEE
:107850001248114982420B6807D10A6803F0A073ED
:1078600022F0E07213430B6081E70F48824203D19C
:107870000A6803F44003F3E70C4882427FF477AFD1
:107880000A6803F0C073EBE7A26D42F02002A26524
:107890001846BFE70220C0E708270140001000B0EB
:1078A000400D0300480F0020004000B8002000B445
:1078B00038B504460068FFF7A3FD08B9002038BDBD
:1078C00022689368990707D4936823F0004323F054
:1078D000170343F010039360FFF756FD0546236836
:1078E0009B685B07EAD5FFF74FFD401B0228F6D9DE
:1078F00023689B685A07F2D5A36D43F01003A36574
:10790000E36D43F00103E3650120D8E773B500237D
:10791000026801939368DD07044602D5002002B097
:1079200070BD9168214B194209D0A36D43F010033B
:10793000A365E36D43F00103E3650120EFE793687E
:1079400023F0004323F0170343F001039360184B27
:107950001B6818021CD4637E012BDFD0FFF714FDD7
:10796000144E054622681368DB07D7D49368D907FD
:107970005FBF9368334043F001039360FFF704FD5A
:10798000401B0228EED923681B68DA07EAD4CCE74B
:10799000094B0A4A1B68B3FBF2F301330193019BC5
:1079A000002BD8D0019B013BF8E700BF17000080F7
:1079B00008270140E8FFFF7F480F0020400D03002B
:1079C00038B504460068FFF71BFD054620BB94F858
:1079D0005430012B20D0012384F854302046FFF787
:1079E00095FFB0B9A36D226823F4706323F00103FF
:1079F00043F48073A3651C23E065136084F854008E
:107A0000936823F0004323F0170343F004039360CB
:107A100038BD84F85450FBE70220F9E7026838B516
:107A2000936891680446C80701D4002038BD9907BF
:107A3000FBD4936803F00503012B19D1936823F05D
:107A4000004323F0170343F0020393600323136002
:107A5000FFF79AFC054623689B68DB07E5D5FFF72F
:107A600093FC401B0228F6D923689B68DA07F2D5FD
:107A7000A36D43F01003A365E36D43F00103E365D9
:107A80000120D3E770B50446002841D0836D43F050
:107A900002038365FFF70CFF054668B92046FFF730
:107AA000BDFF054608B90123A3652268936823F04A
:107AB000104323F01703936023685A6822F4677217
:107AC00022F003025A6040F29F321A60D968114ACC
:107AD0000A40DA601A6922F040421A615A6922F0BB
:107AE00007025A611A6A02F0F0221A629A6A0A4A76
:107AF00000269E62136823F0FE7313602046F3F79E
:107B000061FCE6652666A66584F85460284670BD6B
:107B10000125FBE700023E830827014010B590F8DD
:107B20005430012B044615D0012380F85430FFF760
:107B3000BFFE58B92046FFF771FF38B9A36D23F493
:107B4000807323F0010343F00103A365002384F84D
:107B5000543010BD0220FCE713B50023019390F8C8
:107B60005430012B044640D0012380F85430FFF7F5
:107B700055FF23689A68D20733D4A26D22F481722C
:107B800042F00202A265D968DA6822F00302DA60E4
:107B90009A6842F0004201F003019A609A68002A54
:107BA00012DA019A01320192019AB2F52E3FF5D311
:107BB000A36D23F0120343F01003A365002384F8A0
:107BC0005430012002B010BDDA680A43DA60A36DB8
:107BD00023F0030343F00103A365002384F854302A
:107BE000F0E7A36D43F01003F6E70220EAE7000098
:107BF0000749CA6822F4E0620302120403F4E06356
:107C0000120C134343F0BF6343F40033CB6070475F
:107C100000ED00E0164B30B5DC68C4F30224C4F17B
:107C20000703251D042B28BF0423062D4FF0FF3525
:107C300005FA03F38CBF033C002421EA0303A340AD
:107C400005FA04F422EA0402002843EA0203ACBF66
:107C500000F16040074A4FEA0313B8BF00F00F007D
:107C6000DBB2AABF00F56140135480F8003330BD89
:107C700000ED00E014ED00E0002808DB01234209DC
:107C800000F01F0003FA00F0014B43F82200704798
:107C900000E100E000280DDB4309012200F01F0095
:107CA00002FA00F02033044A42F82300BFF34F8F5A
:107CB000BFF36F8F704700BF00E100E00138B0F103
:107CC000807F0AD2064B074A5860F02182F82310C1
:107CD0000020072298601A6070470120704700BF9B
:107CE00010E000E000ED00E0C368A3B1A1B1B1F580
:107CF000802F10D102681968D1635968916399681F
:107D00005163D96811631969D161596991619969A0
:107D10005161DB691361704702681968D161596864
:107D2000916199685161DB68F4E770B506460C46CD
:107D3000FFF72AFB054632685368DB0701D50020B0
:107D400070BD611CF8D0FFF71FFB401BA04201D89B
:107D5000002CF0D10120F3E72DE9F041794E0446E3
:107D60000F460FCE8CB06D460FC50FCE0FC596E8EF
:107D70000F0085E80F00A36AE56903B9AD00236829
:107D80001A68002D00F0CD8022F4C04242F4005267
:107D90001A601A6815F00F0642F001021A601FD02F
:107DA0004FEA15184FEA88080026B04523685ED8C8
:107DB000C5F3810200218A4240F08B8015F0030553
:107DC00040F09380013104299D60FBD13946204663
:107DD000FFF7ABFF2368002800F09E801A6833E0AD
:107DE000AD08B54203D800200CB0BDE8F081A38FE8
:107DF000A16922689BB2204651F823309360A38F7B
:107E000001339BB2A387A38F9BB251F823309360B9
:107E1000A38F01339BB2A387A38F9BB251F823306A
:107E20009360A38F01339BB2A387A38F9BB251F8BA
:107E300023309360A38F01339BB2A3873946FFF7AA
:107E400074FF23681A6868B122F001021A60636D3A
:107E500043F0100363650120002384F8510084F887
:107E60005030C1E742F080021A600436B9E7A28FB1
:107E7000A16992B2204651F822209A60A28F013265
:107E800092B2A287A28F92B251F822209A60A28F5A
:107E9000013292B2A287A28F92B251F822209A6048
:107EA000A28F013292B2A287A28F92B251F8222001
:107EB0009A60A38F01339BB2A3873946FFF735FF42
:107EC00023681A680028BFD142F080021A60043685
:107ED0006BE7A08FA66980B2013156F82000986048
:107EE000A08F013080B2A08765E7A18FA06989B219
:107EF000013250F82110606805EB40050CA800EB3A
:107F0000850555F8300C014099600021042A3FF4A2
:107F10005DAF99600132F9E71A6842F080021A6099
:107F200062E7616822F006020A431A601A6822F4C6
:107F3000C04242F400521A601A6842F001021A600C
:107F4000284651E708DD020810B50446E8B190F86C
:107F5000513003F0FF021BB980F8502012F000FFEF
:107F6000D4E9013021680A680343606922F4A02241
:107F7000034322F0660213430B6000200123606577
:107F8000A06584F85130636410BD0120FCE738B56A
:107F90000546012480B1026844640024C487A0F827
:107FA00040408487136823F00103136012F0F8FE49
:107FB00085F8514085F85040204638BD70477047DD
:107FC0007047C38F026830B59BB2456B55F82330BC
:107FD0009360C38F01339BB2C387C38F9BB285B0BD
:107FE00055F823309360C38F01339BB2C387C38F8F
:107FF0009BB2044655F823309360C38F01339BB284
:10800000C387C38F9BB255F823309360C38F01336E
:108010009BB2C387FFF789FE88B12268136823F0FB
:1080200001031360636D43F010036365012384F85B
:108030005130002384F850302046FFF7C1FF2368F9
:108040001A6842F080021A60DA680092DA680192D7
:10805000DA68DB680393B4F84230029203339B087A
:108060000021B4F8402092B29A4201D2042901D1F1
:1080700005B030BDB4F84020A06B5DF8215092B23D
:10808000013140F82250B4F84020013292B2A4F8F5
:108090004020E6E7F0B5C36AB0F84250012B85B046
:1080A00004460E461FD1826D012A1BD1C36D2B449D
:1080B000C365B4F84230AD08180718BF25F00305B2
:1080C000FFF762F90746E28FB4F8403092B295426A
:1080D0009BB201D99D4249D8B4F842301A0762D107
:1080E000002027E083652268A168E5650027A7874F
:1080F000136823F4C04313602046FFF7F5FD226A9E
:1081000023681168D9625168996291685962D2688E
:108110001A621A6842F001021A603146FFF705FE42
:1081200050B1636D84F8507043F010030120636513
:1081300084F8510005B0F0BD2268136843F0800355
:10814000136031462046FFF707FE002840F0868086
:10815000226802236364136823F4C04343F480431A
:108160001360136823F470031360A2E731462046BE
:10817000FFF727FF711CA6D0FFF706F9C01BB0421E
:1081800001D8002E9FD12268136823F001031360E9
:10819000636D43F0100363650120002384F85100F0
:1081A00084F85030C6E72168086800F018001028ED
:1081B00008BF08684FEA131202F1010208BF20F459
:1081C00070004FEA021703F11005C3EB021208BF5B
:1081D00040EA0250A5EB070508BF0860AD08930709
:1081E00018BF01350022AA4229D12B460022032BB9
:1081F00031D931462046FFF798FD0028C8D12368C1
:108200001A6842F080021A60DA680092DA68019215
:10821000DA68DB6802920393A8423FF461AFB4F8D6
:108220004030A26B5DF820109BB2013042F8231061
:10823000B4F8403001339BB2A4F84030ECE7E38F50
:10824000606B9BB2013250F823308B60E38F0133B7
:108250009BB2E387C7E78A600133C8E7012069E77B
:10826000F0B5C36AB0F84250012B85B004460E4603
:108270001FD1826D012A1BD1C36D2B44C365B4F895
:108280004230AD08180718BF25F00305FFF77CF84A
:108290000746E28FB4F8403092B295429BB201D9C2
:1082A0009D4249D8B4F842301A0762D1002027E035
:1082B00083652268A168E5650027A787136823F412
:1082C000C04313602046FFF70FFD22692368116841
:1082D000D9625168996291685962D2681A621A68C3
:1082E00042F001021A603146FFF71FFD50B1636D85
:1082F00084F8507043F010030120636584F8510046
:1083000005B0F0BD2268136843F080031360314666
:108310002046FFF721FD002840F08E8022680223CE
:108320006364136823F4C04343F480431360136809
:1083300023F470031360A2E731462046FFF741FEA5
:10834000711CA6D0FFF720F8C01BB04201D8002E48
:108350009FD12268136823F001031360636D43F01B
:10836000100363650120002384F8510084F8503025
:10837000C6E72168086810F0180F08BF08684FEAC0
:10838000131202F1010208BF20F470004FEA021735
:1083900003F11005C3EB021208BF40EA0250A5EB3F
:1083A000070508BF0860AD08930718BF0135002214
:1083B000AA4232D12B460022032B3AD9314620461D
:1083C000FFF7B3FC40B1012384F85130002384F857
:1083D00050302046FFF7F4FD23681A6842F080020F
:1083E0001A60DA680092DA680192DA68DB68029251
:1083F00003930022AA423FF459AFB4F84030A16B76
:108400005DF822009BB2013241F82300B4F84030FD
:1084100001339BB2A4F84030ECE7E38F606B9BB272
:10842000013250F823308B60E38F01339BB2E38736
:10843000BEE78A600133BFE7012061E7F8B590F835
:108440005160069D012E0446F0B278D194F8507028
:108450000226012F84F8516077D0C4E90D13636AB6
:1084600084F850000026E687A4F840600BB992001B
:1084700092B22368A4F842201A6822F018021A6007
:108480001A68334B1340602B52D009D8402B0FD0C1
:10849000304B134063B1636D43F020036365F8BD57
:1084A000B3F5803FF7D129462046FFF7F3FD43E0BF
:1084B000E36A012B03D1A26D012A10D0A365A16844
:1084C0002046FFF711FC63694BB1226923681168EC
:1084D000D9625168996291685962D2681A622268B9
:1084E00002236364136843F001031360E28FB4F85E
:1084F0004210B4F8403092B2B2EB910F9BB24FEA07
:10850000910001D298420ED82268136823F001032B
:108510001360012384F851300123002084F8513086
:1085200084F85000BBE729462046FFF74AFDDDE707
:1085300029462046FFF794FE0028B0D1ECE7636D92
:1085400043F0080363650120A9E73046A7E700BFB1
:108550006000010040000100F8B5044690F85100A9
:10856000069E0128C5B240F0BA8094F850700220EF
:10857000012F84F8510000F0B880C4E90D13636A3C
:1085800084F850500020E087A4F840000BB9920016
:1085900092B22368A4F842201A6822F0180242F02E
:1085A00010021A601968524A0A40602A00F08F804F
:1085B00009D8402A0FD04F4A0A4062B1636D43F098
:1085C0002003636536E0B2F5803FF7D1314620469F
:1085D000FFF760FD7FE0E26A012A03D1A16D012966
:1085E0003FD0A2656269A168402A67D094F83070D4
:1085F000002F5AD11A6822F0180242F008021A60BD
:108600002046FFF771FB2268136843F001031360F3
:108610003146FFF78AFB23681A6868B122F001022D
:108620001A60636D84F8507043F010036365012392
:1086300084F851302846F8BD42F080021A601A686A
:1086400022F0180242F010021A6063694BB12269ED
:1086500023681168D9625168996291685962D26839
:108660001A62226802236364136843F001031360F3
:10867000E28FB4F84210B4F8403092B2B2EB910FEE
:108680009BB24FEA910001D298421BD8226813682E
:1086900023F001031360012384F8513001230025E6
:1086A00084F8513084F85050C4E72046FFF71CFB93
:1086B0002268136843F018031360C6E72046FFF7EB
:1086C00013FBC2E731462046FFF77BFCD0E731467B
:1086D0002046FFF7C5FD05460028ABD1DEE7636DF8
:1086E00043F0080363650125A4E70546A2E700BF40
:1086F0006000010040000100F0B505682B685905D5
:108700008DB004460DD56B685A0742BF436D43F0E8
:10871000010343656B689B0742BF436D43F002034F
:1087200043656B68DF0740F1ED802B689E0540F1E3
:10873000E9802B68D4F814C043F08003BCF1600FCB
:108740002B6003D0BCF5803F40F0DC812A6812F436
:10875000005200F01381A44F0FCF6E460FC60FCF0B
:108760000FC697E80F0086E80F00A26AE36902B916
:108770009B00A28F92B2B3EB820F00F281800223A2
:1087800063642B68B4F8422023F4C04343F480436D
:108790002B602B6823F470032B60BCF5803F01BF76
:1087A000A38F01339BB2A3874AB92B6823F4C0631C
:1087B0002B60012384F8513084F85020A2E00F2A66
:1087C0004FEA92032CD9E18F606B89B250F82110E7
:1087D000A960E18F013189B2E187E18F89B250F858
:1087E0002110A960E18F013189B2E187E18F89B25F
:1087F00050F82110A960E18F013189B2E187E18F42
:1088000089B250F82110A960E18F013189B2E18766
:10881000E18F89B2994275D112F00F0F72D117E032
:10882000296811F01801C2F1100215D1BCF1600FD6
:1088300001BF296821F4700141EA025129609007C3
:1088400018BF0133002199420BD10022042B14D10F
:108850002046FFF7B3FB55E01029F0D1BCF5803F6F
:10886000E6E7E28F606B92B2013150F82220AA60F5
:10887000E28F013292B2E287E5E7AA600133E5E7D1
:10888000A18F89B2C1EB930103294FEA930254D916
:1088900094F86030012B10D12B68002243F0800344
:1088A0002B6084F860202B6823F4C0632B600323C3
:1088B00084F85130042363647EE7A38FA2699BB2DE
:1088C00052F82330AB60A38F01339BB2A387A38FF1
:1088D0009BB252F82330AB60A38F01339BB2A387C6
:1088E000A38F9BB252F82330AB60A38F01339BB2AE
:1088F000A387A38F9BB252F82330AB60A38F0133C1
:108900009BB2A3870DB0F0BDA18FA66989B20130DB
:1089100056F82110A960A18F013189B2A187904238
:10892000F2D313F003030CD1AB60A18F01320131FC
:1089300089B2042AA187F7D1E4E7002002F00302FC
:10894000EDE7A18FA06989B250F82110606803EBB0
:1089500040030CA800EB830353F8303C0B40AB60A2
:10896000A38F01339BB2A38700210132042AC9D00F
:10897000A960A38F01339BB2A387F6E7EB6800934E
:10898000EB680193EB680293EB680393B4F8423011
:10899000DE1CB6081046B4F8401089B2B14201D2CC
:1089A000042823D1E08FB4F84060B6B2B6EB930F41
:1089B00080B24FEA93012AD3B3EB800F27D86369C3
:1089C000B3F5803F02D1A36D012B03D02B6823F4B4
:1089D000C0632B60012384F85130002384F85030A9
:1089E0002046FFF7ECFA8DE708DD0208B4F840C036
:1089F000A16B5DF820701FFA8CFC013041F82C70DF
:108A0000B4F84010013189B2A4F84010C3E7E08FF8
:108A100080B2081A032840D994F86020012A0FD1A7
:108A20002B68002243F080032B6084F860202B68C1
:108A300023F4C0632B60032384F8513005233AE705
:108A4000E28F606B92B250F82220AA60E28F01326E
:108A500092B2E287E28F92B250F82220AA60E28FAF
:108A6000013292B2E287E28F92B250F82220AA60DD
:108A7000E28F013292B2E287E28F92B250F8222066
:108A8000AA60E28F013292B2E287E28F92B2914203
:108A90007FF438AF13F00F0FC0E6286819090131D1
:108AA00010F018004FEA0116C3EB011118D16069EC
:108AB000602801BF286820F4700040EA0150286057
:108AC00010339B1B89074FEA930300D001339A426E
:108AD0000CD10022032B3FF6BBAEAA600133F9E7AD
:108AE0001028EDD16069B0F5803FE2E7E18F606B5F
:108AF00089B2013250F82110A960E18F013189B2A9
:108B0000E187E4E794F85130022B64D1EB68B4F8C4
:108B100042100093EB680193EB680293C81CEB686A
:108B2000039380080022B4F840309BB28342B4F82B
:108B300040309BB201D2042A10D1B3EB910F4FEA1F
:108B4000910218D12B6823F4C0632B60012384F8B1
:108B500051302B6823F001032B603EE7A66B5DF8D4
:108B6000227046F82370B4F8403001339BB2A4F869
:108B700040300132D7E794F86030012B3FF450AF1A
:108B8000E38F616B9BB251F82330AB60E38F01330D
:108B90009BB2E387E38F9BB251F82330AB60E38F46
:108BA00001339BB2E387E38F9BB251F82330AB6074
:108BB000E38F01339BB2E387E38F9BB251F82330FD
:108BC000AB60E38F01339BB2E387E38F9BB29A42A2
:108BD0007FF498AE3CE6636D43F00803636520467E
:108BE000FFF7EEF98EE600BF70B5D0E9134565607A
:108BF000446D14B1D0E916456560D0E9105404F015
:108C00001C060124B4406C60046863608368102B08
:108C10000BBFA260A160E160E26070BD0268416CC0
:108C2000D3B210B5083B1424B3FBF4F30B4CA242AF
:108C300088BF0B4A21F0030199BF01F1804202F580
:108C40000232521807338264064AC26403F01F03DB
:108C5000012202FA03F3036510BD00BF07040240BE
:108C60001C0802408008024010B5002860D002684D
:108C7000304B9A424FF014044DD82F491144B1FBA8
:108C8000F4F189004164A3F207430364022380F8EE
:108C90002530136823F4FF4323F070031360D0E9F9
:108CA00002342343046911682343446923438469DC
:108CB0002343C4692343046A23430B431360FFF730
:108CC000ADFF8368816CB3F5804F04BF0023436020
:108CD000426802F07F030B60D0E91314013A032AC3
:108CE0004C6020D8154A164C84651A44013B92000A
:108CF000012103F0030301FA03F300214265C36578
:108D00001160636000230122C36380F8243080F87F
:108D10002520184610BD0B4B1344B3FBF4F39B0006
:108D20004364094BB1E70023C0E91533C365E9E7A4
:108D30000120EFE707040240F8FFFDBF3F8200106B
:108D400040090240F8FBFDBF0004024038B500288E
:108D500045D001680B6823F001030B60214B994259
:108D60004FF0140433D8204A0A44B2FBF4F29200C4
:108D70004264A3F207430364D0E91023012403F003
:108D80001C0304FA03F300250D605360FFF746FF50
:108D9000836C41681D60D0E913325A604A1E032A71
:108DA00006D8124B0B449B0094401D60104B5C6036
:108DB0000023C363C0E91533C0E90B33C0E90D33A9
:108DC000C36580F8253080F82430184638BD094B3B
:108DD0000B44B3FBF4F39B004364074BCBE7012048
:108DE000F4E700BF07040240F8FFFDBF3F82001018
:108DF00040090240F8FBFDBF0004024070B590F846
:108E00002450012D04463CD090F825600125AE4247
:108E100080F824504FF000062DD1022580F825500F
:108E2000C6630668356825F001053560FFF7DCFE8E
:108E3000026B0368BAB11A6842F00E021A60A26CA3
:108E40001168C90342BF116841F480711160626DFD
:108E50001AB1116841F4807111601A6842F0010280
:108E60001A60002070BD1A6822F004021A601A68A5
:108E700042F00A02E2E78023C36380F824602846B8
:108E8000F0E70220EEE740B190F82530022B06D043
:108E90000423C363002380F8243001207047036853
:108EA000816C1A6822F00E021A600A6822F480723D
:108EB0000A601A6822F001021A60D0E9101303F068
:108EC0001C02012393404B60D0E913325A60436D7A
:108ED00033B11A6822F480721A60D0E916325A60EF
:108EE000012380F82530002380F82430184670478D
:108EF00010B590F82530022B03D00423C363012062
:108F000010BD03681A6822F00E021A601A6822F077
:108F100001021A60826C136823F480731360D0E935
:108F2000101303F01C02012393404B60D0E913326D
:108F30005A60436D33B11A6822F480721A60D0E926
:108F400016325A60012380F82530836B002480F8A4
:108F5000244013B198472046D2E71846D0E70000D6
:108F600070B4426C046C036826681D6802F01C0231
:108F70000421914031420FD015F0040F0CD01A6833
:108F800092065EBF1A6822F004021A60036B6160E9
:108F9000002B33D070BC184702219140314217D0CA
:108FA00015F0020F14D01A68940606D41A6822F03D
:108FB0000A021A60012280F82520114A93428CBFD0
:108FC000104B114B5960002380F82430C36ADFE74F
:108FD00008219140314211D029070FD5196821F09D
:108FE0000E011960012303FA02F26260C36380F884
:108FF0002530002380F82430436BC9E770BC7047EC
:1090000080000240000402400000024090F8250069
:109010007047C06B704700002DE9F04F524C0023A1
:109020004FF00F090A6832FA03F501D1BDE8F08F5D
:10903000012505FA03F818EA020200F08F804E6855
:10904000032706F003054FEA430E07FA0EFC6F1ED6
:10905000012F6FEA0C0C32D8876807EA0C0ACF6838
:1090600007FA0EF747EA0A078760476827EA080801
:10907000C6F300179F4047EA08074760C76807EA3A
:109080000C088F6807FA0EF747EA0807022DC76039
:1090900017D14FEAD30800EB880803F0070AD8F885
:1090A00020704FEA8A0A09FA0AFB27EA0B0B0F69BC
:1090B00007FA0AF747EA0B07C8F8207001E0032D0A
:1090C000DCD1076807EA0C0C05FA0EF747EA0C0733
:1090D00016F4403F076041D023F0030707F18047B3
:1090E00007F5803703F0030CBD684FEA8C0C4FF096
:1090F000070E0EFA0CFEB0F1904F25EA0E0E2FD09F
:109100001A4DA8422ED005F58065A8420CBF022555
:10911000072505FA0CF545EA0E05BD60D4F8805028
:10912000D74316F4803F0CBF3D401543C4F8805030
:10913000D4F8845016F4003F0CBF3D401543C4F8EA
:109140008450256816F4801F0CBF3D4015432560F0
:109150006568B60254BF3D4015436560013361E761
:109160000025D6E70125D4E7000800580004004890
:10917000374A2DE9F04F00234FF0010A4FF0070B5B
:109180004FF00F0931FA03F401D1BDE8F08F0AFA6C
:1091900003FC1CEA010654D023F0030404F18044CC
:1091A00004F5803403F00307A568BF000BFA07F845
:1091B000B0F1904F08EA050E45D0264DA84244D0A4
:1091C00005F58065A8420CBF02250725BD40754501
:1091D00017D1D2F8805025EA0605C2F88050D2F89F
:1091E000845025EA0605C2F88450156825EA06056C
:1091F0001560556825EA06065660A56825EA080543
:10920000A560056803265C0006FA04F423FA06F656
:10921000254300EB8606056003F00705376AAD00BD
:1092200009FA05F527EA05053562856825EA04058A
:109230008560456825EA0C054560C56825EA040493
:10924000C46001339EE70025C0E70125BEE700BFEB
:1092500000080058000400480369194214BF0120A7
:10926000002070470AB18161704781627047000039
:10927000044AD168014208B502D0D060F2F750FA32
:1092800008BD00BF00080058024A136843F4807309
:109290001360704700040058024B186800F4C06067
:1092A000704700BF000400580B4A136823F00703FF
:1092B00043F001031360094B1A69012842F00402CC
:1092C0001A6105D130BF1A6922F004021A61704791
:1092D00040BF20BF20BFF6E70004005800ED00E0CB
:1092E0000B4A136823F0070343F002031360094B92
:1092F0001A69012842F004021A6105D130BF1A69C7
:1093000022F004021A61704740BF20BF20BFF6E779
:109310000004005800ED00E04FF0B0431868C0F3BF
:10932000404070474FF0B0431868C0F3802070474A
:109330004FF0B0431868C0F3400070474FF0B042A0
:10934000536823F47F4343EA0023536070474FF090
:10935000B0431868C0F34060704700007FB54FF01D
:10936000B0432C4AD3F80831C0F3031003F00F03C5
:1093700052F82040284A52F82330B4FBF3F4FFF7A8
:109380008BFF264B054693E80700B5F5007F04AB3D
:1093900003E9070010D0224B9C4218D303F5B70312
:1093A00003F67F539C4229D903F5741303F5106328
:1093B0009C4225D802230BE01A4B9C4207D91A4B3A
:1093C0009C421BD903F5370303F5D853F0E700237C
:1093D00004AA02EB830353F80C4C144D2B6823F0C2
:1093E000070323432B60FDF7CFFF06462B6803F0EE
:1093F00007039C4206D1002004B070BD0123E7E7BB
:109400000024EAE7FDF7C0FF801B0228EED9032005
:10941000F2E700BF0C230308AC22030838DD020882
:10942000C0CF6A00BFEA21013F93340200400058D8
:109430004FF0B04310B59A68D96812F00C0205D00D
:109440000C2A4AD101F00303012B50D14FF0B04157
:109450002B480B6813F0080306D00B6813F00803C1
:1094600037D1D1F8941007E00C68240756BFD1F823
:1094700094300968C3F3032350F82330002A0CBF4B
:10948000184600204FF0B0418A6802F00C020C2A06
:109490001ED1CA6802F00302022A2ED0032A06D186
:1094A0000B68184813F4801F174B18BF03464FF082
:1094B000B040C168C268C068C1F30621C2F302129D
:1094C000400F4B4301320130B3FBF2F3B3FBF0F03A
:1094D00010BD0B68C3F30313CEE7042A0AD0082A91
:1094E00005D11B6813F4801304D10748CAE7002391
:1094F0001846C7E703480023C4E7024BD7E700BF7D
:109500000C2303080024F4000048E80108B5FFF725
:109510008FFF4FF0B043044A9B68C3F3031352F824
:109520002330B0FBF3F008BDAC2203082DE9F04175
:109530000446002855D04FF0B0439E68DD680368AC
:10954000990606F00C0605F003056BD51EB10C2E2E
:1095500049D1012D47D1FFF7EBFE10B1236A002B53
:109560003FD04FF0B043A06A1A68120756BFD3F835
:1095700094301B681B0903F0F00398421ED9FFF7D3
:10958000EDFE00282DD14FF0B042136843F00803E0
:1095900013601368A16A23F0F0030B431360606A41
:1095A000FFF7CCFEFFF7B2FFAC4B1860AC4B18686E
:1095B000FDF7A2FE002835D0BDE8F0814FF0B042A3
:1095C000136843F008031360136823F0F0030343A8
:1095D0001360606AFFF7B2FEA06AFFF7BFFE0028C3
:1095E000E0D00120E8E7226A4FF0B043002A54D0CF
:1095F0001A6842F001021A60FDF7C6FE0746FFF73F
:1096000097FE002842D04FF0B042136843F00803A1
:1096100013601368A16A23F0F0030B431360606AC0
:10962000FFF78CFE2368DB0748D423689F0700F10F
:10963000908023681D0740F1FC80A3694FF0B0457E
:10964000002B00F0E380D5F89430E16903F01002BC
:10965000914200F0C68003F00302022AC1D0D8076D
:1096600040F1B580D5F8943023F00103C5F894306B
:10967000FDF78AFE0746D5F89430990740F1A78098
:10968000FDF782FEC31B112BF5D904E0FDF77CFE2C
:10969000C01B0228B3D903208EE71A6822F001020A
:1096A0001A60FDF771FE0746FFF742FE0028B9D0A9
:1096B000FDF76AFEC01B0228F6D9ECE7082E03D09E
:1096C0000C2E09D1032D07D1FFF726FE0028ACD0C0
:1096D0006368002BA9D184E74FF0B043A1681A68F2
:1096E00022F480120A431A606268B2F5803F10D1FA
:1096F0001A6842F480321A60FDF746FE0746FFF70B
:109700000BFE002891D1FDF73FFEC01B6428F6D95F
:10971000C1E7B2F5041F04D11A6842F400121A60BE
:10972000E6E7196821F480311960196821F4001105
:109730001960002AE0D1FDF727FE0746FFF7ECFD90
:1097400000283FF472AFFDF71FFEC01B6428F5D957
:10975000A1E7042E03D00C2E12D1022D10D1FFF759
:10976000E1FD18B12369002B3FF43BAF4FF0B0424D
:109770006169536823F0FE4343EA0163536058E78D
:1097800022694FF0B04382B11A6842F480721A60C5
:10979000FDF7FAFD0546FFF7C5FD0028E6D1FDF708
:1097A000F3FD401B0228F6D975E71A6822F480728F
:1097B0001A60FDF7E9FD0546FFF7B4FD00283FF408
:1097C00038AFFDF7E1FD401B0228F5D963E74FF004
:1097D000B042E169D2F8943023F010030B43C2F891
:1097E00094304FF0B045D5F8943043F00103C5F8FC
:1097F0009430FDF7C9FD0746D5F894309A0718D480
:10980000FDF7C2FDC31B112BF6D944E7D5F8943000
:1098100023F00103C5F89430FDF7B6FD0746D5F8EF
:1098200094309B0705D5FDF7AFFDC31B112BF6D96F
:1098300031E72368580753D50A4D2B68D90513D44F
:10984000FFF722FDFDF7A0FD07462B68DA050BD4D4
:10985000FDF79AFDC31B022BF7D91CE7480F002028
:109860006C0E002000040058E3684FF0B045002B58
:1098700058D023F08003052B02BFD5F8903043F079
:109880000403C5F890304FF0B045FDF77DFDD5F8E5
:10989000903043F001030746C5F8903041F2883814
:1098A000D5F890309B0705D4FDF76EFDC31B4345EB
:1098B000F6D9F0E6E36823F00403812B1BD1FDF712
:1098C00063FDD5F8903043F08003C5F8903007462B
:1098D0004FF0B04541F28838D5F89030180504D5DE
:1098E000E06A00284AD1002066E6FDF74DFDC01B66
:1098F0004045F1D9CFE6FDF747FDD5F8903023F08C
:109900008003C5F8903007464FF0B04541F28838E3
:10991000D5F890301905E3D5FDF736FDC01B40455D
:10992000F6D9B8E6FDF730FDD5F8903023F0800386
:109930000746C5F8903041F28838D5F890301A05BE
:1099400016D4FDF721FDD5F8903023F00103C5F8BA
:10995000903007464FF0B04841F28835D8F8903043
:109960009B07BDD5FDF710FDC31BAB42F6D992E6B0
:10997000FDF70AFDC01B4045DFD98CE60C2E53D005
:109980004FF0B04302281A6822F080721A6033D177
:10999000FDF7FAFC0546FFF7DAFC38BBD4E90C31D9
:1099A0004FF0B0420B43D0682F4901400B43E16BAD
:1099B0000B43216C0B43616C0B43A16B43EA012306
:1099C000D360136843F080731360D36843F080530F
:1099D000D360FDF7D9FC0446FFF7B9FC002882D11B
:1099E000FDF7D2FC001B0A28F6D954E6FDF7CCFCA3
:1099F000401B0A28CFD94EE6DA6822F00302DA606B
:109A0000DA6822F0885222F48032DA60FDF7BCFC7A
:109A10000446FFF79CFC00283FF465AFFDF7B4FC5B
:109A2000001B0A28F5D936E601283FF4C5AD4FF0F2
:109A3000B043226BDB6803F0030191427FF4D1ADA8
:109A4000616B03F070028A427FF4CBADA16B03F42B
:109A5000FE42B2EB012F7FF4C4AD626C03F06043B1
:109A600093423FF440AFBCE58C80C1112DE9F04139
:109A70000D46044610B90120BDE8F081674E3368F9
:109A800003F007038B4216D32368980727D54FF0BE
:109A9000B046A268B36823F0F0031343B360FDF748
:109AA00073FC0746B368D90319D4FDF76DFCC31BDB
:109AB000022BF7D911E0336823F007030B4333601F
:109AC000FDF762FC0746336803F00703AB42DBD0C7
:109AD000FDF75AFCC01B0228F5D90320CCE7236808
:109AE0005A0617D54FF0B0466269D6F8083123F010
:109AF0000F0343EA1213C6F80831FDF745FC074689
:109B0000D6F80831DB0305D4FDF73EFCC31B022B5E
:109B1000F6D9E2E723685E0713D54FF0B046E26856
:109B2000B36823F4E0631343B360FDF72DFC0746ED
:109B3000B368980305D4FDF727FCC31B022BF7D9A4
:109B4000CBE72368190714D54FF0B0462269B368F4
:109B500023F4605343EAC203B360FDF715FC0746E4
:109B6000B3685A0305D4FDF70FFCC31B022BF7D9CA
:109B7000B3E72368DB070FD4284C236803F00703FF
:109B8000AB4237D8FFF7C2FC254B1860254BBDE828
:109B9000F0411868FDF7B0BB6368022B1ED1FFF7D8
:109BA000BBFB00283FF467AF4FF0B0466268B36874
:109BB00023F003031343B360FDF7E6FB41F288385B
:109BC0000746B368626803F00C03B3EB820FD3D08F
:109BD000FDF7DAFBC01B4045F3D97EE7032B02D12A
:109BE000FFF7B5FBDDE713B9FFF7A2FBD9E7FFF7F6
:109BF00099FBD6E7236823F007032B432360FDF787
:109C0000C3FB0646236803F00703AB42BAD0FDF757
:109C1000BBFB801B0228F5D95FE700BF004000585E
:109C2000480F00206C0E002008B5FFF76FFC4FF0C6
:109C3000B043044A9B68C3F3022352F82330D84050
:109C400008BD00BFEC22030808B5FFF75FFC4FF02A
:109C5000B043044A9B68C3F3C22352F82330D84070
:109C600008BD00BFEC22030830B590F82C30012B62
:109C70004FF0020222D0194B80F82D20CA24012572
:109C800080F82C505C6253245C62B1F5807F046BD9
:109C900016D19A6922F488529A615A6C24F0010410
:109CA00022F000425A640463DD650C4BFF225A62C5
:109CB0000123002280F82D3080F82C20104630BD82
:109CC000996921F408519961D96C24F0020421F0BA
:109CD0000041D9640463DA65E7E700BF002800406B
:109CE00070B50B4D036B6E6D1E40F207044603D535
:109CF0000123EB65EEF766FFB30704D50223EB659E
:109D0000204600F0C5F9012384F82D3070BD00BF56
:109D10000028004038B50A4CE36823F02003E360D4
:109D2000FDF732FB0546E3689B0601D5002038BDF0
:109D3000FDF72AFB401BB0F57A7FF4D90320F6E744
:109D4000002800402DE9F041114DEC6814F040046A
:109D500007461AD1EB6843F08003EB60FDF714FB74
:109D60004FF003080646EB685B0601D4032C02D1D2
:109D70002046BDE8F081FDF707FB801BB0F57A7F38
:109D800084BF87F82D800324EDE70024F0E700BFAF
:109D900000280040104BDA6822F0800210B5DA602B
:109DA0009A699206044606D4FFF7B4FF10B1032067
:109DB00084F82D0010BD9A6922F020029A61FFF705
:109DC000A9FF10B1032084F82D00034A936943F0E2
:109DD00020039361EEE700BF0028004038B5044639
:109DE000002847D090F82D3003F0FF021BB980F80F
:109DF0002C2010F09DFE204D022384F82D30CA2324
:109E00006B6253236B622046FFF79CFF70BBAB690C
:109E100023F08E6323F04003AB6121696368AA6974
:109E20000B431343A2691343AB61D4E9022343EA12
:109E300002432B61D4E90931EA680B4322F4F8525A
:109E40001343EB602046FFF7A5FF78B9D4E9071369
:109E5000AA690B4322F06042134362691343AB616A
:109E6000FF236B62012384F82D3038BD024BFF22A3
:109E70005A62FAE70120F8E7002800400023092889
:109E800003D840EA0310C0B270470A380133C0B2A9
:109E9000F5E700002DE9F04790F82C30012B05463E
:109EA0004FF0020067D0012385F82C304C4B85F829
:109EB0002D00DE6806F44076B6F5807F76D04C69DA
:109EC000087891F8018091F802A091F82470002A96
:109ED00053D19A6912F0400208BFCA70FFF7CEFF53
:109EE00081464046FFF7CAFF80465046FFF7C6FF4F
:109EF00082463846FFF7C2FF0A6ACB78144344EA29
:109F0000835444EA0A0343EA094343EA082343EA41
:109F10000063334ACA205062532050628C6A8869B9
:109F2000B4F5807F946943D124F48854946101246A
:109F3000D465B6F5807F0ABFCB69136418435064BB
:109F4000274B4A681A672A6B42F001022A639A6912
:109F500042F488529A61234AD2F8803043F40033A5
:109F6000C2F880301E4BFF225A620020012385F880
:109F70002D3085F82C00BDE8F087B4F1803F07D084
:109F8000B4F5000F04D09A6912F0400208BFCA70FD
:109F90000A6A144344EA0A0444EA0043C87843EADC
:109FA000082343EA805343EA0763B2E70023B0E79C
:109FB00024F4085494610224D465B6F5807F0ABF66
:109FC000CB6993641843D064054B4A685A672A6B7F
:109FD00042F002022A639A6942F40852BAE700BFCB
:109FE000002800400008005890F82C20012A034661
:109FF0004FF0020012D00A4A83F82D00CA215162A4
:10A0000053215162916941F020019161FF21516218
:10A010000020012283F82D2083F82C00704700BF18
:10A020000028004090F82C20012A03464FF002003F
:10A0300019D00D4A83F82D00CA2151625321516273
:10A0400091690A4841F080019161D0F8801041F493
:10A050008021C0F88010FF2151620020012283F886
:10A060002D2083F82C00704700280040000800587D
:10A07000064B5A6D520610B5044603D54022DA65E8
:10A08000EEF7A2FD012384F82D3010BD002800401A
:10A090007047890001F1804101F531410A60704744
:10A0A000890001F1804101F53141086870470000E5
:10A0B0002DE9F74F994600238DF803300446884672
:10A0C0001746FDF761F90C9D4D442D1AFDF75CF91B
:10A0D0002C4BD4F800B01B6823265E43360D6E432C
:10A0E000824601962268936803EA0803BB4201D1C5
:10A0F00000203AE0B8F5C06F07D137B99BF80C30B3
:10A10000DBB28DF803309DF80330B9F1FF3FEAD0A0
:10A11000FDF73AF9A0EB0A00A84229D323685A6850
:10A1200022F0E0025A606268B2F5827F0AD1A2682A
:10A13000B2F5004F02D0B2F5806F03D11A6822F059
:10A1400040021A60A26AB2F5005F07D11A6822F4D1
:10A1500000521A601A6842F400521A60012384F80F
:10A160005D30002384F85C30032003B0BDE8F08F3D
:10A17000019B002B019B03F1FF3308BF00250193D6
:10A18000B0E700BF480F00202DE9F3471F4689467E
:10A1900090460446FDF7F8F80A9D3D442D1AFDF758
:10A1A000F3F8264B1E68C6F3CB366E438246019603
:10A1B0002268936839EA03030CBF01230023434557
:10A1C00001D100202EE07B1CF3D0FDF7DDF8A0EBE1
:10A1D0000A00A84229D323685A6822F0E0025A6094
:10A1E0006268B2F5827F0AD1A268B2F5004F02D050
:10A1F000B2F5806F03D11A6822F040021A60A26A99
:10A20000B2F5005F07D11A6822F400521A601A688A
:10A2100042F400521A60012384F85D30002384F870
:10A220005C30032002B0BDE8F087019B002B019B4E
:10A2300003F1FF3308BF00250193B9E7480F002061
:10A240004368B3F5827FF7B504460E4617460BD137
:10A250008368B3F5004F02D0B3F5806F04D1226854
:10A26000136823F0400313600097334600228021D7
:10A270002046FFF789FF054628B1236E43F02003EF
:10A280002366032514E06368B3F5827F10D1A368C9
:10A29000B3F5004F02D0B3F5806F09D10097334674
:10A2A00000224FF4C0612046FFF702FF0028E4D1EE
:10A2B000284603B0F0BD73B50B4600920D46164616
:10A2C0004FF4C05100220446FFF7F2FE024628B1C7
:10A2D000236E43F020032366032011E000962B46F3
:10A2E00080212046FFF750FF02460028F0D100965B
:10A2F0002B464FF4C0612046FFF7DAFE0028E7D175
:10A3000002B070BDF8B5044600287CD0436A002B2B
:10A310004FD14268B2F5827F00D0C36194F85D30BE
:10A3200003F0FF0223B984F85C20204610F038FCCB
:10A330002268E168022384F85D301368B1F5E06FAC
:10A3400023F0400313604FF000035ED84FF48055B4
:10A3500000D0A3626368A768A069A66A07F40447EF
:10A3600003F482733B43276907F002073B436769A5
:10A3700007F001073B4300F400773B43E76907F030
:10A3800038073B43276A07F080073B4306F4005732
:10A390003B43B6F5005F136011D1236B83BBB1F56E
:10A3A000E06F0AD902232363136843F40063136048
:10A3B00005E00023C0E90433B0E701232363636AA7
:10A3C000676B03F0100307F008073B4301F470616B
:10A3D000000C194300F004000143B6F5005F08BF0C
:10A3E000A38D45EA0105556008BF1361D36923F4C5
:10A3F0000063D36100200123206684F85D30F8BD3E
:10A40000022BDCD1D0E70120F9E71D46B1F5706FD2
:10A410009EE710B5044680B10268022380F85D30E3
:10A42000136823F04003136010F03CFC002020660A
:10A4300084F85C0084F85D0010BD0120FCE700009A
:10A4400038B5044690F85C00012800F0D280012065
:10A4500084F85C0094F85D000128C5B20BD06068F8
:10A46000B0F5827F40F0C180A068002840F0BD8038
:10A47000042D40F0BA80002900F0B980002A00F0D5
:10A48000B680002B00F0B38094F85D00A16304282F
:10A490001CBF052084F85D0000202066C4E913007D
:10A4A000A06AE387B0F5005F2168A3872264A4F85F
:10A4B0004430A4F8463007D1086820F40050086002
:10A4C000086840F400500860486820F4C0404860C4
:10A4D000E068B0F5E06FA06D27D94B6823F4805396
:10A4E0004B6094F85D30042B0BBF434B434B03632D
:10A4F00003630CBF424B434BC362434B4363002394
:10A500008363B4F846300C319BB2FEF777FC034608
:10A51000002847D0236E012043F01003236684F8FF
:10A520005D00002384F85C3038BD4D6845F48055EB
:10A530004D60656DAD69B5F5806F0AD113F0010FFF
:10A540004B681ED123F480434B60E38FC3F34E036B
:10A55000E3878369B3F5806FC3D14B6823F48053DD
:10A560004B60B4F8463013F0010F4B6811D123F45F
:10A5700000534B60B4F84630C3F34E03A4F84630A2
:10A58000AFE743F480434B60E38FC3F34E030133E3
:10A59000DEE743F400534B60B4F84630C3F34E0398
:10A5A0000133EBE72268606D516841F001015160B1
:10A5B000C0E90B33C0E90D33E38FA16B9BB20C32C2
:10A5C000FEF71CFC0028A5D123681A6852065EBF5E
:10A5D0001A6842F040021A605A6842F020025A603B
:10A5E0005A6842F002025A609BE7022099E7012074
:10A5F00097E7022098E700BF11A601081DA60108F1
:10A6000049A601083FA7010827A60108704770471F
:10A6100008B5806AFFF7FBFF08BD704708B5806A80
:10A62000FFF7FBFF08BD806A026808B5536823F096
:10A6300003035360036E43F010030366012380F8A5
:10A640005D30F1F737FB08BD7FB506460023039365
:10A65000846A8DF80B30FCF797FE33681B689A0606
:10A66000054668D42268536823F020035360A36A28
:10A67000B3F5005F13D101220090642311462046F8
:10A68000FFF782FD18B1236E43F002032366E368EF
:10A690002668B3F5E06F2ED9F3680393039BA26895
:10A6A0002368002A43D16268B2F5827F3FD15A689D
:10A6B00022F003025A6064212A462046FFF7C0FDBB
:10A6C00008B1202323660023A4F846302268012322
:10A6D00084F85D309368DB0606D5236E43F00203F1
:10A6E00023664FF6EF739360236E23B32046F1F792
:10A6F000E1FA04B070BD337BDBB28DF80B309DF80E
:10A700000B30236B022BCAD1012200956423114622
:10A710002046FFF739FD18B1236E43F0020323668C
:10A72000337BDBB28DF80B309DF80B30B7E75A68FE
:10A7300022F00102BEE72046FFF768FFD9E77FB5A8
:10A74000064600230393846A8DF80B30FCF71CFE49
:10A7500033681B68990605465ED42268536823F067
:10A7600020035360A36AB3F5005F1BD1E368B3F520
:10A77000E06F3ED1236B012B3BD1009064234FF45B
:10A7800000724FF4C0612046FFF792FC18B1236EAF
:10A7900043F00203236623681B7BDBB28DF80B308A
:10A7A0009DF80B302A4664212046FFF784FD18B13E
:10A7B000236E43F02003236623685A6822F00302C5
:10A7C0005A600022E287A4F84620012284F85D2026
:10A7D0009A68D20606D5226E42F0020222664FF631
:10A7E000EF729A60236EBBB12046F1F763FA04B0B2
:10A7F00070BD009564234FF480624FF4C061204621
:10A80000FFF756FC18B1236E43F00203236623685A
:10A81000DB680393039BC5E72046F1F745FAE6E7BB
:10A82000034AD2F8903043F40043C2F890307047A6
:10A8300000040058034AD2F8903023F40043C2F8D1
:10A840009030704700040058074B1A6822F040020D
:10A850001A6040F441704FF4B85218605A601A6898
:10A8600042F040021A6070470000015813B50446D8
:10A87000002842D0837903F0FF0213B94271EEF74A
:10A88000AFF80223A3714FF0B043D3F8942022F421
:10A890000042C3F894201A4A11681C224A43D20C81
:10A8A00064214A430192019AF2B90121A160FFF7A4
:10A8B000B7FF144AD2F8903043F48053C2F8903076
:10A8C000114B9A6842F400629A604FF400629A61F8
:10A8D00029B92068FFF7B8FF01232371A160012384
:10A8E000A371084602B010BD019A013A0192D3F853
:10A8F000941011F48041D6D1D9E70121F1E700BFCE
:10A90000480F0020000800580004005813B5024604
:10A91000174804681C236343DB0C64246343154C11
:10A9200001930346019898B901209060124C217060
:10A9300019681C234B43DB0C64214B430D490193E5
:10A94000019B6BB9012090600A4BDB6802B010BD1F
:10A95000019801380190A0688007E3D50020E5E761
:10A96000019B013B01938B68DB07E9D5ECE700BF56
:10A97000480F0020000001580C00015837B502466E
:10A98000184804681C236343DB0C64246343164C9F
:10A99000019303460198A8B901209060134CFF254C
:10A9A00025701C681C236343DB0C642463430E4C3A
:10A9B0000193019B73B9012090600B4BDB680B7016
:10A9C00003B030BD019801380190A0688007E1D53F
:10A9D0000020E3E7019B013B0193A368DB07E8D577
:10A9E000EBE700BF480F0020000001580C000158A1
:10A9F0000F4B13B51A680F4C182353431B0D6422D9
:10AA00005343014601936269019B02F0040223B99A
:10AA100002238B60012002B010BD019B013B01931A
:10AA2000606910F00200F6D0002AECD11046F2E77F
:10AA3000480F00200004005807B50379012B0FD1FF
:10AA40000A4B1A68182353431B0C0193FFF7F2FEBD
:10AA5000019B013B0193019B002BF9D1FFF7E0FE25
:10AA600003B05DF804EBFFF7C3BF00BF480F002041
:10AA7000F8B51E468379012B154604460F46DAB217
:10AA80002DD14379012B2AD0022342718371FFF724
:10AA9000D3FFFFF7CFFE0D212046FFF737FF390A1E
:10AAA0002046FFF733FFF9B22046FFF72FFF2E4471
:10AAB000B5420ED1FFF7B4FE2046FFF799FFA0681C
:10AAC00001230038A3714FF0000318BF0120637108
:10AAD000F8BD15F8011B2046FFF718FFE8E7022034
:10AAE000F6E7F8B51E468379012B154604460F4656
:10AAF000DAB22FD14379012B2CD04271FFF79CFFA2
:10AB0000FFF798FE1D212046FFF700FF390A204677
:10AB1000FFF7FCFEF9B22046FFF7F8FE00212046C1
:10AB2000FFF7F4FE2E44B5420ED1FFF779FE204622
:10AB3000FFF75EFFA06801230038A3714FF0000308
:10AB400018BF01206371F8BD29462046FFF716FFA4
:10AB50000135E8E70220F6E7F8B51F468379012BB7
:10AB6000154604460E46DAB22CD14379012B29D082
:10AB70004271FFF761FF06F0EF03A3F18402534235
:10AB800053412371FFF756FE31462046FFF7BEFEC4
:10AB90002F44AF4210D1FFF743FE842E02D020464F
:10ABA000FFF726FFA06801230038A3714FF00003D0
:10ABB00018BF01206371F8BD15F8011B2046FFF78F
:10ABC000A5FEE6E70220F6E7F8B51E468379012BDD
:10ABD000154604460F46DAB227D14379012B24D01B
:10ABE0004271FFF729FFFFF725FE0E212046FFF7F0
:10ABF0008DFE39462046FFF789FE2E44B5420ED120
:10AC0000FFF70EFE2046FFF7F3FEA0680123003891
:10AC1000A3714FF0000318BF01206371F8BD15F850
:10AC2000011B2046FFF772FEE8E70220F6E7F8B5C1
:10AC30001E468379012B154604460F46DAB22BD106
:10AC40004379012B28D04271FFF7F6FEFFF7F2FDA2
:10AC50001E212046FFF75AFE39462046FFF756FED2
:10AC600000212046FFF752FE2E44B5420ED1FFF7D9
:10AC7000D7FD2046FFF7BCFEA06801230038A37172
:10AC80004FF0000318BF01206371F8BD294620462C
:10AC9000FFF774FE0135E8E70220F6E7F8B51E4637
:10ACA0008379012B154604460F46DAB227D1437942
:10ACB000012B24D04271FFF7BFFEFFF7BBFD3946E1
:10ACC0002046FFF723FE00212046FFF71FFE2E44FB
:10ACD000B5420ED1FFF7A4FD2046FFF789FEA0681C
:10ACE00001230038A3714FF0000318BF01206371E6
:10ACF000F8BD29462046FFF741FE0135E8E702206E
:10AD0000F6E737B50023ADF8043001AA022312217B
:10AD10000446FFF7C3FF9DF805309DF80450DA079D
:10AD200043EA052502D5204602F0B4FCAB0702D564
:10AD3000204602F0B5FC680702D5204602F0DAFC96
:10AD4000290702D5204602F0DBFCEA0602D52046A0
:10AD500002F0DCFCAB0602D5204602F0C5FC68061A
:10AD600002D5204602F0A2FC290607D5EA05C5F364
:10AD70000021204648BF012102F09EFCAB0502D510
:10AD8000204602F0A9FC022301AA19462046FFF73B
:10AD9000E3FE03B030BD026852E8003F23F0C00379
:10ADA00042E8003102680029F5D102F1080353E8B6
:10ADB000003F23F4000302F1080C4CE800310029A5
:10ADC000F3D12023C0F884307047000010B502682A
:10ADD00052E8003F23F4907342E8003102680029F2
:10ADE000F5D10F4C02F1080353E8003F234002F174
:10ADF000080C4CE800310029F4D1C36E012B07D1B7
:10AE000052E8003F23F0100342E800310029F7D157
:10AE10002023C0F888300023C366036710BD00BF3D
:10AE2000FEFFFFEF38B50546C0B12423C0F88430DB
:10AE300003681A68002422F001021A601C605C603A
:10AE40009C600FF0B5FDC5F88C4085F88040C5F8D2
:10AE500084402046C5F88840EC6638BD0120FCE7F8
:10AE6000026838B5D0F88430D0F888509168090667
:10AE700004461FD5212B1DD102F1080353E8003FE2
:10AE800023F0800302F1080040E800310029F3D1EB
:10AE9000A06F60B1FDF7F7FF48B1A06FFEF7B9F8FA
:10AEA000202804D11023C4F88C30032038BD20465C
:10AEB000FFF771FF2268906810F04000F6D0222D55
:10AEC00018D102F1080353E8003F23F0400302F1D8
:10AED000080040E800310029F3D1E06F38B1FDF7F8
:10AEE000D2FF20B1E06FFEF794F82028DAD0204698
:10AEF000FFF76CFF0020D9E77047806A0268D0F83E
:10AF0000843010B5D0F888409268120606D5212BFF
:10AF100004D10023A0F85630FFF73DFF03689B687B
:10AF20005B0606D5222C04D10023A0F85E30FFF783
:10AF30004DFFD0F88C3043F01003C0F88C30F1F79F
:10AF4000ADFB10BD08B5806A0023A0F85E30A0F804
:10AF50005630F1F7A3FB08BD0368DA6919682DE9DB
:10AF6000F04140F60F0632429D68044610D1960625
:10AF700040F1968001F0200605F080573E4300F036
:10AF80008F80036F002B00F08480BDE8F0411847EC
:10AF9000A74EA8482E400840304300F08180D707D4
:10AFA00009D5C80507D501201862D4F88C0040F0F7
:10AFB0000100C4F88C00970709D5E80707D50220DF
:10AFC0001862D4F88C0040F00400C4F88C005707D5
:10AFD00009D5E80707D504201862D4F88C0040F0A2
:10AFE0000200C4F88C0017070BD501F02000304395
:10AFF00007D008201862D4F88C0040F00800C4F88C
:10B000008C0016050AD5480108D54FF40060186277
:10B01000D4F88C3043F02003C4F88C30D4F88C3052
:10B02000002B36D093060AD501F0200105F080559B
:10B0300051EA050303D0236F0BB1204698472368DC
:10B04000D4F88C509B6805F0280503F040031D439D
:10B05000204620D0FFF7BAFE226893685F0615D518
:10B0600002F1080353E8003F23F0400302F1080017
:10B0700040E800310029F3D1E06F38B16E4B8363B3
:10B08000FDF736FF28B1E06F836B7EE72046F1F7CE
:10B0900005FBBDE8F081F1F701FBC4F88C50F8E73F
:10B0A000E06E012840F08180D6067ED5C8067CD5AA
:10B0B00010221A629A68510647D5E26F11684A68F1
:10B0C00092B2002AE5D0B4F85C009042E1D9A4F82D
:10B0D0005E200A6892062ED453E8002F22F4807274
:10B0E00043E800210029F7D103F1080252E8002FBC
:10B0F00022F0010203F1080040E800210029F3D109
:10B1000003F1080252E8002F22F0400203F1080088
:10B1100040E800210029F3D12022C4F88820E1660C
:10B1200053E8002F22F0100243E800210029F7D154
:10B13000E06FFDF7A8FEB4F85E30B4F85C10C91AF1
:10B1400089B22046F1F7B6F9A3E7B4F85E108AB2E7
:10B15000B4F85E1089B200299BD0B4F85C10891A4B
:10B1600089B2002995D053E8002F22F4907243E869
:10B1700000200028F7D1314D03F1080252E8002FDA
:10B180002A4003F1080646E800200028F4D12022D6
:10B19000C4F888202067E06653E8002F22F01002F0
:10B1A00043E800200028F7D1CBE7D70209D56E028B
:10B1B00007D54FF4801220461A62BDE8F041F1F73E
:10B1C000F1B910060BD501F0800005F40005284305
:10B1D00005D0636F002B3FF45CAF2046D5E65706E1
:10B1E00011D54E060FD553E8002F22F0400243E858
:10B1F00000210029F7D12023C4F88430616720465C
:10B20000FFF77AFE45E7150206D5480004D520462B
:10B21000BDE8F04100F019BCD3017FF53AAF002939
:10B22000BFF637AF2046BDE8F04100F00DBC00BFCF
:10B23000010000102001000445AF0108FEFFFFEFF0
:10B24000806A08B5C36E012B05D1B0F85C104908BF
:10B25000F1F730F908BDF1F71DF9FBE708B5034632
:10B26000806A1B681B6813F0200331D1A0F85E30A0
:10B27000026852E8003F23F4807342E8003103681B
:10B280000029F5D103F1080252E8002F22F0010253
:10B2900003F1080C4CE800210029F3D103F1080266
:10B2A00052E8002F22F0400203F1080C4CE8002184
:10B2B0000029F3D12022C0F88820C26E012A07D1CC
:10B2C00053E8002F22F0100243E800210029F7D1B3
:10B2D000C36E012B04D1B0F85C10F1F7EBF808BD98
:10B2E000F1F78EF8FBE710B590F88030012B1ED0F7
:10B2F000012380F880302423C0F88430026852E8AB
:10B30000003F23F00C0342E800340168002CF5D123
:10B3100051E8002F42F0080241E80023002BF7D14A
:10B320002022C0F8842080F88030184610BD02200A
:10B33000FCE710B590F88030012B1ED0012380F877
:10B3400080302423C0F88430026852E8003F23F0A4
:10B350000C0342E800340168002CF5D151E8002FBD
:10B3600042F0040241E80023002BF7D12022C0F86C
:10B37000842080F88030184610BD0220FCE7D0F809
:10B380008C007047F8B5044603682169A2681D68FF
:10B39000C0690A4361690A437E49024329400A435E
:10B3A0001A605A68E16822F440520A435A607A4AA5
:10B3B000A16993421CBF226A11439A6822F06E422F
:10B3C00022F430620A439A60DA6A616A22F00F025C
:10B3D0000A43DA62714A93421CD14FF0B043D3F86A
:10B3E000883003F0030343F44033A3F54033013BBB
:10B3F000022B00F2C8806A4A9B5CB0F5004F40F017
:10B400008A80082B24D8DFE803F061C184238123DC
:10B4100023236500634A934209D14FF0B043624A47
:10B42000D3F8883003F00C0343F44023E4E75A4A8E
:10B4300093420DD14FF0B043D3F8883003F440630A
:10B44000B3F5006F1AD005D853B1B3F5806F12D0A1
:10B45000012009E0B3F5406FFAD14FF400400EE04F
:10B46000FEF7E2FB58B900204FF00113A36600235A
:10B47000C4E91C33F8BDFDF7DBFFF3E74B48656813
:10B480004B4B626A05EB450133F81220B0FBF2F337
:10B490009942DDD8B3EB053FDAD800230021EBF762
:10B4A00039FE0F0247EA10670602680830182A467C
:10B4B0004FF0000347F10001EBF72CFE3D4BA0F5E8
:10B4C00040729A42C4D82368D860CCE7FEF7ACFB40
:10B4D0000028C8D06268616A354B33F81130B0FB80
:10B4E000F3F3500800EB4300B0FBF2F083B2A3F19A
:10B4F00010014FF6EF729142AAD820F00F00226897
:10B5000080B2C3F342031843D060ACE7FDF790FF6D
:10B51000DEE72648DEE7082B9AD801A252F823F08E
:10B520006BB5010877B5010883B5010851B401086E
:10B530007DB5010851B4010851B4010851B40108A6
:10B5400045B501084FF400406368616A184A32F853
:10B550001120B0FBF2F000EB5300B0FBF3F080B22F
:10B56000A0F110024FF6EF73ABE7FEF75DFB00288A
:10B570003FF479AFE8E7FEF767FBF8E7FDF758FF20
:10B58000F5E70A48E0E7B0F5004FF4D1FEF75CFBC1
:10B590009EE700BFF369FFCF008000400038014004
:10B5A000301C030800440040331CF7070024F4005B
:10B5B000401C0308FFFC0F00836ADA0710B506D5AC
:10B5C0000168C46A4A6822F4003222434A609C0738
:10B5D00006D50168046B4A6822F4803222434A602F
:10B5E000590706D50168446B4A6822F48022224339
:10B5F0004A601A0706D50168846B4A6822F4004243
:10B6000022434A60DC0606D50168C46B8A6822F4CE
:10B61000805222438A60990606D50168046C8A68C4
:10B6200022F4005222438A605A060FD50168446C06
:10B630004A6822F480122243B4F5801F4A6005D183
:10B640004A68846C22F4C00222434A601B0606D575
:10B650000268C16C536823F400230B43536010BD90
:10B660002DE9F041DDF8188004460E4615461F46C8
:10B670002268D36936EA03030CBF01230023AB42DF
:10B6800001D0002027E0B8F1FF3FF2D0FBF77CFEAD
:10B69000C01B4045206802D8B8F1000F1DD150E80A
:10B6A000003F23F4D07340E80032002AF7D100F1C4
:10B6B000080353E8003F23F0010300F1080141E8CB
:10B6C0000032002AF3D12023C4F88430C4F8883033
:10B6D00084F880200320BDE8F08103685A07C7D5AD
:10B6E000C3691B05C4D54FF40063036250E8003FF3
:10B6F00023F4D07340E80032002AF7D100F10803A8
:10B7000053E8003F23F0010300F1080141E8003253
:10B71000002AF3D12023C4F88430C4F88830C4F858
:10B720008C30D5E72DE9F7439846D0F88430202BAC
:10B7300004460E4617464FD100294BD0002A49D067
:10B7400090F88030012B47D0012380F8803000250D
:10B750002123C0F88C50C0F88430FBF715FEA36895
:10B76000A4F85470B3F5805F8146A4F8567003D1F5
:10B7700023690BB935461E46002384F88030B4F89F
:10B780005620CDF8008092B24B4642B94021204667
:10B79000FFF766FF48B92023C4F8843006E0002292
:10B7A00080212046FFF75CFF18B1032003B0BDE8FD
:10B7B000F08322685EB935F8023BC3F30803936255
:10B7C000B4F85620013A92B2A4F85620D7E716F8FA
:10B7D000013BF4E70120E9E70220E7E773B50446FF
:10B7E0000026C0F88C60FBF7CFFD23681B681A07A2
:10B7F000054618D423681B685B070AD56FF07E43A3
:10B80000009300222B464FF480012046FFF728FFCB
:10B81000A8B920230020C4F8843084F88000C4F83C
:10B820008830E0660CE06FF07E43009332460346BA
:10B830004FF400112046FFF713FF0028DAD0032051
:10B8400002B070BD10B5044650B3D0F884301BB9B7
:10B8500080F880300EF0D4FF22682423C4F88430AE
:10B86000136823F0010313602046FFF78BFD0128C6
:10B8700016D0A36A13B12046FFF79EFE23685A68CC
:10B8800022F490425A609A6822F02A029A601A685A
:10B8900042F0010220461A60BDE81040FFF79EBF4B
:10B8A000012010BD10B5044670B3D0F884301BB928
:10B8B00080F880300EF0A4FF22682423C4F884307E
:10B8C000136823F0010313602046FFF75BFD012896
:10B8D0001AD0A36A13B12046FFF76EFE23685A6898
:10B8E00022F490425A609A6822F022029A609A6882
:10B8F00042F008029A601A6842F0010220461A607B
:10B90000BDE81040FFF76ABF012010BD70B51346B7
:10B91000A0F85C2000252222C0F88C5004468165E6
:10B92000C0F88820C06FB8B11E4A2668C2621E4A9D
:10B9300002631E4AC0E90D250A4606F12401FDF7FF
:10B940005DFA48B11023C4F88C30202384F880506D
:10B95000C4F88830012070BD002384F8803022684C
:10B9600052E8003F43F4807342E800312268002926
:10B97000F5D102F1080353E8003F43F0010302F15F
:10B98000080040E800310029F3D102F1080353E830
:10B99000003F43F0400302F1080141E80030002875
:10B9A000F3D1D8E75DB2010841B20108FBAE01084E
:10B9B000D0F88830202B30B41FD1D9B1D2B190F853
:10B9C0008030012B19D0012380F8803000230468D7
:10B9D000C3660B4B9C420AD063681B0207D554E830
:10B9E000003F43F0806344E80035002DF7D130BCC0
:10B9F000FFF78CBF012030BC70470220FBE700BF7F
:10BA000000800040436E30B51BB94FF001138366D0
:10BA100030BD03680A4D9A6899680A4C490FC2F311
:10BA200042626B5C615CDB00B3FBF1F3A0F86A304F
:10BA3000AB5CA25CDB00B3FBF2F3A0F86830E7E795
:10BA4000601C0308581C0308704770471FB504ABFF
:10BA500003E9060090F880300299012B04463AD0A1
:10BA6000012380F880302423C0F8843003681A68EA
:10BA700022F001021A609A6822F440120A439A6086
:10BA800071B95968BDF80C209DF80E0021F0100125
:10BA9000114359605A6822F07F4242EA00625A60BC
:10BAA0001A6842F001021A60FBF76EFC6FF07E42EA
:10BAB000034600924FF4800100222046FFF7D0FD9C
:10BAC00038B92023C4F88430002384F8803004B0CF
:10BAD00010BD0320F8E70220F9E790F88020012A42
:10BAE00003460ED0012280F88020196851E8002F0B
:10BAF00042F0020241E800200028F6D183F88000DD
:10BB000070470220704790F88020012A03460ED02B
:10BB1000012280F88020196851E8002F22F00202EB
:10BB200041E800200028F6D183F880007047022009
:10BB3000704790F88030012B14D002682423C0F89D
:10BB400084301168136823F00103136021F0005161
:10BB50000023436611602022C0F8842080F88030E2
:10BB6000184670470220704738B590F88030012B96
:10BB700004461BD0012380F880302423C0F8843091
:10BB800003681D681A6822F001021A609A6822F0A0
:10BB9000604211439960FFF735FF03681D60202361
:10BBA000C0F88430002084F8800038BD0220FCE713
:10BBB00038B590F88030012B04461BD0012380F863
:10BBC00080302423C0F8843003681D681A6822F08E
:10BBD00001021A609A6822F0606211439960FFF7CF
:10BBE00011FF03681D602023C0F88430002084F812
:10BBF000800038BD0220FCE70120704701F0FCBA4C
:10BC000001F034BA08B501F02EFD012101F015FD57
:10BC1000BDE8084001F012B938B5074B04460D469F
:10BC200093F85600002101F008FD29462046BDE8A2
:10BC3000384001F0DBB800BFF4950020002001F08F
:10BC400093B8000008B501F089F80438C0B20328A1
:10BC500096BF024B0020185C08BD00BFA01C030863
:10BC600073B5764AB2F854300025402B8DF8035056
:10BC70000195144600F0D6801CD8082B00F0CA802D
:10BC800005D8012B2CD0022B43D002B070BD202B45
:10BC9000FBD16B4801F082FF10B1694801F0C6FF8B
:10BCA0006078002800F0B380664B1B68002BECD056
:10BCB000DB682AE0B3F5807F79D0B3F5007F00F030
:10BCC0008480802BE1D1284601F04EF85D4B1B6843
:10BCD000002BDAD09B69002BD7D028469847D4E7B1
:10BCE000594801F05BFF10B1574801F09FFF002059
:10BCF00001F03AF801F070FD012801D101F075FD65
:10BD0000504B1B68002BC0D01B68002BBDD0984740
:10BD1000BBE74B4801F042FF10B1494801F086FFF4
:10BD2000657895B9284601F01FF8294640F60210BB
:10BD300001F09CF940F6441001F05EFA40F0020177
:10BD4000C9B240F6441001F091F9FF220DF1030150
:10BD50003E483C4D01F058FC3D4801F04BF92B6842
:10BD6000002B92D09E68002E8FD094F82430012BA7
:10BD700008D194F9313094F930209DF803103348FC
:10BD8000B04782E7E06B01A901F0DAFC019B9DF866
:10BD900003102E484FF47A7203F5FA7393FBF2F313
:10BDA0002A685BB2956894F92920A8476DE7284670
:10BDB00000F0DAFF234B1B68002B3FF466AF9B6952
:10BDC000002B3FF462AF012088E700F0C7FF042892
:10BDD00010D11D4801F0E2FE10B11B4801F026FF12
:10BDE000002000F0C1FF174B1B68002B3FF44DAF44
:10BDF0005B688AE700F0B2FF05287FF446AF104881
:10BE000001F0CCFE10B10E4801F010FF002000F050
:10BE1000ABFF49E701F0DEFC01287FF436AF01F00B
:10BE2000E5FC32E7507808B900F09EFF054B1B682F
:10BE3000002B3FF42AAF1B6967E700BFF495002091
:10BE4000649600205C6200204C9600205C6100201B
:10BE50001896002008B501F01BFC033008BD01F066
:10BE600061BB01F0BDBA08B501F0B7F800B208BD7A
:10BE700038B50D46144601F085F8284601F0F3FB6D
:10BE8000084D012101F0D9FB00F0D8FF4FF47A7181
:10BE90006143284601F054FF2846BDE8384001F0D0
:10BEA00015BF00BF4C96002001F06CB808B5084BD8
:10BEB000002193F8560001F0C0FB00234FF4C0713D
:10BEC0001A46084601F034F8BDE8084000F0AABF61
:10BED000F495002008B54FF0040001F0E7F9BDE843
:10BEE00008400220FBF756BA08B5064B1B6843B161
:10BEF000DB6833B198470448FBF780F9034B002215
:10BF00001A7008BD5C620020740E0020609500204D
:10BF100008B5064B1B6843B15B6833B198470448CA
:10BF2000FBF76CF9034B00221A7008BD5C6200201D
:10BF3000740E00206095002008B5064BA3F854004D
:10BF40000548FBF75BF9054B00221A70BDE8084075
:10BF5000FFF786BEF4950020740E00206095002047
:10BF6000F0B5BDF814509DF818E09DF81CC09DF880
:10BF7000204040B1012819D0012200231344581E4B
:10BF8000B0FBF2F0F0BDBEF1000F0CBF08230023A0
:10BF9000002C03EBC50314BF0224002418336444AF
:10BFA00003EBC4044FF47A736343E7E71E1D531F8A
:10BFB000012B02D80C2D38BF0C25002938D1A2F155
:10BFC0000B07012F8CBF00270127002C14BF102462
:10BFD000002404EBCC04BEF1000F14BF0020142099
:10BFE000A4EB8204062A04444FEA8203A2F1020071
:10BFF00002D9083407B18300002CACBF1C191C1CEB
:10C00000062A104A515C04F1FF3494FBF3F306FB5B
:10C0100003538CBF0C330E330A2912D89B00013313
:10C020004FF47A7283405343074A52F82120A5E720
:10C03000012904D1A2F10C035F425F41C5E700274B
:10C04000C3E7FFDE681C0308741C030801280848C6
:10C0500005D1084BC17719700E3001F0FFB9437D4F
:10C06000012B03D1034B81751970F5E7704700BFB1
:10C07000F4950020700E002010B5044601F0AAFBD4
:10C08000012817D101F0AEFB34B11048214601F070
:10C0900057FE0E4801F01AFE0D4C002194F8560090
:10C0A00001F0CBFA63786BB16FF07F40BDE81040D0
:10C0B00000F0ECBF002340F262211A46084600F06F
:10C0C00037FFE1E7A0688001F0E700BF6496002039
:10C0D000F495002010B5044601F07CFB012817D12F
:10C0E00001F080FB34B11048214601F029FE0E48D2
:10C0F00001F0ECFD0D4C002194F8560001F09DFA82
:10C1000063786BB16FF07F40BDE8104000F058BE1F
:10C11000002340F262211A46084600F009FFE1E7D9
:10C12000A0688001F0E700BF64960020F49500202D
:10C130000D4B10B5044618735873012000F016F823
:10C140005CB134214FF4E86000F090FF4421BDE879
:10C15000104040F2417000F089BF14214FF4E860B4
:10C1600000F084FF2421F2E7F495002038B50F4D4C
:10C170000446287001F03BFB012C0AD0023C012C44
:10C180004FF0000494BF0220204600F0B3FF6C7310
:10C1900038BD204600F0AEFF287B6B7B8342F7D092
:10C1A0006873BDE83840FFF7C3BF00BFF4950020B7
:10C1B0002DE9F043054687B00027CDE901770C460D
:10C1C0009146984601F005FB012D78D0022D00F034
:10C1D000C480002D5CD1A368002B00F0D2802269BE
:10C1E000002A00F0CE80227D082A00F2CA8001A930
:10C1F000AA425BDC644D002685F83860EB63237847
:10C2000085F84430606801F087FA85F84500E368F6
:10C210002B64236994F82410AE73DB002B82042373
:10C22000AB74237D2E75DB000229EB742E46E37F71
:10C2300002D0A27F022A3ED103F10F02D2B2012A1C
:10C2400002D9012B40F09D80504B514A196803944C
:10C25000012503A88DF8145001F0B8FA002840F029
:10C2600090803076F5757075FFF7E8FC0020FFF7D9
:10C270007DFF484800F054FF474801F0EFF801A85F
:10C2800001F0BEF8A08B01F02BF8208C01F0D4F85F
:10C29000484601F0E8F93C4C84F8560001F09EFA5B
:10C2A000C4F80480002007B0BDE8F083A069405DB9
:10C2B000685401359CE7EB7529766A75D4E7324EF0
:10C2C00086F8385094F8283086F8503094F82920B1
:10C2D00086F8512094F82A2086F8522094F82B10E2
:10C2E000012902D002292BD009B986F85310A38D59
:10C2F000B38394F82E30B37794F82F3086F820303B
:10C30000012594F8303086F82130B573FFF796FC9C
:10C310002846FFF72BFF1F4800F002FF1E4801F0E0
:10C320009DF896F85130062B40F689000FD100F0A9
:10C3300063FF00F0FB0140F6890000F097FEA7E7DD
:10C340000B3B012B88BF3D4686F85350CFE700F0EA
:10C3500053FF40F00401C9B2EDE7636B013BB3F555
:10C360007A7F0ED22846FFF701FF074880F8385041
:10C37000636B8364162380F84C30383000F0D0FEB5
:10C3800086E74FF0FF308EE7F49500205C620020D6
:10C390004C9600202C960020029600202DE9F041BA
:10C3A000002686B098461446CDE9016607460D463C
:10C3B00001F00FFAB442774C16BF01233346B04662
:10C3C000637037B1012F00F08280002006B0BDE815
:10C3D000F081EB68002B00F0D9802B69002B00F076
:10C3E000D5806B7D082B00F2D180384601AA8342AC
:10C3F00062DC2868003818BF0120002600F028FD04
:10C4000084F83860EB68E3632B7984F84430A868DB
:10C4100001F082F984F845002B69A673DB002382C2
:10C420002B7DA3746B7DDB00E37495F822302375BC
:10C4300095F82330002B44D1EA6995F82A10A275AB
:10C44000022995F8242001D0022B3CD102F10F03E0
:10C45000DBB2012B02D9012A40F0988000238DF82D
:10C4600014304D4B4D4A1968049503A801F0AEF9FC
:10C47000002840F08B8001232076E3756075FFF77C
:10C48000DDFB0020FFF772FE454800F049FE4548FD
:10C4900000F0E4FF01A800F0B3FF288C00F020FFBB
:10C4A000E88C00F0C9FF4FF4FA5303FB08F8EB687F
:10C4B000B8FBF3F3A36088E7A969095C81540130F4
:10C4C00095E7FF22B9E7E27521766375D7E7AB8E72
:10C4D000002B5BD095F83630E86A012B0CBF2F7F1C
:10C4E000FF27003818BF012000F0B2FC5FFA88F087
:10C4F00000F0E8FD012184F8381095F8302084F828
:10C50000502095F8313084F8513095F8323084F865
:10C51000523095F833308B4202D0022B03D03BB916
:10C5200084F8533004E00B3A012A27D884F85310DA
:10C53000AB8EA38395F83630A3772B8F2384012607
:10C54000A673E777FFF77AFB3046FFF70FFE144834
:10C5500000F0E6FD134800F081FF94F82130B3426B
:10C5600040F236700CD100F047FE00F0FB0140F2C3
:10C57000367000F07BFD4FF6FF739BE70023CFE79B
:10C5800000F03AFE40F00401C9B2F0E74FF0FF308E
:10C590001CE700BFF49500205C6200206496002038
:10C5A0002C960020029600202DE9F04F85B082469F
:10C5B0000E9DBDF840B09DF844709DF848900192E2
:10C5C00088461E4601F005F9BAF1010F534C51D0CF
:10C5D000BAF1030F00F09380BAF1000F3ED10B22A5
:10C5E000304684F8442084F838A0E56301F094F8DC
:10C5F000019B23644FEACB03B9F1000F238241F67C
:10C600000403638214BFF2230123E37587F001075B
:10C610000123237684F8450084F80EA084F814A042
:10C620006775FFF70BFB94F83800003818BF01203E
:10C63000FFF79CFD04F1380000F072FD04F10E00DC
:10C6400000F00CFF364A1068516802AB03C302A821
:10C6500000F0D6FE40F2FF1000F042FE404601F02E
:10C6600002F884F8560001F0B9F8169B636005B033
:10C67000BDE8F08F2B4984F838A0895D84F851100B
:10C68000EAB29DF83C1084F8502084F8521056BB52
:10C690000B3D012D8CBF002501250121053A8A4261
:10C6A00084F85350A17327D8BBF10B0F24D80C2367
:10C6B000A3831D4BA7771B78E3779DF8543084F84C
:10C6C000213084F82090FFF7B9FA94F83800003848
:10C6D00018BF0120FFF74AFD144800F021FD14485F
:10C6E00000F0BCFEBAE7012E04D1A5F10C035D42B7
:10C6F0005D41D2E70025D0E7A4F81CB0D9E7504649
:10C70000FFF734FD022384F8383004F13800162393
:10C71000A56484F84C3000F003FD9FE7F4950020F9
:10C7200044DD0208681C0308700E00202C960020CF
:10C73000029600202DE9F04F87B0DFF8D0B20193C8
:10C7400005469DF854309DF85000BDF848809DF88E
:10C750004C9003900F469DF864108BF801100291E5
:10C76000BDF844600093144601F033F80299039831
:10C77000002918BF4FF000089E49B9F1000F08BF0B
:10C78000FF20012DDA46087000F0CC80042D4CD03B
:10C79000002D40F0C480284600F05AFB0B2238469A
:10C7A0008BF844208BF83850CBF83C4000F0B4FFB5
:10C7B000009B90498BF8450041F60402002BABF832
:10C7C00012200A788BF8162014BFF22201228BF86F
:10C7D0001720F600012289F001098BF818208BF848
:10C7E0000E50ABF810608BF814508BF81590FFF7D3
:10C7F00025FA9BF83800003818BF0120FFF7B6FC77
:10C800000BF1380000F08CFC0BF10E0000F026FE5E
:10C8100079490868496804AA03C204A800F0F0FD39
:10C8200040F2FF1000F05CFD71E0012000F010FB11
:10C8300009224FF000098BF8442038464FF4487223
:10C84000CBF840208BF83890CBF83C4000F064FFE8
:10C8500068498BF845004FF48052ABF812200A78F3
:10C860008BF8162028460122F6008BF817208BF84B
:10C870000E90ABF81060ABF814908BF81890FFF79F
:10C8800075FC0BF1380000F04BFC0BF10E0000F0D2
:10C89000E5FD5A490868496804AA03C204A800F0E3
:10C8A000AFFD40F2FF1000F01BFD40F6B80000F0B5
:10C8B000A3FC00F0EF0140F6B80000F0D7FB2946DA
:10C8C00040F6B90000F0D2FB40F69B0000F094FC6B
:10C8D00000F0E30141F0080140F69B0000F0C6FBC8
:10C8E00040F2D16000F088FC40F01801C9B240F27B
:10C8F000D16000F0BBFB40F2AC6000F07DFC00F0CA
:10C900008F0141F0500140F2AC6000F0AFFB4FF4FA
:10C91000FA5202FB08F8B8FBF4F4CBF8084007B071
:10C92000BDE8F08F002000F093FA3549019AC95D07
:10C930008BF83850E3B28BF850308BF851108BF8ED
:10C940005220002F44D10B3C012C8CBF0024012429
:10C950000121053B8B428AF853408AF80E1040D8DB
:10C960000B2E3ED80C23AAF81C30224B8AF81E90BE
:10C970001B788AF81F30009B8AF820309DF86030C1
:10C980008AF82130FFF75AF99AF83800003818BFB2
:10C990000120FFF7EBFB1B4800F0C2FB1A4800F038
:10C9A0005DFD5FFA88F000F08DFB9AF82130012BD5
:10C9B00040F2367018D100F01FFC00F0FB0140F28D
:10C9C000367000F053FB4FF6FF73CAF80830A6E745
:10C9D000012F04D1A4F10C0254425441B8E70024C1
:10C9E000B6E7AAF81C60C0E700F006FC40F00401BE
:10C9F000C9B2E4E7700E002044DD02084CDD0208F5
:10CA0000681C03082C96002002960020F495002054
:10CA100008B50120FFF7AAFB00231A46194618465D
:10CA200000F086FABDE8084000F08CBDF0B58BB090
:10CA30000D46044617461E46FFF700F90020FFF793
:10CA400095FB204600F09EFA00240123CDE908431F
:10CA500003234FF4167229462046CDE90644CDE95A
:10CA60000444CDE90244CDE900532346FFF762FEBA
:10CA70002046FFF72FFBFFF7EDF9FAF78BFC01F0EB
:10CA800091F80446204601F097F8B04205D30124FE
:10CA9000FFF7D4F820460BB0F0BD00F09EFA00B2CC
:10CAA0008742EFDA0024F3E7224B13B51860224BDC
:10CAB00022480024C3E901445C7000F0C1FB204619
:10CAC000FFF736FB00F0D0F92146204600F078FA57
:10CAD00004222146012000F01FFC4FF6FF7108469A
:10CAE0002346224600F024FAFFF7F4F9144B1548C8
:10CAF000009422464FF0FF3101F036F8124B1348F4
:10CB0000009422464FF0FF3101F02EF80D4801F05D
:10CB100045F810B10B4801F089F80C4801F03EF8D7
:10CB200028B10A4802B0BDE8104001F07FB802B059
:10CB300010BD00BF5C620020F495002039BF0108E1
:10CB400011BF01084C960020E9BE01086496002040
:10CB5000F7B50023614D0C4640F201211A46064606
:10CB6000084600F0E5F995F85600012100F065FD52
:10CB70002B78012B40F6890012D195F85130062B05
:10CB80000ED100F039FB00F0FB0140F6890000F007
:10CB90006DFA2B78032B6CD8DFE803F0534C760842
:10CBA00000F02AFB40F00401C9B2EEE74C4A731EC4
:10CBB0001046C6F101074FF0000CF9188C4267DCF3
:10CBC0000023E7001946BB4269D100294FEA8113CF
:10CBD0000CBF2022002243EAC1131343661C0355F5
:10CBE000F6B202233F48AB73AE7600F037FC00216B
:10CBF000F12000F03BFA0021F02000F037FAAB6C96
:10CC0000642B65D17021F32000F030FA1D21F22051
:10CC100000F02CFAE1008C1CF420090A00F026FA3E
:10CC200004F0FE01F52000F021FA2D486FF07F425C
:10CC300031461CE0EC772B4800F010FC0022214626
:10CC400014E000F0C7FD01281CD121460DF10702B8
:10CC5000304600F0C4FD044690B99DF807302148E5
:10CC6000AB7500F0FBFB9DF807102246304600F044
:10CC7000B2FC69681C4801F063F81B4801F026F813
:10CC800003B0F0BDAC75D6E70223AB73AC76D2E748
:10CC900013F8011FC943197002F801CB8DE7DA437D
:10CCA00002F0070CDA100133B25C42FA0CF202F027
:10CCB00001024FEAE30C5140DA4310F80CE002F0B5
:10CCC000070201FA02F242EA0E0200F80C207AE7AB
:10CCD000E121F32000F0CAF9042198E7F49500203F
:10CCE0005C610020029600204C96002008B5094B9C
:10CCF000012193F8560000F0A0FC4FF4D7602D21DD
:10CD000000F0B4F900F09FF8BDE80840024800F0D8
:10CD100041B800BFF4950020FFFF0F0010B5134687
:10CD2000EFF3108472B60A4601460348FDF714FF7C
:10CD300084F3108810BD00BFAC79002010B51346F5
:10CD4000EFF3108472B60A4601460348FDF7A6FFCA
:10CD500084F3108810BD00BFAC790020014B187817
:10CD6000704700BF6662002007B501228DF80700FA
:10CD70000DF107018020FFF7D1FF9DF80730002B50
:10CD8000034B0CBF012202221A7003B05DF804FBB2
:10CD90006662002007B5094B8DF8060004221A7060
:10CDA000030C8DF804300322030A01A983208DF8B7
:10CDB0000530FFF7B3FF03B05DF804FB66620020A7
:10CDC00007B5094B8DF8060005221A70030C8DF883
:10CDD00004300322030A01A982208DF80530FFF7F1
:10CDE0009DFF03B05DF804FB6662002007B5030CED
:10CDF0008DF80030030A8DF801300B0C49BA8DF81C
:10CE00000200ADF804100622694694208DF8033024
:10CE1000FFF784FF024B06221A7003B05DF804FB93
:10CE200066620020002208B51146C520FFF776FF94
:10CE3000014B07221A7008BD6662002000221146CD
:10CE4000D120FFF76BBF00221146D220FFF766BF4B
:10CE500007B501228DF807000DF107019F20FFF7AC
:10CE60005DFF03B05DF804FB07B5EBF7E1FB431E84
:10CE7000584258418DF8070001220DF10701962014
:10CE8000FFF74CFF03B05DF804FB07B500F07F002F
:10CE90008DF8070001220DF107018920FFF73EFF01
:10CEA00003B05DF804FB0000134B984207B50BD9A3
:10CEB0004EF6E113ADF80430022201A99820FFF7E5
:10CEC0002DFF03B05DF804FB0C4B984202D94DF6E0
:10CED000D733EFE70A4B984202D94CF2C153E9E746
:10CEE000084B984202D948F27513E3E7064B984283
:10CEF000E2D946F66B73DDE700E9A43580F8A93284
:10CF00008044E52D000B6B1B40FC541907B58DF8D0
:10CF1000062004228DF804008DF8051095200DEBF5
:10CF200002018DF80730FFF7F9FE03B05DF804FB4E
:10CF300007B552BAADF8042040BA082249BAADF894
:10CF40000000ADF802105BBA69461046ADF8063035
:10CF5000FFF7E4FE03B05DF804FB07B50B0C0422F9
:10CF600000F0070049BA8DF80400ADF806109720CC
:10CF70000DEB02018DF80530FFF7D0FE03B05DF830
:10CF800004FB000037B50C4D2B7804461BB9FFF7A6
:10CF90008BFF01232B700023084A6006E109EAF7A2
:10CFA000B9F8042200BA01900DEB02018620FFF7C8
:10CFB000B5FE03B030BD00BF646200200048E80148
:10CFC00007B502228DF804008DF805108F2001A905
:10CFD000FFF7A4FE03B05DF804FB07B5012201A929
:10CFE0001520FFF7ABFE9DF804004042401003B04F
:10CFF0005DF804FB13B50322044601A91420FFF7D2
:10D000009DFE184B1A7822704AB1012A17D01422BB
:10D010000021204600F0ECFB0F2323700DE09DF86B
:10D02000043023719DF80530A2605B425B10A37150
:10D030009DF806305B425B10637102B010BD9DF835
:10D0400004305B425B1023739DF9053002339B1063
:10D0500063739DF806305B425B10A373024B1B6841
:10D060002361EAE7676200206062002007B50123C0
:10D070008DF807100DF1070201460348FDF7F8FC93
:10D0800003B05DF804FB00BFAC79002013B50C4B76
:10D0900004460522972140F6AC001A70FFF7E6FF20
:10D0A000230C8DF804300322230A01A982208DF875
:10D0B00005308DF80640FFF731FE02B010BD00BF0D
:10D0C0006662002007B501228DF807000DF1070107
:10D0D000A020FFF723FE9DF807103F2907D901F094
:10D0E000F8010131C9B240F20670FFF7BFFF03B08B
:10D0F0005DF804FB07B5094B8DF807000146187071
:10D1000018B940F2AC60FFF7B1FF01220DF1070141
:10D110008A20FFF703FE03B05DF804FB676200207E
:10D1200013B5314A0446516810686B4603C32F4B50
:10D1300020781B78834201D0FFF7DCFF2378032B94
:10D1400027D8DFE803F00239283C6268284BB3FB9C
:10D15000F2F31A0CA1688DF800208DF802301A0A3B
:10D16000237B8DF80330637B8DF801208DF804302C
:10D17000204A00234806C909E9F7CCFF030C40BA4E
:10D180008DF80530ADF80600082269468B20FFF7C0
:10D19000C5FD02B010BD2269154BB3FBF2F31A0CAA
:10D1A0008DF800208DF802301A0A237D8DF80120B9
:10D1B0008DF803300422E8E7A3690093FAE7626878
:10D1C0000B4BB3FBF2F31A0C8DF800208DF80230F4
:10D1D0001A0A237B8DF80330637B8DF801208DF8CC
:10D1E00004300522D1E700BF54DD02086762002049
:10D1F0000000093D0048E80107B5012301460DF193
:10D2000007020448FDF76DFC9DF8070003B05DF8C8
:10D2100004FB00BFAC79002010B50446EBF708FA18
:10D2200001280CD140F62310FFF7E6FF00F0F901CA
:10D23000214340F62310BDE81040FFF717BF10BD93
:10D2400010B508B1164B1860EBF7BCFB0220FFF7D6
:10D25000E3FF0024134B20461C70FFF785FDEBF71E
:10D26000E5F9012811D14021FFF777FE40F61110B2
:10D270002146FFF7FBFE4FF07F00FFF706FEEBF7BE
:10D2800079F9094B01221A7010BD102140F61110D6
:10D29000FFF7ECFE102140F61210FFF7E7FEEEE775
:10D2A00068620020646200206662002013B50446B4
:10D2B0000020EBF797F90220FFF7AEFF04F0070418
:10D2C00001220DF1070184208DF80740FFF726FDAC
:10D2D000024B00221A7002B010BD00BF666200202F
:10D2E00010B50C4B1B7804469BB94FF4D760FFF781
:10D2F00083FFC4F3002100F0FE0001434FF4D76028
:10D30000FFF7B4FEE1B240F2B960BDE81040FFF7AC
:10D31000ADBE10BD67620020012837B503460C463C
:10D32000154620D10F2C02464FF000010CBF0620FD
:10D330000420FFF7EBFD6FF010018C42B8BF0C46E4
:10D340000E2CA8BF0E24182140F6E700FFF78EFE32
:10D35000022201A98E208DF804408DF80550FFF7B8
:10D36000DDFC03B030BD40F6D800FFF745FF40F0CC
:10D370001E01C9B240F6D800FFF778FE072101234D
:10D3800000220420FFF7C2FD6FF008018C42B8BFF5
:10D390000C46162CA8BF16243821D5E737B504460D
:10D3A0000D46022201A91320FFF7C8FC0A4B1B7887
:10D3B000012B0DD1094B1B78012B09D140F20270D2
:10D3C000FFF71AFF20709DF805302B7003B030BDB9
:10D3D0009DF804302370F6E7676200206562002044
:10D3E00010B51346EFF3108472B60A46014603489F
:10D3F000FDF73EFB84F3108810BD00BFAC79002020
:10D4000008B5014608224FF4D860FFF7E9FF002075
:10D4100008BD000007B5074B1B7840BAADF8040003
:10D420002BB9022201A940F2BC60FFF7D9FF03B07B
:10D430005DF804FB6762002007B5074B1B7840BA14
:10D44000ADF804002BB9022201A940F2BE60FFF73B
:10D45000C7FF03B05DF804FB676200201FB52E4ACA
:10D46000044651681068127A01AB03C31A702B4B43
:10D4700020781B78834201D0FFF73CFE2378032BF2
:10D4800026D8DFE803F002383302637AF12B21D18A
:10D490004FF6FF70FFF7BEFF48F20500FFF7CCFF25
:10D4A00002236288A188ADF8061052BAE188ADF86F
:10D4B00004208DF80B30227AA37A8DF80A20ADF87B
:10D4C00008108DF80C30092201A98C20FFF726FCEA
:10D4D00004B010BDF22BE4D141F60F50FFF79AFFD4
:10D4E00041F22100FFF7A8FF0623DAE7237B8DF83E
:10D4F00004300122E8E7E389094A5BBAADF8043059
:10D50000237C13708DF80630637C8DF80730638AB6
:10D51000ADF808300622D7E75CDD0208676200201C
:10D520006562002010B51346EFF3108472B60A4608
:10D5300001460348FDF7D5FA84F3108810BD00BFFB
:10D54000AC79002073B5002640F6E2000196FFF7A3
:10D5500053FE00F0FE01054640F6E200FFF786FDAF
:10D5600040F6E500FFF748FE00F07F01044640F674
:10D57000E500FFF77BFD6FF07F40FFF721FC042201
:10D580000DEB020140F61900FFF7CCFF3046FFF724
:10D59000EBFB294640F6E200FFF768FD214640F626
:10D5A000E500FFF763FD019802B070BD10B51346AA
:10D5B000EFF3108472B60A4601460348FDF704FBF8
:10D5C00084F3108810BD00BFAC7900200A460146E4
:10D5D0000020FFF7EBBF10B51446FFF7F7FF20461A
:10D5E000BDE81040FFF7D6BB10B51346EFF310842B
:10D5F00072B60A4601460348FDF719FB84F310880A
:10D6000010BD00BFAC790020F7B50D4606460024DA
:10D610000DF10701284617468DF80740FFF7BEFEBB
:10D620002A78BA4207D89DF807003146FFF7DCFF99
:10D63000204603B0F0BD0120FBE7012908B50346F1
:10D6400008460ED1012B07D10420FFF7E5FD02208B
:10D65000BDE80840EAF7C6BF022B14BF0846032006
:10D66000F6E70120F4E738B50446EAF7DDFF50B1EC
:10D67000022814BF01250225284602222146FFF771
:10D680004BFE284638BD0F2CCCBF02250125F3E701
:10D6900001207047014B01201B6818476862002079
:10D6A000014B02201B68184768620020014B402094
:10D6B0001B6818476862002011B1012904D0704727
:10D6C000044B1B6880201847024B4FF480701B6886
:10D6D000F9E700BF68620020024B4FF400701B683E
:10D6E000184700BF68620020014B20201B681847C4
:10D6F00068620020014B04201B6818476862002004
:10D70000014B08201B68184768620020014B10205D
:10D710001B6818476862002068B1084A002352F865
:10D720003310814203D902EBC303187970470133E8
:10D73000162BF4D1FEE71F20704700BF281D0308F9
:10D7400073B51D4B0193044640F607000D46FFF7E5
:10D7500053FD02AAC0F3C103134413F8042C00F0D4
:10D760000703013B02FA03F0144BB3FBF0F3B3FBE6
:10D77000F4F007281DD8400003288CBF022404249D
:10D780004FF4D6605C43FFF737FD000200F470668B
:10D7900040F2B160FFF730FD3043030544BF6FEA4C
:10D7A00000506FEA105063095843C011286002B05E
:10D7B00070BD0124E4E700BF04080A0C0048E8013A
:10D7C0004FF0FF3070474FF0FF3070474FF0FF30A1
:10D7D00070477047002070470020704770474FF037
:10D7E000FF3070474FF0FF30704770477047704709
:10D7F0000244904200D1704700F8011BF9E7000095
:10D80000094901FB00F310B502469B0D00203D24A1
:10D810001BB93C2A88BF013010BD04FB13221844F9
:10D8200001FB02F39B0DF3E7970C010070B544F286
:10D83000444505FB00F31B0D00243C2633B93B286F
:10D8400084BF01343C3810600C6070BD06FB1300CF
:10D850001C4405FB00F31B0DF0E782B082B00DF114
:10D86000080C0CE90600009ABDF81010039313444D
:10D87000BDF804200A4491B212B2B2F57A7FA2BF79
:10D88000A1F57A72013312B20360828002B002B055
:10D89000704782B082B00DF1080C0CE90600009AC6
:10D8A000BDF810100393D31ABDF80420521A91B298
:10D8B00012B2002ABEBF01F57A7203F1FF3312B231
:10D8C0000360828002B002B07047000030B585B0BE
:10D8D000114D6B4683E8030000230293ADF80C3032
:10D8E00003A82B699847009BBDF804400290181AC2
:10D8F000BDF80C30E41AA3B224B2002CBEBF03F56D
:10D900007A7400F1FF3024B22B689847AB68204648
:10D91000984705B030BD00BF90EE020873B5114EB8
:10D92000002305460093ADF8043001A833699847F9
:10D93000F36800909847736804469847009B184422
:10D94000BDF8043023449AB21BB2B3F57A7FA2BF6C
:10D950000130A2F57A731BB228602846AB8002B072
:10D9600070BD00BF90EE020837B500230093ADF8FC
:10D970000430074B04461B6901A898476D46009088
:10D9800095E8030084E80300204603B030BD00BFE3
:10D9900090EE020837B50E4D02AB03E90300EB68C9
:10D9A00098476B6804469847BDF80430009A1B1BE3
:10D9B000121A98B21BB2002BBEBF00F57A7003B2E8
:10D9C00002F1FF324FF47A7000FB023003B030BD39
:10D9D00090EE02082DE9F0414FF47A75B1FBF5F5B0
:10D9E000C5EB4513DFF83C8005EB8303A1EBC303D4
:10D9F0009CB2D8F80C3006469847D8F80430074651
:10DA00009847E3199AB21BB2B3F57A7F0544A2BFD7
:10DA1000A2F57A7301351BB23560B3803046BDE89C
:10DA2000F08100BF90EE0208F0B5444B04460E466C
:10DA30000FCB89B008AD05E90F004148414A2044A9
:10DA4000430C03EB90430027002B55D13E4B3F4D39
:10DA5000984284BFA0F5A830A0F5C07003AA01A920
:10DA600088BF0137FFF7E2FE9DF80C303360019864
:10DA700003AA02A9FFF7DAFE9DF80C3073609DF847
:10DA80000830B36045F6DE0305FB07356D0E40F246
:10DA9000B5546C430334A7EB940415F00307F46109
:10DAA00041D13B2C2FD86000FFF7AAFE05EB850281
:10DAB0000134274B3061033204EBA20202FB033333
:10DAC0005B0DC3EBC303D31AB36108AB03EB87074A
:10DAD000420057F8103CD34003F003031C443D239D
:10DAE00058430130A4EB600444354FF0FF33F46039
:10DAF0007561336209B0F0BD02FB13001F44430C93
:10DB000003EB9043A0E7D42C06D8A4F13C004000DE
:10DB1000FFF776FE0230C9E7A4F1D5004000FFF719
:10DB20006FFE0730C2E73A2CBDD9D32C02D8A4F13E
:10DB30003B00ECE7A4F1D400F0E700BF68DD020889
:10DB400080B8C303805101007F510100DB660100F2
:10DB500049920400024B00221A60024B1B681847CE
:10DB60006C620020A4EE0208F8B504461746084689
:10DB70001E467CB173B1084B00255B6A256098474F
:10DB8000069B60602581A572E6602361E77265618E
:10DB90002846F8BD0120FCE7A4EE020800B1407A57
:10DBA0007047000010B5034CE3699847A36ABDE8CD
:10DBB00010401847A4EE020870B5064DEB69064602
:10DBC00098476B6A044630469847AB6A201ABDE80E
:10DBD00070401847A4EE0208054A0346106800B9D1
:10DBE0007047984201D04069F9E70120704700BFB3
:10DBF0006C6200202DE9F3410B4D2B6A04469847D7
:10DC00000123AF692372D4F800800646B847304438
:10DC1000804502D2B84706442660AB68206801936D
:10DC200002B0BDE8F0411847A4EE020870B520B379
:10DC3000EFF3108672B6124D2B680122827253B137
:10DC40000022984242720FD1446902723CB12046D0
:10DC50002C60FFF7CFFF86F31088002070BD094BC2
:10DC6000DB6898472C60F6E71A465B69002BF2D018
:10DC70009842F9D143695361EDE70120EEE700BF17
:10DC80006C620020A4EE0208094B10B51B685A69AB
:10DC9000596911B95861416108E0046811688C4202
:10DCA00002D913465269F3E75861426110BD00BFC3
:10DCB0006C620020044B1A680AB1002111724261A3
:10DCC0001860FFF797BF00BF6C6200202DE9F0419C
:10DCD000044600282DD0FFF77FFF50BB657A45BB77
:10DCE000EFF3108872B6144E6768336A984787421C
:10DCF0002CBF27602060114FA5724FF480732381E1
:10DD00003B684BB9336998472046FFF7D3FF88F348
:10DD100010882846BDE8F081B36998472368184405
:10DD20003B6820601B6898422046EED3FFF7ACFFAB
:10DD3000EDE70125EDE700BFA4EE02086C620020CC
:10DD400010B5044608467CB1084B5B6A9847606092
:10DD50002046FFF741FF40B12046FFF767FF20460E
:10DD6000BDE81040FFF7B2BF012010BDA4EE0208CD
:10DD70002DE9F041EFF3108772B61D4E1D4C73690B
:10DD8000984733690546984723684BB94FF0000818
:10DD900023688BB9206828BB87F31088BDE8F08121
:10DDA000411B2D1A1A688A428CBF521900221A6030
:10DDB0005B69002BF6D1E9E71D681DB1B36998478F
:10DDC0008542E7D225686B692360A5F80880D5E90C
:10DDD000033098476B89B3F5807FD9D12846FFF788
:10DDE00075FFD5E7037A002BD6D1FFF703FFD3E702
:10DDF000A4EE02086C620020074B0849186843F241
:10DE0000390201FB002018606FF00043B0FBF3F310
:10DE1000C3EBC373C01A70477C0E00206D4EC64121
:10DE2000014B1860704700BF7C0E002038B50546D6
:10DE30000C46FFF7E1FF611B013190FBF1F303FB9F
:10DE40001100284438BD01380A44914200D170477E
:10DE500011F8013B00F8013FF7E710440A449142F2
:10DE600000D1704711F8013B00F8013DF7E702448B
:10DE7000904200D1704700F8011BF9E730B530B18E
:10DE80000A4D01444FF0FF33814201D1D84330BDE8
:10DE900010F8012B5340082243F30004013A2C40B0
:10DEA00092B284EA5303002AF6D1EDE72083B8ED5D
:10DEB0004FF0FF307047000030B591B10A4D0A4471
:10DEC000914200D130BD11F8013B5840082340F386
:10DED0000004013B2C409BB284EA5000002BF6D199
:10DEE000EEE70846EEE700BF2083B8EDC043704779
:10DEF000044B054A93F8A831022B18BF062382F879
:10DF000088347047F467002074620020034BD3F814
:10DF1000483313B1DB6803B11847704774620020BF
:10DF2000034A137843F002031370FFF7EFBF00BFFB
:10DF300070620020034A137843F008031370FFF760
:10DF4000E5BF00BF70620020034A137843F004036A
:10DF50001370FFF7DBBF00BF70620020074BD3F8E0
:10DF6000402322F48072C3F8402393F8892442F0BE
:10DF7000100283F88924FFF7C9BF00BF7462002034
:10DF80002DE9F04116461D4680460F46FFF70AFE72
:10DF9000084A094C1378278123F0110343F0110339
:10DFA000C4E90008668125731370BDE8F041FFF7EE
:10DFB000ADBF00BF70620020809600201FB5094BE6
:10DFC0008DF8090093F88C208DF80A2093F85800FA
:10DFD0000D2202A98DF8082005F0E3FDC0B205B0BE
:10DFE0005DF804FBF467002010B5174C94F8C921C4
:10DFF00094F85030012A4FF0010294BF84F8D521E3
:10E0000084F8D721013394F8C821DBB29A4284F80E
:10E0100050300DD80D48FFF7C1FD10B10B48FFF788
:10E0200005FE002384F85030BDE81040FFF76EBFB6
:10E03000074CD4F8DC1404F2BC40FFF781FE04F274
:10E04000BC40FFF743FEEFE7F46700203067002095
:10E050007462002008B50948FFF7A0FD10B1074819
:10E06000FFF7E4FD064B93F8162412B1012283F862
:10E070001524BDE80840FFF749BF00BF70660020C7
:10E080007462002010B50C4CD4F8402342F080029A
:10E09000C4F8402394F8162412B10020FFF7DAFFE9
:10E0A00094F8893423F0120343F0120384F889347E
:10E0B000BDE81040FFF71CBF746200202DE9F0415D
:10E0C0004F4C90B008B984F8C001B4F8DC30A4F823
:10E0D000483094F8B93084F879304A4B4A4ED3E945
:10E0E000100183E80300D3E9120103F1080282E87A
:10E0F0000300B4F8CC20A4F88C20D4F8D420C4F8C1
:10E100009420D4F8D820D4F8D010C4F89820002552
:10E110004FF0010803F5407203F54573C4F8901001
:10E12000A56384F8AB51A4F8B08184F84A5084F810
:10E13000AD5184F8AE51C4F8C451A4F8C85103A934
:10E14000C6F8E454A6F8145486F81654C4E9735576
:10E1500094F85800A4F8D65104932C4B84F8D55168
:10E16000039205938DF8188005F060FDE36FC6F803
:10E17000D83394F88D3086F8E43386F8D45394F885
:10E18000C03186F8E73306F575770FCF06F57A7458
:10E190000FC486F8E55386F8E6833B6823600223C4
:10E1A00086F8FA33D6F8483386F81754CDE9015586
:10E1B00086F8F9831BB15A68DB6801920293144B0D
:10E1C0000793A3F14C020892A3F114020992114A99
:10E1D0000B9221330A93A2F18C030C93A2F18803D2
:10E1E0000D93131D0E9301A902F1DC0307A802F59C
:10E1F000C6620F9303F04CFC10B0BDE8F08100BF85
:10E20000F46700207068002074620020206F0020F6
:10E21000DC660020D868002037B5214CD4F8C43122
:10E2200013B1E36C0133E36494F8BE311D4DCBB1FF
:10E2300001A90B2004F0C6FBA0B9B4F85230B4F821
:10E24000982001339BB29A42A4F852300AD195F833
:10E25000893484F8C00143F0080385F889340F231A
:10E2600085F8683495F88934990703D595F82D34E5
:10E27000012B07D994F8AA3123B1A36B5A1C18BFFC
:10E280000133A3630023A5F8143485F81634D5F8B8
:10E290004033012023F00203C5F8403303B030BD02
:10E2A000F46700207462002013B5FFF77BFC0A4B73
:10E2B0006C4618602046FFF731FB94E80300074ADC
:10E2C000074B83E80300137843F02003137002B078
:10E2D000BDE81040FFF71ABE7C9600207062002057
:10E2E000AC6500202DE9F0412C4D95F8A831022BAA
:10E2F00007460E4602D02A4BDB6A984703F000FD22
:10E30000044628B1022003F027FD002003F022FA82
:10E3100095F8A831012B17D103F002FD804630B1EA
:10E32000002003F0F3FB002003F0EAF9444603F079
:10E3300001FD48B1002003F0EFFB002003F0EAF9F3
:10E34000BDE8F041FFF7D4BD002CF9D1154C94F88D
:10E35000882494F81634D2B90BB184F84174384645
:10E3600004F02EFCE86BFFF727FCD4F8BC3398428E
:10E37000E6D30D48FFF712FC10B10B48FFF756FC2F
:10E3800094F8893443F0100384F88934D8E70BB14A
:10E3900084F84164304604F013FCF1E7F467002090
:10E3A000A41C0308746200201466002073B5154C89
:10E3B000154D04F57A76EB6D95F8602095F9881087
:10E3C00095F85800009605F0A8FC022384F8FA336B
:10E3D00095F8C03184F8FB3395F85800012304F513
:10E3E0008462314684F8F93305F0C1FC38B1074B3B
:10E3F00000205B6B984794F8FA3384F8883402B0B5
:10E4000070BD00BF74620020F4670020A41C0308E4
:10E41000F8B53D4F97F8A851012D04463E465DD012
:10E42000022D62D065B938B9D7E91F0107F184031D
:10E4300083E803000020F8BD01284FD0022801D056
:10E440000320F8E7DFF8CCE086F8A8010EF5757C2C
:10E45000BCE80F000EF57A770FC7DCF800303B60A0
:10E4600032468EF8FA43734692F8E91081B392F877
:10E47000001102292CD1302202FB0565D5F80421B8
:10E48000C6F88420C3F8EC2396F88D2095F808117F
:10E4900083F8F823032286F8881083F8FA2393F888
:10E4A000171483F8E813012283F8F923002283F874
:10E4B0001624164BDB6A9847FFF778FF96F8BE31B3
:10E4C000002BB7D012490122202004F0F3F9B1E764
:10E4D0000135042D02F13002C6D1E7E703F03AFE20
:10E4E0000028A8D187F8A841A5E70028A8D1094BA2
:10E4F00087F8A801062283F88824044BDB6A984732
:10E5000097F8BE31DCE700BFF4670020A41C0308C5
:10E510009C69002074620020F8B505460C46FFF7A0
:10E520003DFB10B12846FFF781FB0A4F0A4D0B4E09
:10E530003B6B984796F8580005F58462214605F034
:10E5400016FC28B17B6B706E9847A37C85F88834E5
:10E55000F8BD00BFA41C030874620020F46700200B
:10E560000E4890F8173480F8C0330D4B93F879209B
:10E5700080F8C32393F88D2080F8D02393F8C0311E
:10E5800080F8D333002280F8D12380F8D22300F51D
:10E59000707100F56270FFF7BFBF00BF74620020AA
:10E5A000F4670020104890F88834DBB190F81734F5
:10E5B00080F8D4330D4BDA6FC0F8D82393F88D2050
:10E5C00080F8E423002280F8E52393F8C03180F836
:10E5D000E733012280F8E62300F5757100F56870D5
:10E5E000FFF79ABF704700BF74620020F4670020F5
:10E5F0002DE9F04F91B04FF00008012B05460F4672
:10E6000002928DF81180ADF8148005D8C44EC14631
:10E6100006F28C4AB94502D311B0BDE8F08F15F867
:10E62000090004F047FA4844B842F5DC15F809300F
:10E6300009F10104013BE4B21F2BEDD801A252F80D
:10E6400023F000BFC5E60108F1E6010821E7010853
:10E650002FE801085BE80108FBE8010829E9010847
:10E660009DE90108CBE9010873EA010857EA0108AE
:10E67000D3EA0108E9EB0108FBEA010863EB0108B2
:10E68000B5EC0108DBEC01081FED01085DED0108A8
:10E6900019E6010819E6010819E6010819E601085A
:10E6A00019E6010819E6010819E6010819E601084A
:10E6B00019E6010819E6010819E6010819E601083A
:10E6C000CDEB0108974B2A5D93F8BE3109F10209A1
:10E6D0009A425FFA89F900F2BE8007A9012004F08E
:10E6E00071F9002840F0B780079804F041F9B2E0D2
:10E6F000052004F07FFA88B10521002004F04EFACD
:10E700002B5D86F85C3409F1030409F102095FFA14
:10E7100089F9E4B215F8093086F85D34A14679E745
:10E7200000238DF812308DF813308DF818308DF8E5
:10E730002030B8F1000F75D1DFF8E8814FF0050BFC
:10E74000C14698F88C208DF83920631E98F849202E
:10E750008DF83B202B4498F848200D938DF83C20F1
:10E7600098F8AA3198F878208DF83D20D8F8BC2187
:10E770008DF83A300C92D3B17B1C1B1BDBB28DF8A9
:10E78000383008AB019306AB009399F858000DF1AF
:10E7900013030DF112020CA905F032FB99F8AA310E
:10E7A0008DF811002BB98DF81130002323E00523DB
:10E7B000E5E700F007000728F7D199F949209DF90E
:10E7C000123089F849309A429DF8133089F8483060
:10E7D000B8BF01229DF81830B8BF89F8AD2189F87B
:10E7E0007830E2E701220DF111010320039304F0D8
:10E7F00061F8039B0133D9B29DF82020B2FBFBF0F6
:10E800008842EFD81444E4B2631EDBB29F4205D9BC
:10E81000EA5C032A95D0A74298BF23461C464FF0D6
:10E8200001087BE709F105095FFA89F3F6E72B5D3B
:10E830003C4903F00F03012281F8AB3109F10209D1
:10E8400002FA03F3A1F8B0315FFA89F9002205A9B1
:10E85000042004F02FF84C4660E707238DF81130B0
:10E860002B5DDFF8C0B0C3F3021203F00F030F2BD0
:10E870008DF8303004BF9BF880308DF830308DF843
:10E88000312009F1050409F1020209F1030309F13C
:10E890000409DBB25FFA89F9E95C15F809309BF8E5
:10E8A0005800D2B21B04AA5C43EA0123134364223A
:10E8B00053430CA90D9305F0D7FA00F00703072B7B
:10E8C000E4B28DF8110010D19DF830309DF8312060
:10E8D0008BF880308BF888300D9BCBF87C30CBF8F0
:10E8E00084308BF87920C6F8EC338DF814000122BF
:10E8F00005A9052003F0DEFF10E7D6F848336BB119
:10E900001B685BB19847029B8DF8140003F03F032E
:10E910008DF81530022205A90620EBE7FF20F2E76B
:10E9200074620020F467002003238DF811302B5D02
:10E930008DF824300CAB089309F1040209F10303AC
:10E94000DBB2D2B2E95CAB5C09F10202D2B21B04C9
:10E95000AA5C43EA0123134309F10604642209F186
:10E96000050953435FFA89F90C9300230D9315F8B9
:10E9700009308DF83830CB4B08A993F8580005F0D2
:10E9800091FAC3B20028E4B28DF81130FFF6C6AE9A
:10E990008DF81430012205A90720ABE72B5D03F0A9
:10E9A0000F03012B38BF01231A464FF47A735343E8
:10E9B000BC4A09F10209936603F57A73D3665FFADC
:10E9C00089F9002205A9082043E72B5DB54C0022F8
:10E9D0008DF8182013F0200218BF01228DF819209D
:10E9E000DA0648BF012203F00F0394F8580048BF2D
:10E9F0008DF8182006A98DF81A3005F082FA09F171
:10EA0000020901305FFA89F93FF425AFBDF81830EB
:10EA1000A54AA4F88C309DF81A309DF818B0D05C47
:10EA2000E8F75AF90223C4F890000CA994F85800AA
:10EA30008DF830308DF832B005F0B3F894F94930E4
:10EA4000089040B29842B8BF184684F849000022A6
:10EA500005A90920FDE6934B2A5D93F8BE3109F123
:10EA600002099A425FFA89F93FF6F5AE07A90B2031
:10EA700035E603238DF811302B5D8DF8303009F128
:10EA8000040209F10303DBB2D2B209F1050409F172
:10EA90000209E95CAB5C5FFA89F91B0415F80920EF
:10EAA00043EA01231343642253430D937D4B0CA986
:10EAB00093F8580005F043FAC3B20028E4B28DF889
:10EAC0001130FFF62BAE8DF81430012205A90A2073
:10EAD00010E72A5D734802F00F010123120903FABF
:10EAE00001F109F102049340A0F89A10A0F89830BF
:10EAF000E4B2002205A90C20FCE62B5DDFF8A4B1EE
:10EB0000039303F007028BF8C82109F10202D2B285
:10EB10000020A95CC1F302118BF8C911AA5C202165
:10EB200002F00F028BF84920FFF780F9039BC3F333
:10EB3000C2022023934018440023C6F8DC348BF82B
:10EB400050305A4B98429CBF4FF47A73584309F1A6
:10EB5000030498BFC6F8DC040020E4B2FFF744FACF
:10EB6000DCE52B5D00201A090A3201218DF8140022
:10EB70004E4801FA02FC09F102048445E4B221DCAA
:10EB800003F00F03043347488DF8141001FA03F320
:10EB90009BB2C0F8C4314FF47A73C0F8CCC103FA09
:10EBA00002F25046C6F8D424FEF7F8FF10B14048F0
:10EBB000FFF73CF8D6F8D4143D48FFF7C1F83C48BD
:10EBC000FFF784F8012205A90F2093E609F102045A
:10EBD00007A92020E4B203F0F5FE00287FF49EADE3
:10EBE000079803F0C5FE99E5092004F003F8002812
:10EBF00054D00921002003F0D1FF0023ADF82630C6
:10EC000009F1030209F10203DBB2D2B2E95CAB5CA9
:10EC10002A5D1B0443EA0123134309F1040209F1AD
:10EC20000604D2B209F105095FFA89F9AA5C15F860
:10EC3000091043EA02634FF47A724A430DF1300B34
:10EC4000121258460393ADF82420FEF767FE039B8B
:10EC500003F1965303F5A91303F5EC530893D6F883
:10EC60003C3300930DF1200999E80600D6F83833BB
:10EC70000AA8FEF70EFE0B9B00939BE806000A9B7A
:10EC80004846FEF7EAFD99E80300FEF71FFE03F091
:10EC900069F90123E4B286F838343FE586F8380490
:10ECA0003CE500BFF4670020D81D03083789410008
:10ECB000006700200C2003F09DFF00283FF42EADDC
:10ECC0000C21002003F06AFF96F88834043B012BE6
:10ECD0007FF624AD03F0B4F820E509F1020309F151
:10ECE0000302D2B2DBB2295DE85CAB5C09F105043A
:10ECF00009F104095FFA89F91B0443EA002315F8B6
:10ED000009000B436421594300F00F0003F0AAF8F7
:10ED1000E4B28DF81400012205A91120EAE50D20C6
:10ED200003F068FF00283FF4F9AC0D21002003F048
:10ED300035FF09F10203DBB2164AE85C2B5D12686D
:10ED400009F1040409F103095FFA89F943EA002093
:10ED500015F80910E4B203F0CDF8DFE4285D09F1FD
:10ED6000020309F1040409F10309DBB25FFA89F92E
:10ED7000EA5C15F809301B0443EA022303436420CC
:10ED8000584303F04BF9E4B28DF81400012205A9B1
:10ED90001320AFE58096002038B51148FEF7FEFE3F
:10EDA00010B10F48FEF742FF0E4C0F49D4F8D021A6
:10EDB0000E4D8A429EBF4FF47A735343C5F8D83440
:10EDC000FFF7A4F80123D5F8D814054884F8D63104
:10EDD000FEF7B6FFBDE838400148FEF777BF00BF39
:10EDE00018670020F4670020378941007462002012
:10EDF00038B51148FEF7D2FE10B10F48FEF716FFE6
:10EE00000E4C0F49D4F8CC210E4D8A429EBF4FF4D0
:10EE10007A735343C5F8D434FFF778F80123D5F853
:10EE2000D414054884F8D531FEF78AFFBDE8384090
:10EE30000148FEF74BBF00BF00670020F4670020C9
:10EE40003789410074620020094BD3F84023012A1E
:10EE50000AD008490978C90708D43AB993F88A044E
:10EE6000013818BF0120704700207047012070470B
:10EE7000746200207062002007B5002301A801938E
:10EE800003F0DAFD054B93F94900FFF797F8019B72
:10EE9000C01A80B203B05DF804FB00BFF467002025
:10EEA0002DE9F74F524EBDF830A0B3F1000B4FF0F3
:10EEB000000408BFA24680460F4606F59C709146A6
:10EEC00059465246CDE90044348086F81644FEF790
:10EED000BAFF5FFA8AF286F8372298F80030B370EA
:10EEE00098F8000040090428354607D007286ED05E
:10EEF000022806D0022003B0BDE8F08F012386F877
:10EF00001634042385F804313A4CC5F80841FF2330
:10EF100085F80C31384E98F8003085F80D31D6F868
:10EF2000E43085F82891C5F810313B7885F8143124
:10EF3000684604F59B7385F83021C5F82C3104F040
:10EF4000B1F8002851D1009BA5F8440401A8A5F808
:10EF50001631C5F84C3403F06FFD08B11320CAE731
:10EF6000019B0BB90020C6E796F94900FFF726F888
:10EF700095F83732DBB1019B0F2B0FD804F58B725C
:10EF800001A90F2003F064FD0028E7D13B78019A26
:10EF900062F303033B7085F81431ACE704F2FE42E0
:10EFA00001A903F055FD0028D8D10A20A3E704F2F7
:10EFB000FE44224601A903F04BFD0028CED1019B5F
:10EFC00085F82801C5F82C4185F8303193E7BBF16D
:10EFD000000FC7D0002AC5D05946F01CFEF733FFFA
:10EFE00096F8373201333380BCE7122083E700BF45
:10EFF0007462002076620020F467002070B54D4CEA
:10F000004D4D86B000238DF8033094F849308DF8CB
:10F01000093094F848308DF80A30D4F890300393D2
:10F02000D4F8943004932B888DF808000646ADF888
:10F03000143094F8580005F583630DF1030202A91A
:10F0400004F0B4FE012385F8413494F8493085F882
:10F0500042349DF8033085F84334D5F81834C5F8A8
:10F060005064C5F84834C5F8583402F097FE264677
:10F070002C46B0B996F8A831012B01D103F018F84D
:10F0800003F03AF80023019394F8043196F94950BB
:10F0900094F81764042B0CD8DFE803F00E2E320B23
:10F0A0003600D5F8180402F0DBFF0028E2D010206B
:10F0B00000E0032006B070BD204804F04FF800289F
:10F0C00033D194F80C312380D4F840331C48217894
:10F0D00043F00203C4F8403394F814340133DBB234
:10F0E00084F8143484F84534164B00259B6AC4F820
:10F0F000E45498472846DDE7104804F083F8DEE73B
:10F100000E4804F0ABF8DAE701A803F0CBFF70B9C2
:10F1100094F8143413B1019B013B0193074B019800
:10F120003246E9B204F0C4F8C9E71120C2E7122060
:10F13000C0E700BFF4670020746200207C630020F9
:10F1400076620020A41C03082DE9F0418EB006462B
:10F1500002F0D6FD002840F0E580744C94F8A83108
:10F16000012B0CD0236C724DABB195F80431042BFC
:10F1700000F2DA80DFE803F0171D21D8250002F045
:10F18000CFFD18B10F200EB0BDE8F08102F0D2FD26
:10F190000028E7D0F6E7B4F8B0315A1ED5F8183495
:10F1A00053432364E1E7634804F0E1FB68B11120B5
:10F1B000E9E7604804F00FFCF8E75E4804F043FC20
:10F1C000F4E75C4804F077FCF0E795F80C312B800D
:10F1D000236C08930DF1180894F849308DF8283005
:10F1E000404694F8AC318DF82A30FEF7BDFBD4F8D8
:10F1F000B831009302AF98E80600D4F8B43138462D
:10F20000FEF747FB97E803000BAB83E80300E36BD3
:10F21000099300238DF834302B88ADF8363094F8FC
:10F22000C03101228DF829201BB98DF834208DF8CA
:10F230002930414B0093414B94F85800A3F1C90287
:10F2400008A904F0CAFEA0B10B289CD1D5F8E0149F
:10F2500079B1002E97D0D5F84033394843F02003D8
:10F26000C5F84033FEF76CFD3548FEF72FFD002052
:10F2700089E794F8587094F9793094F9492094F812
:10F280008D10304E384604F0D3FEE36D94F86020C4
:10F29000009641B21436384604F03FFDE36D94F910
:10F2A000801094F85800009694F8602004F035FD22
:10F2B000D5F8CC63A36ED5F8E003E16E3344C5F80E
:10F2C000B83395F804310144042BC5F8BC1307D0BA
:10F2D000226F636F32440344C5F8B823C5F8BC33CA
:10F2E0000023059394F8C0317BB105A803F0A4FB7B
:10F2F000B0B994F9490095F837629DF81470FEF79B
:10F300005DFE3E4480B2B04208D395F81704EFF793
:10F310005DFD95F81704FFF771FE34E7082032E72A
:10F32000132030E70E202EE703202CE7F46700209F
:10F33000746200207C630020346800205467002041
:10F34000E46500203466002010B51A48FEF726FC5C
:10F3500010B11848FEF76AFC174CD4F84033D4F8C3
:10F36000E40423F02003C4F8403348B1FEF724FC42
:10F37000B0F5FA5F04D9114B002283F84A2010BD82
:10F380000120FFF7E1FE0028F9D00B28F7D00B4B46
:10F3900093F8493084F84234092094F8143484F8FE
:10F3A000453484F8410403F00BFCBDE81040FEF73F
:10F3B00033BF00BFE465002074620020F4670020C2
:10F3C0002DE9F0433A4C8BB09046994694F8C02111
:10F3D000B4F84830B4F848700E46A16B0491054665
:10F3E0005BBA002A61D094F8AB2102B9226494F888
:10F3F000A82194F8AA0102F1FF3CDCF1000242EBE3
:10F400000C024FEAC01C62F3041C94F84A208DF8E9
:10F410000CC02AB15FFA8CF242F020028DF80C2069
:10F42000ADF8203094F878308DF8223094F88C3094
:10F430008DF8233094F858308DF8243004AB012235
:10F4400000931C4B8DF81420D4F898208DF81500EB
:10F4500006910792A3F12F01A3F1300205A802F053
:10F46000DBF89DF80C30CDF8009060F386138DF832
:10F470000C303246434603A92846FFF711FD08B178
:10F480000A2803D10020FFF75FFE20B1A4F84870DE
:10F490000BB0BDE8F083049B84F84A00A36303F03B
:10F4A0009FFA002818BF1320F2E70720F0E700BFFB
:10F4B000F46700206C680020F8B502284FF00004C3
:10F4C0000646274601D02BD888BB404B404C012232
:10F4D00083F8D421022284F80421A218D3F8E03062
:10F4E000C4F80821FF2284F80C21062262F3471792
:10F4F00084F80F311A0A1B0C84F8102184F811319A
:10F5000084F80E6184F80D710AF082FC082201462D
:10F5100004F58970FEF797FC04F58D7108202DE045
:10F52000FF2831D00120BDE8F840FFF70DBE284C80
:10F53000264A012382F8D431A21CC4F80821FF22F4
:10F5400084F80C21062262F3471784F8043184F80A
:10F550000E3184F80D710AF071FC0822014604F2A4
:10F560000F10FEF770FC0AF053FC0822014604F26B
:10F570001710FEF768FC04F59071092003F0C0FD38
:10F580000028CFD01120F8BD114D2046FEF740FFD6
:10F5900064F34717AB1CC5F8083185F8044185F8BA
:10F5A0000C6185F80D710AF049FC0822014605F549
:10F5B0008770FEF748FC0AF02BFC0822014605F58F
:10F5C0008B70FEF740FC2046ADE700BFF4670020DB
:10F5D00074620020084B10B5044608461146DB6BE8
:10F5E000224649B29847054AD2F8403343F0020315
:10F5F000C2F84033002010BDA41C03087462002030
:10F600000346D0B1C9B1027B12F00F0205D090F8C9
:10F61000200010B100200870704793F8280010B93E
:10F6200001230B70704752B993F8200008B90223E8
:10F63000F7E703230B70104670470320704717202D
:10F64000704700002DE9F04F89468DB0904607467F
:10F65000002800F0A681002900F0A3810368002B98
:10F6600000F09F814368002B00F09B818368002B92
:10F6700000F09781C368002B00F09381104604F0DE
:10F6800086FA002800F08F81C94CCA4D384603F035
:10F6900039FA40F22C7200212046FEF7E8FB4FF4C5
:10F6A000B06200212846FEF7E2FBC34BC4F8BC3130
:10F6B00004F55F73089304F56473002640460993CC
:10F6C00008A9BE4B84F858800A9384F8A8618DF885
:10F6D0002C6004F0ABFA0E2306A994F858008DF8BC
:10F6E000183004F05EFA801B18BF01204FF00A0B9F
:10F6F00084F8AC0106A994F858008DF818B004F00D
:10F7000050FA4FF0060A84F8DC0006A994F8580075
:10F710008DF818A004F045FA0F2384F8DD0006A93F
:10F7200094F858008DF8183004F03BFA1023C4F810
:10F73000A40006A994F858008DF8183004F031FAA6
:10F740001123C4F8A80006A994F858008DF81830C1
:10F7500004F027FA1223C4F8AC0006A994F8580064
:10F760008DF8183004F01DFA1323C4F8B00006A970
:10F7700094F858008DF8183004F013FA1523C4F8E3
:10F78000B40006A994F858008DF8183004F009FA6E
:10F79000162384F8B90006A994F858008DF818309B
:10F7A00004F0FFF91723C4F8BC00C4F8C40006A98C
:10F7B00094F858008DF8183004F0F3F9C0B21C2307
:10F7C00084F8C00084F8C80006A994F858008DF8A1
:10F7D000183004F0E6F91D2384F8CC0006A994F84B
:10F7E00058008DF8183004F0DCF91E2384F8CD00A1
:10F7F00006A994F858008DF8183004F0D2F91F23A8
:10F80000C4F8D00006A994F858008DF8183004F018
:10F81000C8F90B23C4F8D40006A994F858008DF851
:10F82000183004F0BEF90C2306A9A4F8D80094F807
:10F8300058008DF8183004F0B4F9D4F8A430636699
:10F84000D4F8A830A366D4F8AC30E366D4F8B0306E
:10F8500005904FF00108A4F8DA0023673046D4F889
:10F86000B430636784F8B880C4F89CB084F8A0A072
:10F87000C4F85CB084F860A084F8788084F8AF8124
:10F88000FEF71CFC4E4B009632464FF0FF3105F55B
:10F890005C70C5E9D179C4E90F6684F8A98185F85F
:10F8A0008964C5F84083FEF75FF9464B00963246FF
:10F8B0004FF0FF3105F56270FEF756F9424B0096A6
:10F8C00032464FF0FF3105F56870FEF74DF93F4BBA
:10F8D000009632464FF0FF3105F57F70FEF744F990
:10F8E0003B4B009632464FF0FF3105F28C40FEF75D
:10F8F0003BF9384B009632464FF0FF3105F2A440F9
:10F90000FEF732F902AF344B009632464FF0FF312A
:10F9100005F2BC40FEF728F93846FEF725F897E8CF
:10F92000030004F5DA7383E803002C4B2C4F1E60B0
:10F930002C4BC5F84C332C4BC5F854332B4BC5F826
:10F940005C332B4BC5F850332A4BC5F8583305F5BB
:10F9500053703B68984704F5EE700AF06FF820B1D9
:10F96000112630460DB0BDE8F08F204603F074FB41
:10F970000028F5D102F090FFB8B91F4803F0D8FB7A
:10F9800006460028ECD17B699847FEF749FABB6D23
:10F9900094F8A9019847FB6A9847012385F88A34AF
:10F9A000DFE70326DDE70926DBE71326D9E700BFFB
:10F9B000F46700207462002000010101206F002024
:10F9C00049F3010861E50108A5E5010855E00108D2
:10F9D000F1ED010899ED0108E9DF010870620020EE
:10F9E000A41C0308A9E2010881DF010849DF01081E
:10F9F00035DF010821DF0108DC68002008B5034B72
:10FA00000020C3F84003FEF773FA08BD74620020BB
:10FA100010B5FFF719FA0A4C60B90A4B93F8A831F0
:10FA2000022B02D1084BDB6A98470123C4F840330C
:10FA3000002010BDD4F84003013818BF0120F8E7BA
:10FA400074620020F4670020A41C030870B52D4BDD
:10FA50008AB0054693F8DD008DF8090093F8DC00C4
:10FA60008DF80A0028489A6B90F814040392002637
:10FA70008DF80B0004960C4600293ED00692D3F870
:10FA800098200792B3F8482093F8AA118DF8151022
:10FA900052BAADF8202093F88C2093F858308DF8A6
:10FAA000243003AB8DF822008DF8232000930DF154
:10FAB0000A020DF10B030DF1090105A88DF8146080
:10FAC00001F0AAFD9DF90900FEF778FA607004A81C
:10FAD00002F0B2FF98B9049B0F2B0AD862789342C8
:10FAE00007D8D11A1D442170AA4238BF08200AB095
:10FAF00070BD002323700820F9E70320F7E71320E7
:10FB0000F5E700BFF4670020746200201FB50446CB
:10FB1000002800F0388100784C2800F23081DFE8BE
:10FB200010F04D00530058005D0060006300670056
:10FB30006C002E012E012E012E012E012E01F2004D
:10FB4000DE002E012E012E012E012E012E012E018E
:10FB50002E012E012E012E012E012E0170007400A7
:10FB60007E00850088008B0090008E009200960039
:10FB700099009C009F00A200A500B400B800C0003E
:10FB8000BC00C400C700CB00D200D0002E01D600BC
:10FB9000030107012E012E012E012E012E012E013F
:10FBA0002E012E012E012E012E012E012E01FF000D
:10FBB0000B011001140118011C012501744B93F86D
:10FBC000A831237104B010BD714B93F8C03123717B
:10FBD00002E00AF01DF960600020F3E70AF02EF958
:10FBE000F9E70AF041F9F6E7694B93F8AA31EEE735
:10FBF000674BD3F8E0306360EEE7654BD3F8E43051
:10FC0000F9E7634B93F8A931E1E71B238DF808303E
:10FC10005F4B02A993F8580003F0C3FFDBE75D4B8D
:10FC2000043493E8030084E80300D5E75A4B043416
:10FC3000F7E75A4B0434F4E7594B0434F1E719233E
:10FC4000E4E71823E2E7524B93F87830BFE7504BD4
:10FC50005B6ED0E74E4B9B6ECDE74D4BDB6ECAE73C
:10FC60004B4B1B6FC7E74A4B5B6FC4E702238DF812
:10FC70000830474B02A993F88C2093F858008DF870
:10FC80000A2003F08EFF2071A6E7414B93F8DD3088
:10FC90009DE73F4B93F8493099E73D4B93F8DC30B3
:10FCA00095E73B4B93F8483091E7394BDB6DA2E782
:10FCB000374B93F860308AE7354BD3F89430636064
:10FCC0008AE7334B97E7324BD3F8D430F7E7304B22
:10FCD000D3F8BC31636004F0F3F9A0607CE72C4AF0
:10FCE0000023114692F8F001072805D103EB031316
:10FCF00003F2F1130B447EE70133172B02F11102DB
:10FD0000F0D102205EE7224A0023114692F8F0016A
:10FD10000628EBD00133172B02F11102F6D1F0E7E0
:10FD20001B4B93F8AF3152E7194BD3F8CC3162E754
:10FD3000174BD3F8D0315EE7154BB3F89830A3805A
:10FD40004AE7134BB3F89A30F9E7114BB3F8D830C0
:10FD5000F5E70F4BB3F8DA30F1E70D4B93F8582085
:10FD60000AB1062A11D1B3F80837E8E7084B93F82F
:10FD700058200AB1062A08D1D3F80C373BE72046B1
:10FD800002F044F81EE703201CE717201AE700BF23
:10FD9000F467002070680020B068002078680020B8
:10FDA000B8680020F0B5044685B010B9032005B04E
:10FDB000F0BD9B4DD5F840339A0700F134830278AB
:10FDC0004C2A00F22D83DFE812F04D005300610051
:10FDD00067006B006F00740079007E0089008F005F
:10FDE00095009B00A100A700AD00B300B900BF00C3
:10FDF000C500CB00D100D700DD00E300E900EF0033
:10FE0000F500FB0001012B030901310144016B01E5
:10FE10008D017E0191019A019E01A201A601AA0114
:10FE20002B03AE01C001E801D601FA0104020B0266
:10FE300010021502A2022B03C102E3022B032B03C3
:10FE40002B032B032B032B032B032B032B032B0342
:10FE50002B032B032B03AE02030308030D03120332
:10FE6000170321030079FEF7D3FA00289FD105E09C
:10FE70000379022B9AD06B4A82F8C03195F8893405
:10FE800043F0200385F88934002090E7406809F0AA
:10FE9000B1FF00288AD1F1E7406809F0BFFFF8E719
:10FEA000406809F0D1FFF4E75E4B027983F8AA219C
:10FEB000E4E75C4B4268C3F8E020DFE7594B426857
:10FEC000C3F8E420DAE7416800293FF46FAF00206F
:10FED00003F07CFB0028D1D0112068E7416800299D
:10FEE0003FF464AF0120F3E7416800293FF45EAFBF
:10FEF0000220EDE7416800293FF458AF0320E7E70F
:10FF0000416800293FF452AF0420E1E7416800292D
:10FF10003FF44CAF0520DBE7416800293FF446AFD2
:10FF20000620D5E7416800293FF440AF0720CFE71E
:10FF3000416800293FF43AAF7F20C9E741680029B2
:10FF40003FF434AF8020C3E7416800293FF42EAF6F
:10FF50008120BDE7416800293FF428AF8220B7E740
:10FF6000416800293FF422AF8320B1E741680029AE
:10FF70003FF41CAF8420ABE7416800293FF416AF83
:10FF80008520A5E7416800293FF410AF86209FE750
:10FF9000416800293FF40AAF872099E741680029AA
:10FFA0003FF404AF882093E7416800293FF4FEAE98
:10FFB00089208DE7416800293FF4F8AE8A2087E761
:10FFC000416800293FF4F2AE8B2081E7154B0079A0
:10FFD00083F8A901144B9B6D98474FE7114E037AA4
:10FFE0008DF8043096F8580096F88D308DF805306D
:10FFF000072201A903F037FE00283FF4D7AE63685B
:020000040802F0
:1000000096F858000193002201A903F02CFE002865
:100010003FF4CCAE7C36D4E9010186E803002DE73D
:1000200074620020F4670020A41C0308C04E037A09
:100030008DF8043096F8580096F88D308DF805301C
:10004000072201A903F00FFE00283FF4AFAEBC3633
:10005000E1E7B74E037A8DF8043096F8580096F829
:100060008D308DF80530072201A903F0FCFD002832
:100070003FF49CAED4E9010106F1840383E8030058
:1000800096F8A831022B7FF4F9AE96F8C031002B18
:100090003FF4F4AEA74BDB6A9847FEF787F9EDE62D
:1000A000A34E037A8DF8043096F8580096F88D30F8
:1000B0008DF80530072201A903F0D5FD00283FF493
:1000C00075AEC436A7E74368029301238DF80C3060
:1000D000974B02A993F8580003F001FE00287FF423
:1000E000CDAE63E6436802930023EFE703795A1E1F
:1000F0000E2A3FF65BAE8E4A82F87830BEE68C4B15
:1001000042685A66BAE68A4B42689A66B6E6884BF7
:100110004268DA66B2E6864B42681A67AEE6844BFE
:1001200042685A67AAE6824C037994F858008DF821
:100130000430062201A903F096FD00283FF436AEF4
:100140009DF8043084F8DD3098E6794C03798DF819
:10015000043094F8580094F88C308DF8063005225D
:1001600001A903F080FD00283FF420AE9DF8043083
:1001700084F8493082E66E4C037994F858008DF883
:1001800004300A2201A903F06EFD00283FF40EAEF0
:100190009DF8043084F8DC3070E6654C037994F8FF
:1001A00058008DF80430092201A903F05CFD0028F5
:1001B0003FF4FCAD9DF8043084F848305EE64368B7
:1001C000B3F5FA7F3FF6F2AD594AC2F89C30D365D9
:1001D00054E6574B027983F8A02083F860204DE65F
:1001E000534B4268C3F8942048E6514B4268C3F829
:1001F000D42043E64468002C3FF4D8AD012B40F0F6
:10020000128134212046FDF739FE636B984204D1F8
:10021000474838222146FDF716FE04F138061C2116
:100220003046FDF72BFE636D984204D142482022F0
:100230003146FDF708FE04F158074FF4C071384607
:10024000FDF71CFED4F8D83198421ED1384E4FF439
:10025000C27206F158003946FDF7F5FD95F81734DE
:1002600085F8E833D6F88430C5F8EC3396F88D304D
:1002700085F8F833012385F8F933022385F8FA333A
:100280002C4B96F8A9019B6D984704F5EE764FF438
:10029000CE713046FDF7F2FDD4F87833984205D19F
:1002A00026484FF4D0723146FDF7CDFD04F55F7658
:1002B00010213046FDF7E2FDD4F88C33984204D18A
:1002C0001F4814223146FDF7BEFD04F564764FF455
:1002D00060713046FDF7D2FDD4F81037984205D151
:1002E00018484FF461723146FDF7ADFD04F2147603
:1002F00014213046FDF7C2FDD4F8283798427FF428
:10030000BDAD114818223146FDF79DFDB6E5837954
:10031000012B3FF64BAD064B42684068C3F8BC2149
:1003200002F0B8FED6E5024B027983F8AF21A5E5CD
:10033000F4670020A41C03082C680020D06900206A
:10034000706B0020846B0020086F00204268384BDF
:100350009A423FF62BAD374B93F8C01102297FF438
:1003600025ADC3F8CC214FF47A7353433248C5F816
:10037000D434FDF713FC10B12F48FDF757FCD5F826
:10038000D4142D48FDF7DCFC2B48FDF79FFC75E5E8
:100390004268274B9A423FF609AD264B93F8C011AD
:1003A00002297FF403ADC3F8D0214FF47A7353438D
:1003B0002248C5F8D434FDF7F1FB10B11F48FDF712
:1003C00035FCD5F8D8141D48FDF7BAFC1B48DCE70E
:1003D000184B8288A3F8982050E5164B8288A3F822
:1003E0009A204BE5134B8288A3F8D82046E5114BA1
:1003F0008288A3F8DA2041E50E4B93F858200AB121
:10040000062A12D1A288A3F8082737E5094B93F8EA
:1004100058200AB1062A08D16268C3F80C272DE5D6
:1004200001F000FD21E50120C1E41720BFE400BF79
:1004300037894100F467002000670020186700201A
:10044000F7B52C4FD7F840339B0705464DD4847839
:10045000032C4CD8DFF8A8C03023064603FB04C4A5
:100460000FCEE8340FC40FCE0FC497F88924336839
:10047000236042F0200287F889242A78AB7864460A
:100480008AB11D4A019202AA1344A96813F8040C08
:1004900003F09CF820B96968A87803F075F9C8B131
:1004A000112003B0F0BD154A009202F10132019211
:1004B00002AA1344A96813F8080C03F087F800286F
:1004C000EED1AA78E96802AB1A4412F8040C03F0E2
:1004D0007DF8E4E7AB78302202FB03434FF0FF32B4
:1004E000D3F80C3100201A60DBE70120D9E7162091
:1004F000D7E700BF74620020808386898184878A61
:10050000F4670020F0B5154FD7F8406316F00206E7
:100510008BB01ED103281ED8114C302303FB00449E
:1005200094F8E930BBB12422314601A801ADFDF7B2
:100530009EFC0FCDE8340FC40FCD0FC42B68236091
:1005400097F8893443F0200387F8893430460BB09C
:10055000F0BD0120FBE71620F9E700BF7462002020
:10056000F46700202DE9F04700F0030A564D0AF128
:100570001C0313709046D5F8402312F002098CB08A
:1005800007460E4640F09C800A78013A012A03D9BA
:1005900003200CB0BDE8F087032800F293804B4C99
:1005A000302202FB004292F8E920002A00F08A8003
:1005B00003F00F0388F8003091F908308DF804300B
:1005C00094F8580094F88D308DF80530072201A971
:1005D00003F049FB28B198F8003023F0040388F8B1
:1005E0000030736894F858000193002201A903F0C9
:1005F0003AFB28B198F8003023F0080388F800305F
:1006000098F800305345C3D196E80700302303FB28
:10061000074303F5807383E8070095F8893443F0B6
:10062000200385F8893402A800238DF80830FFF7ED
:100630006DFA9DF80C30022B2FD1012302A88DF802
:100640000830FFF763FA9DF80C3033B31F4B93F873
:10065000E9206AB3302303FB0949D9F80431C4F80F
:100660008430C5F8EC3394F88D3085F8F8330323E3
:1006700085F8FA33012385F8F933002399F8082126
:1006800085F81634124B84F8882095F81724DB6A15
:1006900085F8E8239847FDF789FE3378012B05D1CB
:1006A000302000FB0740E83001F0E2FD002070E759
:1006B00009F10109B9F1040F03F13003C7D1ECE7E7
:1006C000012066E7162064E774620020F4670020CA
:1006D000A41C03082DE9F04188B00023ADF80830D0
:1006E0000646002800F0FA800361FEF7ADFB20B15A
:1006F0000124204608B0BDE8F08102F0BDFA0746AB
:100700000028F5D102F0B2FA20B975481422394612
:10071000FDF7ADFB734D95F88924012342F00402E7
:1007200085F8553485F8892432788DF80C2000211D
:10073000013A8DF80D30ADF80E100C2A00F2A280AF
:10074000DFE802F0075A62676C76A0A07CA0938075
:100750008F00D5F8404314F02004C9D196F80480E6
:10076000B8F1020F30D1DFF880812046FDF7A6FCFA
:10077000224696F9051098F8580003F00FFC07235D
:1007800088F84900FF208DF80D30FEF795FE0446ED
:1007900040B196F9051098F85800012203F0FEFBCD
:1007A00088F84900D5F8E0343361002C6ED002F0AF
:1007B0005DFA00289DD195F8893485F8160460F318
:1007C000820385F8893494E7B8F1010F4FF00200F5
:1007D00058D1454F8DF81C0004A997F8580087F8A8
:1007E000AD4103F023FA337987F8C0318DF80D401D
:1007F0008DF80E804746D5E7022385F85434002053
:10080000FEF75AFE0446CDE7032385F85434012051
:10081000F6E7042385F854340220F1E7002202A908
:10082000022002F047F808B90024BBE71324B9E717
:10083000327BB168B088FEF7CDFEE3E7002202A963
:100840000D20EEE7284B93F8A831DBB9347904F09A
:10085000070001F0B1FA8DF80840012202A910202A
:10086000DFE7002202A91220DBE78DF80F3001F04C
:100870008BFA044640B901F06FFA204600F06AFF97
:1008800027468FE702248DE701248BE703A802F0B7
:100890004DF9002F3FF42DAF144B1A784AB90122BD
:1008A0001A701348134B009422464FF0FF31FDF7A6
:1008B0005BF9D5F840330E4843F48073C5F84033F4
:1008C000FDF76CF910B10A48FDF7B0F90A210848A4
:1008D000FDF736FA0648FDF7F9F90AE7032408E7B9
:1008E000C866002074620020F4670020B06F00200A
:1008F0005C6700205DDF01082DE9F04FC54CABB00F
:100900000AA8E7F7E9FD256800230AA82360A346A3
:10091000E7F7E4FDC04C002D00F0E7805FFA85F9B1
:10092000AD0665D5BD4D95F8A831022B02D0BC4B64
:10093000DB6A984711A8BB4EE7F7CEFDFDF732F909
:100940003768D4F8B8133F1A3944B748FDF7F8F9B7
:10095000B548FDF7BBF9D4F8BC13B4483944FDF7EA
:10096000EFF9B248FDF7B2F911A8E7F7B7FD94F82F
:100970001634002B00F0E781142314A995F85800D1
:100980008DF8503003F00DF9D4F8BC130D900144EC
:10099000A748FDF7D5F9A648FDF798F90FAF3368DA
:1009A00094F81724EB6338468DF878201F93FCF7F2
:1009B000DBFFD5F8B831009306AE97E80600D5F80E
:1009C000B4313046FCF765FF96E8030021AB83E8BD
:1009D0000300D4F81834209395F8C03195F85800E6
:1009E000002B18BF01231EA98DF8793003F001F9FF
:1009F00019F0100F4DD09BF800108E4A874DB2F9B8
:100A00000AA092F90C8057681689A4F82AA400233A
:100A100063F300010C93ADF8243084F84434A4F857
:100A20001E3484F82134C4F82434A4F8283484F81B
:100A30002E34C4F8303484F81C34C4F8343484F8C8
:100A40003834C4F83C34764B8BF8001094F8881492
:100A5000D5F8E420DB6A84F82C8484F82D14049201
:100A6000984794F82D34734A059233B96F48FDF7CF
:100A700095F810B16D48FDF7D9F83146384601F0C8
:100A800051F88346002800F06181A4F87AA484F824
:100A90007C8419F0080F1AD0604B93F8A831022B10
:100AA00002D05F4BDB6A9847FDF722FA022084F8F8
:100AB000410402F085F894F8163413B1012384F848
:100AC000153494F8893443F0100384F8893419F00C
:100AD000040F03D006210520FDF704FC19F0020FD6
:100AE00003D004210320FDF7FDFB01F0EDFB94F89A
:100AF0008924D7065FD5002384F88A34D4F840339C
:100B00001E0644BF23F08203C4F8403312F0050FE1
:100B100000F0FD830B2002F06DF8002800F0F78351
:100B200094F88934DD0700F1F283580740F1158409
:100B3000D4F8403323F00203C4F84033D4F8402300
:100B400082BB94F8895415F001011EBF2B4662F355
:100B5000000384F8893494F889345E0744BF6FF346
:100B6000820384F88934012384F88A3421B1D4F8CB
:100B7000443331481B6898476D070BD52F4802F066
:100B800045F802F073F828B194F8893443F004036F
:100B900084F8893401F020F994F889346FF3041350
:100BA00084F88934012384F88A3494F8893443F032
:100BB000200384F8893494F88934180708D56FF332
:100BC000C30384F88934D4F844331D48DB6898475C
:100BD00094F88934990708D56FF3410384F8893470
:100BE000D4F8443317485B689847D4F8402392BB45
:100BF0000A4BD3F8C411D86C81421D4640F0F683ED
:100C000093F8BE01002800F0F183002900F0EE8384
:100C10001AE000BF7062002074620020F4670020B8
:100C2000A41C03087C960020FC65002014660020AC
:100C30007066002080960020B4660020C866002000
:100C4000DC66002090660020DA641EA802238DF87E
:100C50007830FFF73FFD94F88834022B01D1FDF77F
:100C6000A5FB94F889349A066AD5D4F840536FF3FB
:100C7000451384F88934002D62D1BB4E34213046AF
:100C8000FDF7FCF8736B984218BF70634FF01C01BE
:100C9000B64818BF0125FDF7F1F8736D984218BFEB
:100CA00070654FF4C071B24818BF45F00205FDF7FA
:100CB000E5F8D6F8D831984218BFC6F8D8014FF4F5
:100CC000CE71AC4818BF45F00405FDF7D7F8D6F84B
:100CD0007833984218BFC6F878034FF01001A64841
:100CE00018BF45F00805FDF7C9F8D6F88C339842CF
:100CF00018BFC6F88C034FF46071A04818BF45F0C8
:100D00001005FDF7BBF8D6F81037984218BFC6F8A3
:100D100010074FF014019A4818BF45F02005FDF761
:100D2000ADF8D6F828379842D4F848331CBFC6F837
:100D3000280745F040051BB19B680BB12846984732
:100D40002BB0BDE8F08F84F8413427E695F8A83140
:100D5000012B0CD100F0E4FF824668B1584600F048
:100D6000D5FE584600F0CCFC042384F82D347EB91F
:100D7000012384F81D34B9E100F0DCFF0028F6D02F
:100D8000504600F0C9FE504600F0C4FC0523ECE7D5
:100D90003B7803939807EBD15B09013B062B00F2EC
:100DA000A282DFE813F00700A002F800A002F5001D
:100DB000A0029102102EDBD995F8C0311497F6B23B
:100DC0008DF854601BB195F8D431002BD0D009F0C8
:100DD00035F814AA0146FF2002F00EFCB8B309F062
:100DE0002DF814AA0146002002F006FC88B309F091
:100DF00025F814AA0146012002F0FEFB58B309F0C1
:100E00001DF814AA0146022002F0F6FBA8B9042737
:100E10009DF8603003F00F020F2A1ED0C3F30303C6
:100E20008DF8783095F8580095F88D308DF8793038
:100E300007221EA902F017FF78B9012001F0DAFE9F
:100E400000287CD00121072001F0A8FE77E00127CF
:100E5000DEE70227DCE70327DAE79DF85B309DF841
:100E60005A209DF860101B0443EA02239DF8592084
:100E70001343C5F8E030179BC5F8E430C1F3021303
:100E800085F8793001F00F030F2B1EBFC1F3030368
:100E900085F8803085F888309DF86130002B61D06E
:100EA000AB66AA6E95F858004FF47A735343354AEF
:100EB000AB6611F0800F03F57A73EB66324B18BF07
:100EC0001346C5F8BC310DF1620312934FF00108CF
:100ED00094F817348DF84430113E11A985F87880C4
:100EE0008DF84C6002F0DEFE022385F8C03195F8E3
:100EF000BE314BB10022A5F8522009A942460B2071
:100F00008DF8243001F0D6FC384601F073FE18B19C
:100F10003946002001F042FE95F8D4314BB1002350
:100F20001A4885F8D431FCF739FE10B11748FCF7A0
:100F30007DFE023F012F02D80120FDF7BFF894F893
:100F40002D34012B00F2DD8194F81634002B40F093
:100F5000D08194F8893443F0100384F88934FCF785
:100F6000C7FF96E501239BE7F46700202C6800206B
:100F70004C680020D0690020706B0020846B00203A
:100F8000086F00200001010100040001306700200B
:100F9000012384F81C3495F88D308DF8363094F8A0
:100FA00020348DF8353095F858000D230DA98DF8B3
:100FB000343002F0F6FDA6F10D031BB20B9023EACC
:100FC000E37300B283423FF7D3AE0B2E7FF6D0AE71
:100FD000BA4B27930DF1780BFF2358461E978DF8D7
:100FE0007C608DF8A03002F067FC074600287FF493
:100FF000BFAE95F8A831012B14D100F091FE064642
:10100000002843D0384600F081FD384600F078FBD8
:1010100004239DF88410209884F82D34C1F3001126
:1010200001F034F9209BC4F8343411A95846FEF776
:10103000E7FA074600287FF49BAE2099A04B0C905E
:101040008246D3F8EC208A422CD193F8E90048B3C9
:10105000302303FB0A5393F8EAA0D3F80C311B6842
:101060000C9395F8A831022B02D1032384F82D3478
:101070009DF84430032B7FF47BAE9DF8843013F051
:10108000600F7FF475AE0492012712E000F052FE6B
:101090000028C7D0304600F03FFD304600F03AFB54
:1010A0000523B6E70AF1010ABAF1040F03F1300390
:1010B000C7D19DF8443095F8BE61BAF1040F29D824
:1010C000DFE80AF022031E2017000526BDF886106F
:1010D0000CAA304601F0F2FFF0B107280CBF08233C
:1010E000012384F81D340C9BC4F83034FCF7CAFF8C
:1010F000CFE4012E0AD15BB1032B08BF0226E5E73E
:101100000626E3E70726E1E70426DFE70326DDE717
:101110000226DBE70123E4E70C9B0499CDF800B03D
:101120003246504602F08CF920B102280CBF0A2347
:101130000B231EE60C9B94F82D24C4F830349DF844
:10114000843084F81D04C3F34013012A84F82E343C
:1011500084F844349EBF0123A86385F8AE31012F83
:1011600084F81E74C4F8240484F8280484F8410424
:1011700024D1022384F81C3495F84A30002B36D150
:101180009DF88430D90632D4D4F83C3413B101230D
:1011900084F82134012A94F840149DF8843005D84D
:1011A000012901D19A0601D501F028FC9DF84430AF
:1011B000032B7DD8DFE803F0263F7530039B03F057
:1011C000E003A02B18D195F8BE11012385F84A3011
:1011D00009B929996964012A84F81C3407D94FF4A4
:1011E000FA53C4F83C34059B1B68C4F8E43495F802
:1011F000A831002BCBD0C7E7002385F84A3084F80C
:101200001C34BDE79DF8841094F82D34424601F05B
:101210000F0122A8FDF7ECF99DF8983084F81F34EF
:10122000279BC4F824349DF8A03084F82834012387
:1012300084F829340DE09DF8841094F82D3442464A
:1012400001F00F0122A8FDF7D3F99DF8983084F83A
:101250001F3495F8D43183B100231A4885F8D4316E
:10126000FCF79CFC10B11748FCF7E0FC94F88934BB
:101270005B0744BF002384F855349DF89820E02A8A
:1012800008D195F8AF312BB984F81F24C4F8243461
:10129000A4F8283494F8893443F0020384F889349C
:1012A0004DE694F82D349DF8A01027984246CAE7E1
:1012B000012384F81D34FCF7E5FECAE7AC64002086
:1012C000F467002030670020604D013EB2B2791C07
:1012D0002846FCF7B8FD0323A4F81C34C4F82454B2
:1012E00084F82864D6E7012384F81D34FCF7CAFE8D
:1012F00025E694F84434002B3FF42BAE0020FCF795
:10130000A9FE94F82D34022B3FF429AE21E694F87F
:101310008934590721D5012001F06CFC48B1002324
:1013200084F81434D4F8403323F00203C4F8403373
:1013300013E0022001F05EFC0028F0D1032001F050
:1013400059FC0028EBD1042001F054FC0028E6D120
:10135000062001F04FFC0028E4D194F88934DA0724
:101360007FF5ECAB94F840240AB1032A1DD1384A2A
:1013700094F8141492F87820914205D29B0728D54E
:1013800094F82D34012B24D83248FCF707FC10B117
:101390003048FCF74BFCD4F8403323F02003C4F86A
:1013A0004033FCF739FFFFF7C9BB012A11D194F88C
:1013B0001524002A3FF4C2AB254A94F8141492F87D
:1013C00078209142E0D29F0703D594F84434002B53
:1013D000DAD194F8893400206FF3041384F8893447
:1013E00084F81504FDF7B0FFFFF7A8BB95F8D531D9
:1013F0005BB102231EA88DF87830FFF76BF9002847
:101400007FF429AC85F8D50125E495F8D6315BB198
:1014100003231EA88DF87830FFF75CF900287FF4CD
:101420001AAC85F8D60116E495F8D731002B3FF4B5
:1014300012AC04231EA88DF87830FFF74BF9002872
:101440007FF409AC85F8D70105E400BFAC64002047
:10145000F4670020E46500202DE9F04F07468DB0C9
:1014600018B903200DB0BDE8F08F00230361FDF72C
:10147000EBFC0546002873D13E460FCE564E97F83A
:10148000008097F90EB08DF8085007AC0FC4BB89E7
:10149000524C01931422294606F58860FCF7E7FCBC
:1014A000012286F8412494F8C021022A0BD194F835
:1014B000A821022A07D194F8AE2122B9B8F1010F70
:1014C00038BF4FF00108B8F1010F2CD0B8F1030F6D
:1014D0002DD0B8F1000F3BD19DF80820022161F317
:1014E00047129DF82090DDF824A08DF808200125F2
:1014F00094F88C108DF81610022205A994F8580063
:101500008DF8142002F04DFB94F8AA1140B202228B
:1015100059B394F8C01194F8AD31012922D10BBB15
:1015200045BB104654E09DF808200421D7E79DF8FC
:101530000830DDF820A09DF926B043F0E0038DF8D7
:101540000830BDF82430019301254FF00009CFE7A2
:101550004FF0000BD946CBE7002386F8163437E06E
:1015600001207FE7CDB9022032E0002DD9D05845C7
:10157000B8BF584694F88C308DF81000052294F8C6
:1015800058008DF8123004A902F06DFB00283FF4DA
:1015900068AF9DF8103084F84930D6F8E40438B1CB
:1015A000FCF70AFBB0F5FA5F84BF002384F84A30E9
:1015B000019B5246494602A8FDF702FF0028CBD105
:1015C00096F8893486F8408443F0010386F889341C
:1015D000D6F8E0343B6145E774620020F4670020F0
:1015E00037B50B4D8DF8040004460E2295F85800CF
:1015F00001A902F038FB40B1064A85F8AC4192F8E7
:10160000893443F0200382F8893403B030BD00BF31
:10161000F4670020746200202DE9F04F8BB047780A
:101620000093149B90F90C8090F90D6090F80E9047
:101630008B464168196004469246002F56D002231B
:101640008DF8103004A9C37B007C8DF8123002F0B5
:10165000A8FAB4F808C0618943B260689845454665
:101660006144B8BF1D46604534BF0027012788424A
:1016700009D30A218DF81010207C019304A902F0EF
:1016800090FA019B46B22089B4F80AC0616800EB69
:101690004C0E71451FD3091AB1FBFCF00CFB101165
:1016A000C9B998450ADC237833B10223207C8DF830
:1016B000243006A902F0BAFA4FF0010920238DF870
:1016C0001030207CE37B8DF8115004A98DF8123086
:1016D00002F067FA45B2009B8BF8005038468AF852
:1016E000006083F800900BB0BDE8F08F4546F2E74C
:1016F000024BD3F89C3003B118477047B86F0020F5
:10170000034A137843F002031370FFF7F1BF00BFE1
:101710007C700020034A137843F004031370FFF732
:10172000E7BF00BF7C7000201FB571B933238DF86F
:101730000830074B8DF80C00D3F8B43002A91878A4
:1017400002F02FFA05B05DF804FB2E23EFE700BF8F
:10175000B86F002010B5FCF725FA0A4C206404F19C
:101760005000FCF71BFA18B104F15000FCF75EFAC8
:10177000054A1378BDE8104043F001031370FFF7EA
:10178000B7BF00BFB86F00207C7000202DE9F04784
:1017900082460E4690461F46FCF704FA1C4B8146D3
:1017A00093E80300FCF7F6F84FF4FA33A9EB0000D6
:1017B000B0FBF3F403FB14041E2303FB0A9000F6B2
:1017C0004800051BA9450FD9241A03FB06F24C4417
:1017D000B4FBF2F40134E4B2664303FB065544451E
:1017E00004D30020BDE8F0870024F8E7094B93E814
:1017F0000300FCF7CFF8A0F6D630A842F1D3064B91
:10180000DB6D9847A5EB09052D1A3D600120E9E73E
:10181000D46F0020DC6F0020A41C030870B588B0D2
:10182000064615466846102200211C46FCF71FFBA1
:1018300010220DEB02000021FCF719FB04AB8C22F7
:1018400010216846CDE9006508F0ACF99DF811203B
:101850009DF8103003EB0223B3FBF4F204FB1233C8
:101860000C9A138008B070BD30B5B8B1044601447D
:1018700041F22105002014F8013B082280EA0320F0
:1018800010F4004F4FEA400302F1FF3218BF6B40E3
:1018900092B298B2002AF3D1A142ECD130BD00003F
:1018A00070B5134D81600023C3602B7B13F0120FC2
:1018B00086B004461AD030238DF81030D5F8B430F5
:1018C00004A9187802F06DF9D5F8B820B5F9486088
:1018D000136803900146D5F8B4001279007800949B
:1018E000B34238BF334649B202F017FA06B070BDB2
:1018F000B86F00202DE9FF4105460F46164632BB62
:101900003523DFF854808DF80830D8F8B43002A9B8
:10191000187802F046F9C4B2012C019019D932238B
:101920008DF80830D8F8B43002A9187802F039F9E7
:1019300005EBD711B1FBF4F304FB131454FA80F058
:101940003146C0B2FFF7F0FE04B0BDE8F0813123AC
:10195000D7E70020F4E700BFB86F0020F0B50646D7
:101960001B4D85B01746084661B301210020FFF7E3
:10197000DBFE184B1B681A7BD107044648BF1C6965
:101980002B7B1A0708D56FF3C30395F838002B7328
:101990000121FFF7C9FE0446CDE90264D5F8B43051
:1019A000D5F8A420ADF804701878043201A902F02B
:1019B00069FBD5F8A030D5F8A420DC6012791A7440
:1019C00005B0F0BD696901228031FFF793FFD0E7D0
:1019D000B86F0020B46F00207FB5174D174B184C1F
:1019E00028680026182231461E60FCF740FA0C22B7
:1019F00031462046FCF73BFA4022314604F10C0008
:101A0000FCF735FA0F4B2361D4F898300BB19847A7
:101A1000206134238DF80830D4F8B43002A9187846
:101A200002F0BFF82A68002310725372A4F84C30F9
:101A300084F84E3004B070BDB46F00207C7000207C
:101A4000B86F00200000C8412DE9F8430F4E3368FD
:101A50001D7BD3F810901C78D3F8048093F908709C
:101A6000FFF7BAFF33681A7B1F7205F0010565F3B3
:101A700000021A731A78C3F81090C4F3400464F398
:101A800041021A70C3F80480BDE8F883B46F0020E7
:101A900073B5044672B303C9174E184B86E80300AA
:101AA0001A600FCC06F108050FC50FCC0FC52368CF
:101AB0002B6000242246124B00944FF0FF31A6F118
:101AC0004800FCF751F822460E4B00944FF0FF31CE
:101AD000A6F13000FCF748F80B4B009422464FF07B
:101AE000FF31A6F11800FCF73FF802B0BDE87040E6
:101AF000FFF772BF02B070BD50700020B46F0020BD
:101B0000551702080117020815170208014B83F840
:101B10004D007047B86F0020014B83F84E007047AE
:101B2000B86F00202DE9F0476F4F8CB02F238DF850
:101B30001830D7F8B43005460E46187806A902F0DA
:101B400030F897F84C300590092B3C4604D0387B90
:101B500010F0100000F0C2809DF81430B34240F045
:101B6000B2809DF815702846791DFFF77DFEEA19B1
:101B70009179537943EA0123834240F0B280EB5DCF
:101B8000D4F8A01059484B75C35CA4F8483053787A
:101B90006361907843EA00236361D07843EA0043AD
:101BA0006361127943EA02636361514A002323832C
:101BB0000B1D92E8030083E803004FF001099DF834
:101BC000161007F10E0807F1070A884405EB0A0012
:101BD0000731FFF749FE05EB08035A7815F808307E
:101BE00043EA022383420BD1D4F8A00015F80A304F
:101BF000837507F10801062229441730FCF723F901
:101C0000B9F1000F5FD030238DF81830D4F8B4301C
:101C100006A9187801F0C5FF36238DF81830D4F8DE
:101C2000B4308DF81900059006A9187801F0B9FFB5
:101C300037238DF81830D4F8B4300590074606A93C
:101C4000187801F0AEFFF6B202962A4E05900123F5
:101C500000250A22CDE900230146766A03953A461B
:101C60001846B0474FF47A73B0FBF3F3C3EB43125B
:101C700003EB8202A0EBC2001F4AADF8240012E978
:101C8000030082E803001D49E0690144E16109990C
:101C900000910AAE06CA3046FBF7DFFD96E8030066
:101CA000FBF714FE237B23F0030343F003032373AA
:101CB00008232386E380022363632846052384F8F0
:101CC0004C30FFF747FD94F84C30092B05D1022327
:101CD000002084F84C30FFF73DFD01200CB0BDE83A
:101CE000F0874FF000096AE7B86F0020E81D03088D
:101CF000CC6F0020A41C0308D46F0020803DD512B7
:101D0000064B1A7BD20606D493F84C00A0F10903C7
:101D10005842584170470120704700BFB86F0020FB
:101D2000034B93F84D00C31E58425841704700BF03
:101D3000B86F0020034B93F84E00C31E5842584121
:101D4000704700BFB86F0020024B187BC0F3001033
:101D5000704700BFB86F002008B50A4A58B9137B16
:101D60005B0706D5FFF7F0FF18B9012382F84C3066
:101D700008BD0023FAE792F84C30012B88BF82F8A7
:101D80004C00F5E7B86F0020034B93F84C00012896
:101D900001D0FFF7D9BF7047B86F0020054B1A7B01
:101DA000D20705D493F84C00431E5842584170475F
:101DB00001207047B86F0020064B1A68802343FA51
:101DC00000F050704FF48053C0B2B3FBF0F050807D
:101DD000704700BFB46F00200B4B93F84C20062ACD
:101DE00011D11A7B42F020021A7392074FF00501BD
:101DF00058BF04224FF0000083F84C1058BF83F8FE
:101E00004C20FFF7A7BC7047B86F00200378452B24
:101E100001BF034B1B681B7A03710220704700BF90
:101E2000B46F00200378452B02BF044B02791B6876
:101E30004FF0020008BF1A72704700BFB46F002055
:101E400008B50C2000F0D6FE48B10C21002000F0AF
:101E5000A5FE034B1A68137843F00103137008BD05
:101E6000B46F00202DE9F341204E0546884629B382
:101E7000D6F8B43001911878002201A901F0F3FEE0
:101E80000028074619BF0324074601270224D6F875
:101E9000B83093F831308DF805306DB2D6F8B430E3
:101EA0008DF804501878072201A901F0DCFE40B932
:101EB00004F0FD04204602B0BDE8F0810F46032483
:101EC000E5E7032C0FD10A4B1A68137837B143F0BA
:101ED00002031370C2F804801572EBE767F3410345
:101EE00013705760F8E70224E4E700BFB86F0020E2
:101EF000B46F002073B51E23194C43430D201646C2
:101F0000E36384F8381000F075FE90B1E16BB1F531
:101F1000FA3F10D90023E36384F838300D210F20F5
:101F200000F03CFED4F8A830E26BDA6094F8382078
:101F30001A7402B070BD237B6D4623F00C0343F08E
:101F40000C03314428462373FBF744FD95E8030056
:101F500004F1240383E803000D210020E0E700BF23
:101F6000B86F00202DE9F04389B004AF3846FBF785
:101F7000D5FC049C97E80300FBF70CFD24F07F08D8
:101F800008F1800300250493ADF81450214CADF8FE
:101F90001C50814697E8030004F1240686E80300FC
:101FA000079B009302AF96E8060080233846FBF7B4
:101FB00070FC97E8030004F11C0383E80300092088
:101FC00000F018FE10B396E80300FBF7E3FC484569
:101FD0000AD2E56125846562258509210F2009B0B3
:101FE000BDE8F04300F0DABD237B96E8030043F040
:101FF00004032373FBF7CEFC074B2583A0EB0900FA
:102000004344E063636109212846E8E709B0BDE87D
:10201000F08300BFB86F002080C22AED13B50446DC
:1020200090B10D4B0190D3F8B4300022187801A97B
:1020300001F019FE30B1094B1B681A7B1C6142F09C
:1020400001021A7302B010BD044B1B681A7B60F3C7
:1020500000021A730120F5E7B86F0020B46F00206A
:1020600070B50546FBF79EFD104E0446D6E9090102
:10207000FBF790FCD6F8B810D1E903310B44C3F15B
:102080007F4303F57F0303F5744348335B1B03442D
:102090009C4208D300F6480240F64803A2428CBF97
:1020A0001846002070BD0020FCE700BFB86F00207C
:1020B00007B50E48FBF772FD10B10C48FBF7B6FDF3
:1020C0000B48FBF76BFD10B10948FBF7AFFD01A80A
:1020D000E6F702FA074A137823F00603137001A803
:1020E000E6F7FCF903B05DF804FB00BF20700020A8
:1020F000387000207C70002013B5134C237BDB0765
:102100001FD594F84C3003F0F703022B02D10020C6
:10211000FFF720FB01A8E6F7DFF90C4B1A7801A8BE
:102120006FF300021A70E6F7D9F90948FBF736FD9C
:1021300010B10748FBF77AFD062384F84C30FFF70F
:10214000B7FF02B010BD00BFB86F00207C70002048
:1021500008700020012810B504460DD10A4B1B7BE6
:10216000DB070FD5094B1B681B7813F0010F0CBF61
:1021700002240024204610BD20B9FFF7BDFFFFF761
:1021800063FCF7E70224F5E7B86F0020B46F002086
:1021900038B5104B1B681B78DB0719D50E4C002592
:1021A000012104F1680084F84D50FBF7C9FD04F1EA
:1021B0006800FBF78BFD04F18000012184F84E508C
:1021C000FBF7BEFD04F18000BDE83840FBF77EBDA3
:1021D00038BD00BFB46F0020B86F00202DE9F74371
:1021E000214D8846074695E803001646FBF7D2FBCB
:1021F0004FF4FA33301AB0FBF3F403FB14001C1A4B
:10220000E94631194846FBF7E5FB99E80300A0458C
:1022100005F1080538BFA4EB080485E80300134D59
:102220002644EE62FFF7B4FF2B7B13F0200F2B4602
:102230000CD1D5F8A0200A2111705770D5F8AC1038
:102240000A7822F0180242F018020A701A7B6FF323
:1022500045121A7340F6B8339C4288BFA4F6B834CE
:10226000204603B0BDE8F083D46F0020B86F002093
:1022700050B1428C8023134180F828304FF48052B3
:10228000DBB2B2FBF3F34385704700000C4BD3F88D
:10229000B0201268824210B503D10A4B1B685972F4
:1022A00010BDD3F8BC3003F1C00223B15C68844296
:1022B00008BF83F82E1030339342F6D1F0E700BF09
:1022C000B86F0020B46F00202DE9F04188B002A85B
:1022D000E6F702F9AB4B1C68002202A81A60E6F789
:1022E000FDF8002C00F06182E307E6B25BD5A64C56
:1022F00094F84C30256C0A2B00F27981DFE813F05A
:10230000AD000B00C6007701E400FC007701190165
:10231000380177015601237B13F0100804D09B4B42
:10232000DB6A98470A2394E00821022213F0040391
:102330002186E180626300F0898003A8FFF7B0FA8C
:10234000E16B21B3FBF72EFC914F054697E80300A4
:10235000FBF720FB854212D297E80300FBF71AFB3C
:10236000069B451BAB4200DA1D440023E36329466C
:102370008848FBF7E5FC8748FBF7A8FC13E0237BC4
:1023800084F84C8023F00C0323730125EDE7237BB5
:10239000BDF8142023F0140343F01003237340F618
:1023A0004800FFF7DBFAB10740F17581764B93F8EF
:1023B0004D100022012903921C4613D0022900F07F
:1023C0001A81002940F0E181734BD4F8B0201B68DA
:1023D000201D5B88009012686069FFF71FFA0123D7
:1023E00084F84D306C4DA088296803AB4A78498841
:1023F000FFF7CCF9002800F04E81237B9A071AD50D
:10240000D4F8B820B4F9487013682968D4F8B40037
:10241000624D127991F9081000780095BB4238BFDF
:102420003B4601F07AFCAB68039AE380EB68934289
:10243000BCBF9B1803930223039984F84D3058487E
:10244000FBF77EFC5648FBF741FC24E163622385E1
:10245000E36384F84C30012589E7237B13F01005F2
:102460007FF45DAF0821022243F0100303A8218608
:10247000E18062632373FFF713FA2846BDF8142046
:102480000121FFF76BFA4FF4FA3570E76369803387
:10249000636100232383636B5B00B3F5807F88BF98
:1024A0004FF480736363238E5B009BB2FF2B88BF66
:1024B000FF232386E3885B009BB21E2B88BF1E236D
:1024C000E380042384F84C30237B6FF341032373B0
:1024D000344B93E80300FBF75DFA334B281A98421C
:1024E0003FF620AF2A46616B0E20FFF777FE0546C8
:1024F000072384F84C303AE7237B2A466FF3041312
:1025000000210D202373FFF769FED4F8AC301B784F
:102510005F070546ECD50B2000F06CFB0028E7D0E8
:102520000B21002000F03AFBD4F8A83000225A60BA
:10253000DEE7D4F898300BB198472061134BE76A77
:10254000DB6D98473F1AFBF72DFB218E054603A84C
:10255000FFF7A6F9AF4209D9082384F84C30069B4F
:102560007D1BAB42BFF603AF1D4400E7042370E7B9
:10257000092384F84C30FFF79BFDBDF8142000219F
:102580000DE700BF7C700020B86F0020A41C03087A
:10259000DC6F002008700020B46F002094700020D1
:1025A00020700020D46F002000DD6D00D4F8AC3026
:1025B0001A78500712D50B2000F01CFB18B10B2124
:1025C0000F2000F0EBFAFFF773FDFFF73DFAD4F8A8
:1025D000AC20137843F010031370E4E6D4F8A02085
:1025E0000E2111801A7842F008021A70EBE70023DE
:1025F00084F84C30D7E698490B681A7812F002023A
:10260000884600F0B4805F68A36843B1D8F8002022
:1026100093F82E30527A9A428CBF0023012394F80B
:102620004E20032A0FD1002B00F0AB808B4B1B6B8D
:10263000984700238A4884F84E301E21FBF780FB20
:102640008748FBF743FB032384F84D30D8F800306C
:10265000844D1B7A6B70D4F8B8306F6093F83130CA
:102660002B740423AB740027D4F8C0306F741B782C
:10267000EB74D4F8A420D4F8B43004321878294686
:1026800001F075FB754B6A7C5B6B002A77D1D4F83F
:10269000B82090689847730740F18780724CD4F84F
:1026A000BC60002203922546002E7ED094F84E3066
:1026B000032B7AD0012B17D0022B69D0002B40F0CE
:1026C000C78006F1C004737843B106F12C02738D04
:1026D0000092726868690021FFF7A0F83036A642C0
:1026E000F1D1012385F84E30D5F8BC400026AE600C
:1026F00004F1C00763786BB194F82820618DA08D38
:1027000003ABFFF743F828B1039B0EB1B34201D2EC
:102710001E46AC603034BC42ECD1AB68002B44D0D8
:102720002B7B524C13F0020F14D0D5F8B8204A4935
:102730001368B5F948700968D5F8B400127991F9B1
:10274000081000780094BB4238BF3B4601F0E5FA20
:10275000A368EB80E368B342B8BFF618022385F89C
:102760004E3031463E48FBF7EBFA3D481BE0D4F8CB
:10277000B03061691868FFF7BDF8074644E738468E
:1027800088E784F84D301E2159E683F84D2082E712
:10279000A3686BB9012104F1800084F84E30FBF787
:1027A000CFFA04F18000FBF791FA08B0BDE8F081A0
:1027B000DE692EB9324661695868FFF79BF8064614
:1027C00095F84D30032B15D1234BAA681B6892F85E
:1027D0002E205B7A9A424FF0000435D21F4B1B6BC0
:1027E0009847234885F84D401E21FBF7A9FA204859
:1027F000FBF76CFA032385F84E30AB681B4C93F85B
:1028000020306370D5F8B830666093F831302374A7
:102810000523A3740026D5F8C03066741B78E374D2
:10282000D5F8A420D5F8B43004321878214601F048
:102830009EFA0A4B627C5B6B22B9D5F8B82090688F
:102840009847B2E73046FBE785F84E401E2189E7FE
:1028500084F84E20A9E700BFB46F0020A41C030831
:102860003870002094700020B86F00208070002025
:102870002070002001280CD00538C0B21B2807D8D2
:102880000123834003481840003818BF01207047D7
:10289000002070477910000810B5054C4FF4037202
:1028A00020460021FBF7E3FA0020C4E9000010BD38
:1028B000A87000202DE9F04781461746002947D02F
:1028C000284B002603F1010C1A463001103312F890
:1028D000018FB8F1000F3ED19A42F8D1224C236803
:1028E0000BB9C4F800C063680BB1C3F800C023186B
:1028F000002501369D6083F80C900D303301BAB28B
:102900002044E750C4F804C0FBF79DFA484609F19B
:10291000FF395FFA89F9FFF7ADFFB9F11F0F98BFD3
:10292000124DD4F8082204EB061A98BF25FA09F5CF
:1029300004EB061602F1010298BF05F001051744E9
:102940008AF804007571C4F808724046BDE8F08743
:102950004FF00108F9E70136202EB3D14FF00208FD
:10296000F3E700BFAF700020A870002001040080D2
:1029700010B510B3124B1A68904204D102681A6065
:10298000002204E00A4612B111688842FAD159685F
:10299000884208BF5A600AB101681160D3F8082262
:1029A0008168013A0024521A04602146C3F80822C3
:1029B0001022FBF75CFA204610BD0120FCE700BFA7
:1029C000A8700020054B1B6813B11A798242FAD116
:1029D000002B0B600CBF032000207047A870002064
:1029E00010B5054B186800B910BD037B04680BB91E
:1029F000FFF7BEFF2046F6E7A870002038B50C4B65
:102A00000C4C196809B9084638BD0A790D6810469A
:102A1000FFF730FF50B1013AD2B21F2A03D824FA8F
:102A200002F2D30702D40846FFF7A2FF2946E9E7DE
:102A3000A87000200104008028B1044BD3F80832AC
:102A40000360002070470120704700BFA87000207D
:102A50002DE9F04107460E46154632B329B3144B13
:102A60001C6800232CB93046FFF7E6FF0020BDE8C4
:102A7000F081A268F91A013291420FD32279EA5407
:102A8000581C22895FFA80F8611D55FA80F0FBF727
:102A9000DAF9A36824684344DBB2E3E720462468FC
:102AA000FFF766FF002CF9D1DDE70120DFE700BF6B
:102AB000A87000200138C0B21F289ABF014B185CD3
:102AC00000207047EC1D030830B50C4B93F8202014
:102AD000044608467AB100211C33CDB2AA4201D87F
:102AE000002030BD0578A542FBD098420CBF0448B9
:102AF00004300131F1E71046F3E700BFB472002063
:102B0000C072002010B5084C00232060142204F18C
:102B10000C00FF2184F82030C4E90100FBF7A7F97D
:102B2000012384F8213010BDB47200200F4B93F8BC
:102B30002020042A17D89A680178117041785170C2
:102B4000C178D1708178917093F82010013183F8A9
:102B5000201003F11C018A4214BF043203F10C025D
:102B60009A60012070470020704700BFB4720020B7
:102B7000094B93F8200068B15A6803F11C018A429E
:102B800000F1FF3014BF043203F10C0283F820007F
:102B90005A600120704700BFB472002010B5074B87
:102BA00093F820200446084632B15968FFF78CFF9D
:102BB00010B101234470837010BD00BFB4720020B7
:102BC00030B50A4A92F82010536882F8210061B1AA
:102BD000916801241C32DD78587005B99C709342CD
:102BE0000CBF034B04339942F5D130BDB4720020C1
:102BF000C072002008B5044B5968FFF765FF003824
:102C000018BF012008BD00BFB47200202DE9F341B8
:102C10000422154D044600210DEB020095F820809A
:102C2000FBF725F90026F3B2984502D802B0BDE8BB
:102C3000F0816B68197821705A7862709F785FB163
:102C40002B6820469B689847FFF792FF17B901A8A9
:102C5000FFF76CFF0136E6E7DB788DF804108DF89E
:102C600005208DF80730EFE7B4720020014B93F890
:102C700020007047B4720020034B93F82000042812
:102C800094BF002001207047B4720020013806284C
:102C900023D8DFE800F0040A0E12161A1E00104BAB
:102CA0001B681B690B60002070470D4B1B685B693C
:102CB000F8E70B4B1B689B69F4E7094B1B68DB6962
:102CC000F0E7074B1B681B6AECE7054B1B685B6A68
:102CD000E8E7034B1B689B6AE4E70520704700BFE9
:102CE000D8720020F0B50D4685B006461F46114645
:102CF00082B300240628CDE90144039423D0072899
:102D000026D005284FF0010419D08DF800402B0A79
:102D10008DF80150082201A82D0C8DF802308DF895
:102D20000350FBF79AF8324621466846ADF80C701E
:102D300006F0BBFF002818BF0E2005B0F0BD03232E
:102D40008DF80030E3E704238DF800300124DEE73E
:102D50000223F5E70920F0E71FB507284FF000042C
:102D6000CDE902440CBF022401248DF800408DF807
:102D700001100C0AADF80420090C120C8DF8031098
:102D80008DF806208DF8073002461B0A012168469F
:102D90008DF802408DF8083006F087FF002818BF34
:102DA0000E2004B010BD2DE9F04188B017460D4645
:102DB0000F9A064600284DD000240121CDE9044495
:102DC0008DF810109DF838108DF81510ADF81630EC
:102DD000190CCDE900441B0ECDE902448DF81930E1
:102DE000ADF81A20130C120E07948DF818108DF8F8
:102DF0001C308DF81D20E3B24FEA0318002D5FFA56
:102E000088F803DC002008B0BDE8F0810133102110
:102E10008DF81F303A466B460DEB010006F0C2FEFE
:102E20000346C8B9102DAC46A8BF4FF0100CDAB25B
:102E3000624503F1010303DB103D2DB20134DAE7F3
:102E400008A908EB02000A44315C12F8202C4A4021
:102E50003254ECE70920D6E70E20D4E7F0B5002481
:102E600089B006462948DFF8A8C00068CDE90444C7
:102E7000CDE90044CDE90244CDE9064401248DF8B2
:102E8000104000686045DDE90E5708D9A34204D917
:102E9000022B22D0082009B0F0BD8DF814400B0C95
:102EA0008DF818302B0C8DF81C30194BADF816101E
:102EB00098424FEA1161ADF81A5088BF01234FEADA
:102EC00015658DF815208DF819108DF81D5088BFE7
:102ED0008DF81F3026B90020DDE78DF81430DEE7CD
:102EE00010216B4606220DEB010006F05BFE58B97F
:102EF00008AB1A183B5C12F8202C53403B54431C7F
:102F0000D8B2B042F4D3E6E70E20C4E7D87200206E
:102F1000000001011FB500237F2208216846CDE98A
:102F20000033CDE9023306F0C0FE002818BF0E20A2
:102F300005B05DF804FB00002DE9F043C5B0DDE904
:102F40004C650C4690461F468146002849D0B1F595
:102F5000807F48D84FF4887200216846FAF787FFCF
:102F600049238DF80030BFB3204B1B68DB688DF818
:102F70000130C3F307238DF802304FF48072ADF8AF
:102F80000420320C8DF808202A0C0023ADF80660CE
:102F9000ADF80A508DF80C204946224604A8360E9A
:102FA0002D0E8DF803308DF80E308DF809608DF8F8
:102FB0000D508DF80F40FAF746FF04F110014E9ABC
:102FC000434689B2684606F0D7FD10B1012818BF04
:102FD0000E2045B0BDE8F0838DF801708DF80270C9
:102FE000CBE70920F5E70D20F3E700BFD8720020FA
:102FF00070B586B00C46DDE90A651346014630B36C
:10300000B4F5807F25D84922300C02920022ADF819
:103010000C208DF810008DF81620280C0C9AADF8B5
:103020000E60ADF812508DF814000092360E2D0E81
:10303000224602A88DF811608DF815508DF81740C2
:1030400006F094FD002818BF0E2006B070BD0920C0
:10305000FBE70D20F9E7000010B5A8B10B4C3822B2
:1030600000212060FAF703FF2368094A1A60002054
:103070004FF0FF32C3E90302C3E90522C3E9072287
:10308000C3E909221A6310BD0820FCE7D8720020AA
:1030900000010101024B1B6818600020704700BF4F
:1030A000D872002030B1044B1B68DB680133036029
:1030B0000020704709207047D872002013B5002304
:1030C0000C460193D2B101A9FFF7E0FD18B9019BAD
:1030D000591C02D1146002B010BD99B2611A0029C6
:1030E00002DD0B441360F6E702D113600720F2E71C
:1030F0001B0C1B0403F580332344F3E70920EAE7A4
:1031000079B1082803D0092807D005207047064B5D
:103110001B8801330B8000207047044B1B689B8D7C
:10312000F7E70920704700BFDC720020D87200204A
:1031300080B1094B1B6803F11C02426203F12002BB
:10314000426503F124022833C0F88420C0F8B4306B
:103150000020704709207047D872002030B504461F
:1031600087B0002847D0264B1A68938801339BB25A
:10317000938000F10E05C3820023CDE90233CDE92F
:1031800004330822062329460DF109008DF8083082
:10319000FAF763FE0222012102A806F086FD90B92B
:1031A000CDE90200CDE904000523082229460DF1EE
:1031B00009008DF80830FAF750FE0322012102A819
:1031C00006F073FD10B1122007B030BD204600F0AC
:1031D000CEFB08B11020F7E704F118030093216833
:1031E0000123132206F0C2FC38B9204600F0BFFBD1
:1031F0000028E9D0EEE70920E6E70E20E4E700BF6B
:10320000D872002037B50446F8B1134D2B689A8D5B
:103210004FF6FF739A421AD000F0DDFB10B1102078
:1032200003B030BD04F11C03009321680223142273
:1032300006F09CFC68B9204600F0CDFB0028EED1DA
:103240002A68938D01339385EAE70920E8E7112086
:10325000E6E70E20E4E700BFD872002037B5044649
:10326000E8B1124D2A884FF6FF739A4219D000F048
:10327000EAFB10B1102003B030BD04F11403009339
:10328000216805230F2206F071FC60B9204600F08A
:10329000DAFB0028EED12B8801332B80EBE70920E5
:1032A000E9E70420E7E70E20E5E700BFDC72002035
:1032B0002DE9F04F04468BB0884617461E46002B7A
:1032C00048D05E4D2B68DB68834200F2B48096F8EC
:1032D0002020002A14BF07220622834206D330464C
:1032E00000F0E9FB034608B310201CE00023019026
:1032F0000093B36896F82810706AFFF754FD90B9F0
:103300002B689B78012BEAD106F1100396F80CC0CC
:10331000CDE9004302460346B1680CF00F00FFF709
:103320009DFD0028DBD00BB0BDE8F08FD5F80090F4
:1033300096F804C099F802A03068B6F808E0B268C0
:10334000ACF1040CBAF1010F1FFA8CF168D1CDE990
:10335000043308B90920E6E7B1F5807F01D90D20D3
:10336000E1E796F80CA08DF81C701AF0200FCAF354
:1033700040131CBFD9F830308DF819304FEA12478E
:1033800018BFC3F307234FEA126208BF8DF8193044
:103390008DF81A308DF821200023220C8DF81D3075
:1033A0008DF824208DF82630220E04AB4FF0490B07
:1033B0008DF8252000930A460523014606A88DF8BE
:1033C00018B08DF81B80ADF81EE08DF82070ADF8B8
:1033D00022408DF827C006F0C9FBF8B905AA337B57
:1033E0003179CDE90142B268009204393068C3F303
:1033F0004013042289B2FFF7FBFD002893D1BDF8EA
:103400001030059A43EA0243F362304600F053FB62
:1034100000287FF469AF2B68DC6084E70E2082E728
:1034200006F12C070092CDE901470622FFF7E0FDE7
:103430000028EAD077E7062075E700BFD8720020A1
:103440002DE9F04F89B08246129E894617461C46E8
:10345000002E00F09680002307A910460793FFF77F
:1034600015FC20B10625284609B0BDE8F08F079B62
:103470009C4201D80133F5D1304600F01DFA0028F6
:1034800040F08180414B1A4613F82010514504D179
:10349000B3684B4506D00225E5E701300528F3D196
:1034A0000B25E0E7DFF8E8B0337BDBF8001002EB38
:1034B0008000897842780592F26A00293179CDF846
:1034C0000090CDE90142A1F1040182783068C3F394
:1034D000401389B208BF0023FFF72EFDD8460546EA
:1034E0000028C0D196F820300194002B4FF0010342
:1034F0000093059A96F82810706A4B4608BF06227A
:10350000FFF751FC05460028ADD1DBF800309A7872
:10351000012A08D0013F062FA5D8DFE807F0151AC9
:103520001E22262A2E00BAF1040FF3D1307B10366A
:10353000CDE900463B46494600F00F00FFF78EFC00
:103540000028E7D005468EE7D8F800301C611C63E0
:1035500089E7D8F800305C61F9E7D8F800309C6161
:10356000F5E7D8F80030DC617DE7D8F800301C6260
:1035700079E7D8F800305C6275E7D8F800309C62D3
:1035800071E709256FE70F256DE700BF800E00206A
:10359000D87200201FB5B1B90128CDE9001108BFCC
:1035A0002023CDE902114FF008024FF000016846D8
:1035B00008BF8DF8003006F078FB002818BF0E20F9
:1035C00005B05DF804FB0A20FAE7000038B50546AF
:1035D00006F066FB044650B955B9064B1B68014618
:1035E0009878FFF7D7FF10B9FFF794FC00B10E24CD
:1035F000204638BDD87200202DE9F04304468FB034
:1036000089461646002A00F0B080002900F0AD80FF
:1036100000251D22294606A80595E5F71DFB584AF9
:103620008DF813501368FF2C9F88904605D014F036
:10363000FD0F0ABF534B9F8D1F880DF1130305AD7E
:10364000029301953379009333683A464946204600
:1036500006F047FB002840F08A803068327929461E
:10366000FAF7F1FB304600F0D9F8002840F08180ED
:10367000357AF2799DF81300B3792D0445EA0225D5
:10368000D8F80020012845EA0305936846D1AB42EB
:103690002CBF00230123002B6DD095600021FFF784
:1036A00079FF0446002835D1FFF734FC044688BB77
:1036B0009DF81330012B35D13B464A46294604205C
:1036C000FFF710FB002858D13B464A462946052003
:1036D000FFF708FB002850D13B464A462946062002
:1036E000FFF700FB002848D13B464A462946072001
:1036F000FFF7F8FA002840D1D8F800309DF81320E1
:1037000020499A7000220A80DA604FF0FF32C3E944
:1037100004229A6120460FB0BDE8F0835B1B18BFFE
:103720000123B8E7727AB37AF67A360446EA0326BA
:1037300016433B46324629460720FFF70DFBE0B90A
:103740003B46324629460620FFF706FBA8B93B4612
:10375000324629460420FFF7FFFA70B93B4632464D
:1037600029460520FFF7F8FAC4E70924D2E70E241A
:10377000D0E70F24CEE70324CCE70446CAE700BF16
:10378000D8720020DC72002070B588B0002940D0CB
:10379000214C002214F8223083422CD10023CDE9A1
:1037A0000133CDE9053304EB82040393079301232E
:1037B000C1F30720CDB28DF80030C1F30743090EE5
:1037C0008DF802008DF8041002268DF812008DF895
:1037D00014106278E1788DF8015068468DF8033056
:1037E0008DF810608DF811508DF8133006F05DFAE9
:1037F00038B10E2003E00132052ACBD10B2008B0EE
:1038000070BDA278E17804A806F04FFA0028F6D03F
:10381000EFE70920F3E700BF800E002010B5044653
:10382000002845D00168002942D011F8013B4371BE
:1038300003220630FAF707FB2046032250F8091B43
:103840000431FAF700FB2168CB79E3600A7A43EA96
:103850000223E3604A7A43EA0243E3608A7A43EA56
:103860000263E360CB7A23740B7B63742379212B8F
:103870001AD110220D3104F11200FAF7E4FA1D22D8
:103880002168501C8B5C6362085C43EA0023901C37
:103890006362085C033243EA004363628A5C43EA82
:1038A00002636362002010BD112B03DC0D22E7E7E9
:1038B0000220F8E70120F6E710B50446002854D0AE
:1038C0000168002951D00B7843714B7883608A7866
:1038D00043EA02238360CA7843EA024383600A7999
:1038E00043EA026383604B7903738B79C381CA799E
:1038F00043EA0223027BC38102F00F020831103039
:10390000FAF7A1FA237B002203F00F0384F82020AA
:1039100084F82820227903F10800111A04290DDD0A
:1039200021680933043AD21A085C84F82000D2B224
:10393000606A84F828201944FAF785FA2379226806
:103940001A44002012F8043CE36212F8031C43EA14
:103950000123E36212F8021C43EA0143E36212F816
:10396000012C43EA0263E36210BD0220FCE710B5BC
:10397000044660B3036853B30279162A29D9427901
:103980001A700146082251F8060B0130FAF765FA61
:103990002146082251F80E0B0930FAF75EFA236827
:1039A000E28A5A74E38A22681B0A93742368A26924
:1039B000DA74A36922681B0A13752368628B5A752F
:1039C0002368E27E9A7517232371002010BD012021
:1039D000FCE70220FAE710B5044600282FD0036860
:1039E0006BB30279172A2CD942791A70036882794D
:1039F0005A700146082251F8070B0230FAF72DFAE7
:103A00002146082251F80F0B0A30FAF726FA2368EC
:103A1000228B9A74238B22681B0AD3742368E26971
:103A20001A75E36922681B0A53752368E28B9A753D
:103A30002368E27FDA7518232371002010BD01206E
:103A4000FCE70220FAE710B5044600282FD00368EF
:103A50006BB30279122A2CD942791A7003688279E1
:103A60005A700146032251F8070B0230FAF7EBF9BE
:103A70002146082251F80A0B0530FAF7EEF92368BF
:103A8000628A5A73638A22681B0A93732368626985
:103A9000DA73636922681B0A13742368E28A5A7412
:103AA0002368E27D9A7413232371002010BD012046
:103AB000FCE70220FAE738B50446002863D0016825
:103AC000002960D0037B90F8282003F00F03002A20
:103AD00057D10833207904321344984255D363797F
:103AE0000B702368A2685A70A36822681B0A93703F
:103AF00023686289DA702368E27A1A712368227B6C
:103B00005A712368E2899A71E38922681B0A214667
:103B1000D371227B51F8100B02F00F020830FAF734
:103B200092F9237B94F8282003F00F0303F1080592
:103B30002AB1226894F82010515503F10905206834
:103B400094F82820616A2844FAF77DF994F828301F
:103B50002268E16A2B44D1545A1CE16A206892B26F
:103B6000090A81549A1C2168E08D92B28854DA1CAB
:103B7000216894F82F0092B20433885423710020F6
:103B800038BD0933A6E70120FAE70220F8E701284B
:103B900005D9053805288CBF002001207047012079
:103BA0007047034682B008460A2B1FD8DFE803F0AF
:103BB00006091E1E1E0C0F1215181B0002B000F085
:103BC000C9BA02B001F04CB802B002F0C7B802B0F6
:103BD00003F000BB02B002F0E5BD02B005F0F2B99F
:103BE00002B004F0F1BC02B004F016B8002002B03C
:103BF0007047034608460A2B17D8DFE803F006088B
:103C00001616160A0C0E1012140000F05FBB01F01D
:103C1000D9B802F035B903F071BB02F055BE05F01A
:103C20006FBA04F067BD04F089B8704703460846D0
:103C30000A2B17D8DFE803F006081616160A0C0E32
:103C40001012140000F05EBB01F0D8B802F034B9D5
:103C500003F070BB02F054BE05F06EBA04F066BD0E
:103C600004F084B870470346084611460A2B17D85B
:103C7000DFE803F006081616160A0C0E10121400E0
:103C800000F09CBB01F044B902F07CB903F0B8BB72
:103C900002F092BE05F0DABA04F09CBD04F0D8B888
:103CA00000207047034608460A2B17D8DFE803F0C8
:103CB00006081616160A0C0E1012140000F00ABFA1
:103CC00001F04EB902F0B0BC03F0E8BE03F0BAB99F
:103CD00005F0E0BA05F0B8B804F0E6B8704703465E
:103CE00008460A2B17D8DFE803F006081616160A4E
:103CF0000C0E1012140000F08DBB01F071B902F02F
:103D000069B903F099BB02F07DBE05F003BB04F076
:103D100083BD04F0EFB80020704710B40446084695
:103D200011461A46019B0A2C1FD8DFE804F0060949
:103D30001E1E1E0C0F1215181B0010BC00F088BBB5
:103D400010BC01F083B910BC02F062B910BC03F0E2
:103D500091BB10BC02F074BE10BC05F017BB10BCC8
:103D600004F078BD10BC04F0F5B810BC70470346F1
:103D7000084611460A2B17D8DFE803F00608161686
:103D8000160A0C0E1012140000F094BB01F08AB950
:103D900002F070B903F09ABB02F084BE05F022BBBA
:103DA00004F08ABD04F00EB90020704710B4044638
:103DB000084611461A460A2C1FD8DFE804F0060907
:103DC0001E1E1E0C0F1215181B0010BC00F0E0BBCD
:103DD00010BC01F0B3B910BC02F0BAB910BC03F0CA
:103DE000C5BB10BC02F0CCBE10BC05F047BB10BC7C
:103DF00004F0D0BD10BC04F029B9002010BC7047FD
:103E000030B40546084611461A46DDE902340A2D4B
:103E100027D8DFE805F0060A2626260E12161A1EF7
:103E20002200029430BC00F02FBC029430BC01F0A0
:103E3000EBB9029430BC02F007BA029430BC03F034
:103E400013BC029430BC02F017BF029430BC05F0E2
:103E500093BB029430BC04F019BE029430BC04F051
:103E60005DB9002030BC7047034608460A2B17D8BE
:103E7000DFE803F006081616160A0C0E10121400DE
:103E800000F0BABC01F0CEBA02F08CBA03F09ABCD2
:103E900002F0A4BF05F070BC04F0A6BE04F034BA72
:103EA0000020704708B5034608460A2B27D8DFE8EC
:103EB00003F0060A2626260E12161A1E2200BDE858
:103EC000084000F045BEBDE8084001F0D1BABDE8A9
:103ED000084002F0E7BBBDE8084003F01DBEBDE8A6
:103EE000084003F0EDB8BDE8084005F071BCBDE83E
:103EF000084004F0E7BF04F02DFA40B208BD0020EE
:103F0000FCE7034608460A2B17D8DFE803F006084B
:103F10001616160A0C0E1012140000F08BBC01F0DD
:103F2000AABA02F062BA03F06BBC02F079BF05F0E6
:103F300052BC04F077BE04F00FBA0020704708B5F9
:103F4000034608460A2B27D8DFE803F0060A262690
:103F5000260E12161A1E2200BDE8084000F06CBCA6
:103F6000BDE8084001F089BABDE8084002F040BA57
:103F7000BDE8084003F048BCBDE8084002F054BF6B
:103F8000BDE8084005F02ABCBDE8084004F04EBE7C
:103F900004F0E4F940B208BD0020FCE703460846FF
:103FA00011460A2B17D8DFE803F006081616160A82
:103FB0000C0E1012140000F063BC01F061BA02F0A4
:103FC00041BA03F045BC02F053BF05F00BBC04F04E
:103FD00051BE04F0C5B90020704710B4044608462D
:103FE00011461A46019B0A2C1FD8DFE804F0060987
:103FF0001E1E1E0C0F1215181B0010BC00F042BC38
:1040000010BC01F05FBA10BC02F01EBA10BC03F085
:1040100021BC10BC02F02EBF10BC05F005BC10BCCA
:1040200004F02ABE10BC04F0AFB9092010BC7047E0
:1040300010B40446084611461A460A2C1FD8DFE879
:1040400004F006091E1E1E0C0F1215181B0010BCD2
:1040500000F09EBD10BC01F0D1BA10BC02F042BB12
:1040600010BC03F079BD10BC03F04AB810BC05F0D9
:1040700077BC10BC04F046BF10BC04F03BBAC8B219
:1040800010BC70470346084611460A2B17D8DFE8D4
:1040900003F006081616160A0C0E1012140000F093
:1040A00085BD01F0BBBA02F023BB03F05BBD03F09A
:1040B00037B805F05FBC04F02BBF04F02BBA704793
:1040C0000048704703000102064B10B51B6A044606
:1040D000984730B10448054B204498428CBF0020DB
:1040E000012010BDA41C0308403576C9405DC60000
:1040F000F0B5114B85B00C4610491F56054601F02E
:10410000A3FD0F4BE4B25E6A072D4FF00103CDE92A
:10411000024301460AD105220023CDE900234FF4D2
:104120007A727A431846B04705B0F0BD08220020E5
:10413000CDE900203A46F5E7331E03080C1E0308BC
:10414000A41C030804289CBF014B1870704700BFD3
:10415000DE7200201FB502780023013A0093362A50
:104160007ED8DFE802F01C227D7D7D1F7D7D7D7D78
:104170003F41437D4C4F5255585B7D631F696E73C1
:1041800075787D7A81247D7D7D7D7D7D7D7D7D7DC4
:104190007D7D7D83878E7D7D908E7D949800C37814
:1041A000002B5DD0022300935AE08378F8E7437830
:1041B0008DF8043007238DF805308378002B0CBF71
:1041C000002302238DF8063010238DF80730354B7D
:1041D0001B6801A803F55872CDE9022301F015FD13
:1041E00000903DE04023DEE72023DCE7827890F971
:1041F000013012B92C4AD35CD5E72C4AFBE740F6D4
:10420000B833D0E74FF47A73CDE74FF4FA63CAE7D7
:1042100041F28833C7E741F27073C4E724484FF492
:104220007A71F9F703FE00F5FA60D9E7214B1A78A5
:10423000214B53F82230B6E71A4B1B6803F558732D
:10424000B1E7184B1B6803F55B73ACE71023AAE7D3
:10425000144B1B68A7E70123A5E74FF083430093A6
:10426000009805B05DF804FB0023F8E7114B1A78BD
:10427000124BDEE740F21112ADF800208DF802304B
:10428000EEE703238FE70B4B1A780D4BD1E790F93C
:1042900001300C4AAFE70C4990F9010001F0D4FC61
:1042A0009EE700BFE4720020BB1E0308C31E030884
:1042B00018FCFFFFDE720020BC0E0020940E0020D0
:1042C000A80E0020331E03080C1E030837B50B4B45
:1042D0001A6803780C2101FB03235B7A03EB430488
:1042E000074B1D6803690093C3684278816805EB3A
:1042F000C40001F081FA03B030BD00BFE4720020B9
:10430000E072002030B587B0027B6423ADF8003046
:10431000012A4FF00003CDE90133CDE903338DF8D5
:1043200002308DF814302CD0022A33D03ABB036807
:104330002BB343681BB31C4D80682B601B4B1822AA
:1043400069461860F9F77FFD194B1C782B680C2221
:104350005443184A224407CA83E80700164A2244F5
:1043600007CA03F10C0484E807000322A3F86C23B6
:1043700003F55B71012203F5587001F02EFA07B0C6
:1043800030BD094908684360036100F55B7100F5C1
:104390005870F2E7044B1B68B3F86023B3F86C1352
:1043A0000A43A3F86023EAE7E4720020E0720020E9
:1043B000DE720020D00E00200C0F002008B503464E
:1043C0000A2924D8DFE801F006232323230B161B38
:1043D00023212100BDE808400068FFF775BE90F971
:1043E00000009978072271B901F0B7F9003818BFB9
:1043F000012008BD052293F900000021F4E790F99F
:1044000000005978EEE70221EEE70722F3E70020EB
:10441000EFE7000010B504791CB1012C0BD000208F
:1044200010BD0A4B01681B68012203F5587001F0AA
:10443000D4F90120F4E7054B01681B68224603F517
:104440005B7001F0CAF92046EAE700BFE472002081
:10445000F7B50728144D1C46A8BF072058700E4614
:104460002946174601F0F0FB94F90130A070072BA4
:1044700013D1322001F0BEFA0C4BDB6D0546984794
:1044800004F10C0208340346019200943A46314686
:10449000284601F0B4FA03B0F0BD054A55F82310E0
:1044A000D05C01F09FFAE7E70C1E0308A41C030888
:1044B000331E03082DE9F04F304E90F901807368E8
:1044C00047688BB00546894698470446002852D174
:1044D000AB7C63B92A4A2B78126803EB430302EBE7
:1044E000830152F823704B68002B18BF1F46254BE1
:1044F000384613F908B0F36898476B7CD6F818A0D3
:10450000A9680993B8F1070F23D10023012289B2CA
:10451000CDE904321C4A0291CDE907330521CDE9EA
:1045200000214FF47A720693039302FB0BF24CF2D4
:1045300050311846D047154B13F80810736D0D31E4
:104540002046C9B2984789F8008001200BB0BDE829
:10455000F08F0027012489B20823CDE9007302916E
:10456000CDE90774CDE90577CDE90377A97823462E
:104570005A462046DEE70020E8E700BFA41C0308F7
:10458000E4720020331E030885450100BB1E0308AA
:104590002DE9F04F374E90F90130374F8DB09346EB
:1045A000364A0A91D356316802780B930C2505FBE5
:1045B00002123349527A096802EB420201EBC2024D
:1045C000044692F9021090F9020001F039FB2D49DE
:1045D000804694F9010001F037FBA26861688246C9
:1045E000404601F034FA2278316855438146FA6832
:1045F0004859904794F90120FB690025072A4FF498
:104600007A629C46CDE90752CDE905550B9B22D134
:104610000122CDE903520522CDE901524FF47A720D
:104620005343009346F2A81253464946284666462D
:10463000B047A18994F90100FFF75AFD7B6DCBF8D3
:104640000000217B284698470A9B012083F80080C0
:104650000DB0BDE8F08F01260822CDE90356CDE963
:10466000016200932A465346654649463046A847AC
:104670003546DEE7E4720020A41C0308331E03085D
:10468000E07200200C1E03082DE9F04F8FB00024CB
:1046900005468A46914698460494ADF81440ADF814
:1046A000024007264FF0010B2B7AA34206D9686817
:1046B00004A9204401F030F900285DD102238DF8CF
:1046C000083002A86B7A8DF80A30FFF743FDAB7A09
:1046D0008DF81D309DF811308DF81E309DF8123088
:1046E0008DF81F309DF810308DF82030EB7A8DF862
:1046F00021302B7B8DF822306B7B8DF823301023FB
:104700008DF81C608DF824303A4E8DF82C000DF198
:1047100002030A93072332688DF82D30ADF8343048
:104720002B680C9206930DF1120204AB0DF11101EE
:1047300006A801F00BF9072805460BD130680C22BA
:10474000002100F55870F9F792FB3368BDF802209C
:10475000A3F860239DF811308AF800309DF81230DC
:1047600089F800309DF8103088F80030189B2846F2
:104770001C700FB0BDE8F08F9DF81330BDF81470B9
:10478000ADF802700444E4B2F3B917B3194A00203B
:104790001168072602464FF00C0C062B1BD10CFBB0
:1047A00000FE51F80EE0BEF1000F04D00BFA00F24B
:1047B0001743BFB2012201301028EED1002A3FF486
:1047C00073AFADF802706FE75A1E042A01D9062BA9
:1047D000DCD0062668E747FA00FE1EF0010FEAD09B
:1047E0000CFB00FE51F80EE0BEF1000F08BF0626DC
:1047F000E1E700BFE472002038B505464068FFF7E6
:1048000063FC072200284FF0000195F9000014BF57
:104810000724062400F0A1FF08B904F0050495F967
:1048200001000722002100F098FF08B904F0FB0402
:10483000204638BD0020704710B503780F2B044682
:104840001AD84068FFF740FC22780C4902EB42027C
:104850000968002801EB820051F8222014BF0323CD
:1048600002231AB903F0010358B210BD032B06BF8F
:10487000626842600223F7E70020F6E7E472002056
:10488000022070472DE9F04F574F0446386899B021
:104890008846914600211E460122032300F55870E8
:1048A000CDE90611CDE908118DF814108DF8151019
:1048B000ADF8163000F073FF30B93A68B2F86033E3
:1048C00043F00303A2F860333A68637A8DF8283026
:1048D00002F55871CDE90B12444A94F90830126878
:1048E0000D920DF116020F922268109262681192D9
:1048F000D4E90301A27A8DF8482001228DF84920DD
:1049000013AA82E803001025227DE18A8DF8293060
:1049100018468DF85420ADF83850FFF7E9FB0AAB84
:1049200017930DF1150316900093CDF8049005AB85
:1049300006AA314610A801F024F90446002848D1FF
:10494000E9F777F9012837D1E9F777F98346E9F7ED
:1049500078F99DF81410814601392046F9F766FA76
:10496000234B24491B690295C6B2039318AB334409
:10497000701C13F848AC9DF81430B0FBF3F603FB41
:1049800016060C2303FB0AFC3868039D50F80C0044
:104990004B465A46A847F6B2164928B188F800A0F7
:1049A000204619B0BDE8F08F029B5D1E15F0FF0395
:1049B0000293DBD10D24F3E79DF814102046013952
:1049C000F9F734FA18AB184410F8483C88F800306E
:1049D000E6E70C2801BF3A68B2F8603343F00303FE
:1049E000A2F86033DCE700BFE4720020E072002030
:1049F000A41C0308400D0300F8B50679012E0546F6
:104A000001D80620F8BD0F2E2BD80368187A40F382
:104A100003000722002140B200F09FFE2B680446ED
:104A2000187A40F303100722002140B200F095FEEF
:104A3000A8B1B4FA84F4640929680B7A086843F3CE
:104A4000030243F3031352B25BB29A42C8BF01247C
:104A5000FFF73AFB48B9002CD3D10420D2E7012458
:104A6000EAE70320CEE70520CCE7002CFBD10C4F72
:104A700029683B6806EB460003EB80000C22F9F73F
:104A8000E2F93A680C2303FB062320465C720123FB
:104A900003FA06F6B2F860331E43A2F86063B1E78A
:104AA000E472002010B4017801290ED9084B18686F
:104AB0000C234B43C4180022C250C4E9012200F564
:104AC000587010BC102200F051BE002010BC70477E
:104AD000E47200202DE9F04186B050238DF81430A7
:104AE000037A102B074630D14368DD7B6DBB02246F
:104AF000A8466426062C14D87A68535D03932A448A
:104B0000517843EA01230393927843EA02437343C3
:104B1000CDE9033863B968468DF80040FFF7C2FF5E
:104B20000DE0CDF80C808DF81480CDF81080F2E700
:104B300003AB01A801938DF80840FFF75DFF013436
:104B4000E4B2102C05F10305D4D106B0BDE8F08124
:104B50001FB502680379116851B901A88DF80430B6
:104B6000FFF7A0FF78B9002040B205B05DF804FB64
:104B700002A802928DF80C30FFF73EFF0628F2D80B
:104B8000024B185CF0E70320EEE700BF2C1E030881
:104B9000C90020B9034B19448856C0B27047024B74
:104BA000F9E700BF3B1E03087B1E030810B586B063
:104BB0000B4B01938368029340F21133ADF80C3034
:104BC00000238DF80E30436804930388ADF8143049
:104BD00001A80C4600F050FF0323237006B010BD5F
:104BE000331E030830B50B4B85B00C460A491D56E1
:104BF00001F02AF8082201460020CDE90020074AEA
:104C00000123E4B202940393546A18462A46A0474B
:104C100005B030BD361F0308CC1E0308A41C0308D2
:104C20000B4B10B51B6A0446984768B1094B0A4AFA
:104C30002344934209D8094A534341F6F632B2EB72
:104C4000B31F2CBF0120002010BD0020FCE700BFD7
:104C5000A41C0308608FF7C8401640005FF7435953
:104C60001FB5002300930378013B362B25D8DFE8DE
:104C700003F01C20242424222424242443454724F4
:104C8000505356595C5F24671E696E737578247A99
:104C90007D28242424242424242424242424247F1C
:104CA000851E1E247F1E1E8D9100C3781BB908230C
:104CB00002E083780BB102230093009805B05DF801
:104CC00004FB43788DF804300D238DF8053083788C
:104CD000002B0CBF002302238DF8063048238DF8EB
:104CE00007302F4B1B6801A803F55872CDE902234A
:104CF00000F08BFF0090E0E74023DDE72023DBE7B7
:104D0000827890F9013012B9264AD35CD4E7264A5A
:104D1000FBE740F6B833CFE74FF47A73CCE74FF4B4
:104D2000FA63C9E741F28833C6E741F27073C3E71B
:104D30001E484FF47A71F9F779F800F5FA60D9E76F
:104D40001B4BB9E7164B1B6803F55873B4E7144BBC
:104D50001B6803F55B73AFE74823ADE7104B1B6897
:104D6000AAE70123A8E7134B0093A6E70023FBE77C
:104D7000114A0F49007900F0B9FCBBE740F2174334
:104D8000ADF8003003238DF8023096E790F901303A
:104D90000A4ABAE70A4990F9010000F055FFA9E76D
:104DA000F8720020461F0308541F030818FCFFFF79
:104DB000A07008370000F041C0270900361F030823
:104DC000CC1E030837B50B4B1A6803780C2101FB86
:104DD00003235B7A03EB4304074B1D6803690093CD
:104DE000C3684278816805EBC40000F005FD03B09C
:104DF00030BD00BFF8720020F0720020F0B587B01F
:104E00000123047BADF800300023CDE90133CDE967
:104E100003338DF802308DF8143024B1013C012C9D
:104E20004ED907B0F0BD0368002BFAD04268002AC3
:104E3000F7D0304D80682A602F4A304E10609C8138
:104E4000182269463360F8F7FEFF28682C4B2D4F77
:104E5000024601464FF0500C0B6003F5433303F557
:104E6000A073BB4281F808C04C7201F10C01F3D170
:104E7000254B264966270024C2F8003303F5C313E7
:104E800003F520638B4282F8087382F8094302F12C
:104E90000C02F1D14FF0FF33C0E9DB33FF23C0F840
:104EA000743300F55B71062200F5587000F095FC34
:104EB00029683068062201F5587100F08EFCB0E7D1
:104EC0000C4C2068062200F55B7100F5587000F06C
:104ED00084FC0A4B21681B6801F558719A1E0A333D
:104EE00032F8024F31F8020B9A4200EA04001080B7
:104EF000F6D196E7F8720020F0720020F4720020DC
:104F000000D88C36002850376086973660D65A37DE
:104F100008B503460A2921D8DFE801F00620202041
:104F2000200B0B18201D1D00BDE808400068FFF78E
:104F300077BE997890F900000D2229B900F00DFC98
:104F4000003818BF012008BD0221F7E70D22082113
:104F500093F90000F2E70E220021F9E70020F2E7C2
:104F6000F8B51C4B1B6804467BBB237A102B2FD152
:104F70006668F37B012B2BD1174B1868174B1C6805
:104F800000F55875023C0022294606F1010C16F87E
:104F900012302B801CF81270042A43EA072325F8EC
:104FA000023B04BFDBB2A0F8683334F8023F35F8A7
:104FB000027C01323B40052A2380E8D1BDE8F8405D
:104FC000062200F55B7000F008BC98470028CCD0A2
:104FD000F8BD00BFE8720020F8720020F4720020D3
:104FE00038B504791CB1012C21D0002038BD154DF5
:104FF00001682B68062203F5587000F0EEFB2B6861
:1050000093F87423A3F874230F4AA3F87643126825
:1050100003F55873911E0A3231F8024F33F8020B30
:10502000914200EA04000880F6D10120DEE7054B3A
:1050300001681B68062203F55B7000F0CEFB20467A
:10504000D4E700BFF8720020F4720020F7B50D28F5
:10505000114DA8BF0D201C460E4658702946174614
:1050600000F0F2FD94F901300C4A55F82310A070BD
:10507000D05C00F0B7FC0A4BDB6D0546984704F1A5
:105080000C0208340346019200943A463146284601
:1050900000F0B5FC03B0F0BDCC1E0308361F0308BA
:1050A000A41C03082DE9F0471F4E90F90190736886
:1050B00045688AB0044688469847002831D1A37CC9
:1050C00033B92578194A1A4B05F0070502FB053557
:1050D000184B284613F909A0F3689847637C228986
:1050E00009930125002302920822CDE90032CDE97F
:1050F0000735CDE90533CDE90333A178B7692B46F0
:1051000052462846B8470C4B13F80910736D0D3101
:105110002846C9B2984788F8009028460AB0BDE8EA
:10512000F0870020FAE700BFA41C0308C02709008D
:10513000A0700837361F0308461F03082DE9F04FFB
:10514000DFF8BCA090F9013091462A4AD756DAF828
:10515000002003780C2505FB0323274A5B7A12689D
:1051600003EB430302EBC3038DB00446884690F97A
:10517000020093F9021000F063FD2049064694F9FD
:10518000010000F061FDA26861680B90304600F0FC
:105190005EFC2278DAF80010DFF868A055438346F9
:1051A000DAF80C2048599047012500224FF47A6321
:1051B0000821CDE90723CDE90522CDE90325CDE975
:1051C00001510B9B009759462846DAF81C70B847E6
:1051D000DAF85430217B28469847A18994F90100D8
:1051E000FFF700FDC9F80000284688F800600DB000
:1051F000BDE8F08F361F0308F0720020CC1E0308B4
:10520000F8720020A41C03082DE9F04F834E95B0DE
:10521000CDE901123168039309AF00240546062247
:1052200001F558713846C7E901440794ADF82040AC
:10523000099400F0D2FAA0464FF0FF392B7AA3422E
:1052400007D9686807A9204400F066FB002840F0F1
:1052500083809DF91D30052B07DC0422002109A85D
:1052600000F09DFA012840F2D6804FF00708022393
:105270008DF8143005A86B7A8DF81630FFF7F0FC26
:10528000AB7A8DF835309DF81D308DF836309DF8AD
:105290001E308DF837309DF81C308DF83830EB7AA1
:1052A0008DF839302B7B8DF83A306B7B8DF83B30A5
:1052B00048238DF83C300D238DF845303368129328
:1052C0000E23ADF84C302B6804908DF844000C93FD
:1052D0000DF11E0207AB0DF11D010CA88DF83480F5
:1052E000109700F033FB0728054623D130680622CB
:1052F000394600F5587000F070FA494B32681B6867
:10530000B2F86003198801401980B2F86203598825
:1053100001405980B2F86403998801409980B2F83D
:105320006603D9880140D980B2F86813B2F86A23BD
:1053300019815A81019A9DF81D301370029A9DF8C7
:105340001E301370039A9DF81C3013701E9B284664
:105350001C7015B0BDE8F08F9DF81F30BDF82020FF
:105360000444062BE4B205D1CDE90999D2B2ADF8D7
:105370002C2063E7072B02D1CDE90988F6E7052B3E
:1053800043D14FF0000CD2B26146012303FA0CFA6C
:105390000CEA030B14AB03EB410E12EA0A0F3EF8C2
:1053A0002C3C0FFA8AF01DD0BBF1000F0ED143F058
:1053B000FF032EF82C3CBDF82C301843ADF82C0020
:1053C0000CF1010CBCF1080FDFD137E763F0FF03EC
:1053D0002EF82C3CBDF82C3018430131ADF82C00D0
:1053E000C9B2EDE7C043BBF1000F07D123F0FF03C3
:1053F0002EF82C3CBDF82C301840DFE7DBB22EF83D
:105400002C3CBDF82C301840E7E714A901EB43030E
:1054100023F82C2C12E74FF0060828E7F87200203A
:10542000F472002038B505464068FFF7F9FB0D22FD
:1054300000284FF0080195F9000014BF0724062446
:1054400000F08BF908B904F0050495F90030072B3A
:1054500001D00D2B01DD04F0FD0495F901000522BA
:10546000002100F07AF908B904F0FB04204638BDA9
:105470004FF0FF307047002070474FF0FF3070470B
:105480000E4B5B6810B50C462BB90D4B1A68537B5D
:1054900034B1013B05E0984740B20028F5D010BD7B
:1054A00001335373537BC3EBC30203EBC203DBB281
:1054B0001D2B34BF06200220F1E700BFE872002058
:1054C000F47200202DE9F0470026A4B0484D8DF875
:1054D0000E6004460F4691463146442213A8984672
:1054E0008DF80F601296E3F7B7FB31462868DFF8B6
:1054F00008A1042200F053F9064648B9DAF8001072
:105500002868042201F5587100F067F92B681E73B2
:1055100094F908302A68DAF80010052B04DD107AB7
:1055200010B9B1F868031081CDE90521314A607ADC
:10553000126807924822ADF82020002209922268C2
:105540000A9262688DF810000B92D4E90301A27AE6
:105550008DF8302001228DF831200DAA82E8030059
:10556000227DE18A8DF8113018468DF83C20FFF736
:1055700039FB04AB11930DF10F0310900093CDF89C
:1055800004900DF10E0312AA41460AA800F0F9FAA0
:10559000064680B9637A93B19DF80E100139F8F789
:1055A00045FC24AB184410F8483C3B703978286817
:1055B000482200F0DBF8304624B0BDE8F08794F9CB
:1055C00008302868022B0AD0007A3246D3B240FA5B
:1055D00003F1C90702F10102F8D54033E5E73A4685
:1055E00000F10C0100F03EF80328DFD10646E2E7A7
:1055F000F4720020F0720020F8720020064B10B503
:10560000062404FB01318B56002B03DA00280CBF63
:1056100000230223D8B210BD0C1F030810B586B0BA
:105620000B4B01938368029340F61703ADF80C30DF
:1056300002238DF80E30436804930388ADF81430CC
:1056400001A80C4600F018FA0823237006B010BD1C
:10565000361F030803C8024B83E80300704700BFEE
:10566000E87200202DE9F3410023CDE900330E4616
:105670009046074618B9032002B0BDE8F081002922
:10568000F9D0002AF7D00C786308E00737F8131038
:105690004FF0000354BFC9B2090A1D4641FA03F294
:1056A000D207D8B205D502AA2A44013502F8080C5F
:1056B000EDB20133082BF1D15DB1691E0020F8F77E
:1056C000B5FB02AB184410F8083C03EBC40388F8A0
:1056D00000300134E4B2082C28BF00241DB933780F
:1056E000A342D1D1C7E734700020C5E702FB001008
:1056F00070472DE9F0419A42079F03DB9DF918306E
:105700009A4224DD0020BDE8F08131F814801EFBB0
:105710000373002548FA05F6F6070ED50EFB05368D
:1057200096F808C04CF303160CF00F0C624576B2E5
:1057300003DB06F00F06B2420DDD0135102DE9D175
:105740000134E4B22301DBB29842DED8DAE7002468
:105750004FF00C0EF6E70120D5E7884204DB9042BB
:10576000CCBF0020012070470020704710B51409FD
:10577000B4EB111F03464FEA11100ED391420CD225
:1057800002B201F00F0133F81240012000FA01F1DA
:1057900024EA010123F8121010BD0020FCE7F0B547
:1057A00028B100EB410501260020914200D3F0BD55
:1057B000002435F8027B234606FA04FC3CEA070C79
:1057C00008BF013304F1010408BFDBB2102CF3D190
:1057D00018440131C0B2C9B2E7E710B500B149B908
:1057E00010BD31F8134020F813400133DCB2A2425F
:1057F000F7D8F5E70023F9E782B010B504880393E2
:1058000012B9642C38BF6424012C38BF01246143D1
:10581000BDE81040C3688B428CBF591A0021C1609B
:1058200002B070472DE9F74F92460C46064698465F
:10583000F8F7B8F9344FDFF8DCB00190182212FB0A
:105840000A4A00254FF0FF39544507D1002D14BFF7
:1058500048464FF0FF3003B0BDE8F08F6068F8F7BE
:10586000ABF90D9AB4F800C026B9BCF1640F38BF8B
:105870004FF0640CBCF1010F38BF4FF0010C6EBB50
:10588000224B49F6AF218A4298BF3B461946216117
:1058900056BBB2F5616F27D31D4B49F6AF2E72454B
:1058A00094BF1A465A46904204D2A3689A4201D144
:1058B00063681BB9019BE160C4E901320F9B03FBE4
:1058C0000CFCE368634503D8B8F1000F0ED16EB14C
:1058D000012323751D44EDB21834B5E7B8F1000F6C
:1058E00000D1E7603946D2E73A46DCE700238C4531
:1058F0002375F1D2A268824228BF131A994528BFA6
:1059000099460135E7E700BF80EE360070460D008E
:10591000803F5C02809B82070378032B14D143787D
:1059200003F00F021B098A704B7083788B80C2785A
:1059300043EA02238B800379C3F3021203F00F03BF
:10594000CA700B7005207047002070472DE9F3479F
:1059500098464379057990F90770067A914604468E
:1059600090F906208A467BB176B275B30F2A12D120
:1059700094F909200F2F1ED194F90A70072D24D114
:10598000002E08BF012620E090F90B6090F9092055
:1059900090F90A70E9E7A369019394F9153000932F
:1059A000216994F91430207BFFF7A3FE0028E1D190
:1059B00005F0FD05DEE794F91D3094F91C10BB429B
:1059C0000DDCB942DADA05F0FB0528468AF800203A
:1059D00089F8007088F8006002B0BDE8F0871F46C3
:1059E000CCE70000024B03FA00F0B0FBF1F0704787
:1059F00040420F004FF4FA53B3FBF0F0704730B55C
:105A00004FF47A750C1F6A4300FB042252001EBF3C
:105A100000F1FF341219B2FBF0F28A4238BF0A4695
:105A200003990A60810050431CBF013040084FF4C5
:105A30007A72081A02FB1303002BCABF03F2E73382
:105A400093FBF2F3B3FBF2F3049A136030BD38B565
:105A5000400014460D46E1F73FF901462846E1F7BC
:105A600089F82146E1F786F8E0F750FD08F0B4F830
:105A7000E1F754F840B238BD70B5154D04468AB010
:105A8000EB6A9847EB68606898476B6D217A012054
:105A90009847637A2268AE69D25CE368B3FA83F30D
:105AA0005B090993237A0493002101230A20CDE99D
:105AB0000213CDE90010CDE90711CDE90511184613
:105AC000A17AB0476B6BE0680AB0BDE87040184738
:105AD000A41C03082DE9F74FCDE9002300231D4640
:105AE0001E464FF00C091A01048A5FFA82F802F090
:105AF000F002944206D8009B1E70019B1D7003B0FB
:105B0000BDE8F08F4FEA430C0022446834F80C40A3
:105B10001441E7072AD502EB080E876809FB0EF44B
:105B200007EB040A3C590CB3047834B9446924B136
:105B300034F80C401441E40718D59AF8084090F95D
:105B400001B044F303077FB25F450FDC44F3031455
:105B500064B25C450ADB9AF8094004EB4407C46868
:105B600004EBC704247D3CB90135EDB20132102AA3
:105B7000CBD10133DBB2B6E7741C01F806E0E6B224
:105B8000F4E72DE9FF4704464068DDE90C781E463E
:105B90008A469146F8F710F823681B1AC8F80030B7
:105BA000002501233B703570636813B1236883427D
:105BB00025D8CAF80050D4F81CC0A3699CF800E0AE
:105BC0000393D4E9030101AB83E80300237D009331
:105BD000DCF80C10237A627A7046FFF723FE3B460E
:105BE000C8F800003246E0694946FFF773FF337892
:105BF0002BB1C8F80050002004B0BDE8F0873B7816
:105C0000002B14BF0B200C20F6E737B590F90020CD
:105C100090F90250954204460FD0013A52B2AA427E
:105C20000BD0A368019394F9013000936168E07888
:105C30002B46FFF75EFD0028EFD0104603B030BDC5
:105C40008842B8BF0846704751F82000054B98427B
:105C500005D0054B98420CBF022000207047012060
:105C6000704700BF90D0030020A10700F0B5114B92
:105C700085B00C4610491F560546FFF7E5FF0F4B50
:105C8000E4B25E6A072D4FF00103CDE902430146FD
:105C90000AD105220023CDE900234FF47A727A431A
:105CA0001846B04705B0F0BD08220020CDE900201D
:105CB0003A46F5E78B1F0308641F0308A41C03087A
:105CC00038B5194B1B6A05460C46984730B1174B3F
:105CD000174A2B44934202D80223237038BD154B38
:105CE000154A2B44934201D80023F6E7134B144A7C
:105CF0002B44934201D80123EFE7124B124A2B4465
:105D0000934201D80523E8E7104B114A2B449342F4
:105D100001D80323E1E70F4B0F4A2B44934201D8EC
:105D20000423DAE70020D9E7A41C030840AA8FCC9B
:105D30007F841E00C02571CCC0C62D00FF5E43CC01
:105D4000BF270900A0B038CC20A1070040022ECC0C
:105D500090D00300606E29CCE09304001FB5027858
:105D600000230B3A00932C2A64D8DFE802F02C2F92
:105D70003136383B3E414447634F6351565B5D6368
:105D8000636067176363636363636363636363632E
:105D9000634F697063634F706372760043788DF868
:105DA000043007238DF805304FF48053ADF80630EA
:105DB0002D4B1B6801A803F55872CDE90223FFF7AC
:105DC00024FF009036E04023009333E02023FBE7DC
:105DD00090F90130254AD35CF6E70123F4E740F659
:105DE000B833F1E74FF47A73EEE74FF4FA63EBE779
:105DF00041F28833E8E741F27073E5E71C484FF45D
:105E00007A71F8F713F800F5FA60DAE7194BDBE777
:105E1000154B1B6803F55873D6E7134B1B6803F546
:105E20005B73D1E71023CFE70F4B1B68CCE74FF034
:105E300083430093009805B05DF804FB0023F8E766
:105E400040F21112ADF800208DF80230F2E7032382
:105E5000BAE790F90130084ABDE7084990F9010016
:105E6000FFF7F2FEADE700BF00730020931F0308A9
:105E700018FCFFFF08E6D3338B1F0308641F0308D9
:105E800037B50B4B1A6803780C2101FB03235B7AAF
:105E900003EB4304074B1D6803690093C368427812
:105EA000816805EBC400FFF7A7FC03B030BD00BF5D
:105EB00000730020FC72002030B5A5B0044690228B
:105EC00000216846E2F7C8FE4FF47A72ADF8302040
:105ED000ADF87820227B64230A21012AADF8003036
:105EE000ADF81830ADF84810ADF860302FD0022A68
:105EF00038D052BB236843B3636833B31E4DA068E8
:105F00002B601E4B902269461860F7F79CFF1C4BD4
:105F10002C6893E8070084E8070003F10C0207CA25
:105F200004F10C05183385E8070093E8070004F135
:105F30001805072385E80700A4F86C33012204F54F
:105F40005B7104F55870FFF748FC25B030BD0A4B73
:105F50001868002343600361C36100F55B7100F5BD
:105F60005870F0E7044B1B68B3F86023B3F86C1368
:105F70000A43A3F86023E8E700730020FC720020C6
:105F800078DD020807B50E2909D8DFE801F00C0812
:105F90000808081F151F081F1F08080821000020F7
:105FA00003B05DF804FB00230DF1070100688DF8D4
:105FB0000730FFF785FEF3E7052290F90000002186
:105FC000FFF7CBFB003818BF0120E9E70722F4E711
:105FD0000120E5E710B504791CB1012C0BD000209D
:105FE00010BD0A4B01681B68012203F55870FFF7CA
:105FF000F4FB0120F4E7054B01681B68224603F51A
:106000005B70FFF7EAFB2046EAE700BF0073002061
:10601000F7B50728144D1C46A8BF072058700E4638
:1060200029461746FFF710FE94F90130A070072BA0
:1060300013D13220FFF7DEFC0C4BDB6D0546984791
:1060400004F10C0208340346019200943A463146AA
:106050002846FFF7D4FC03B0F0BD054A55F82310DD
:10606000D05CFFF7BFFCE7E7641F0308A41C03082C
:106070008B1F03082DE9F04F304E90F901807368B3
:1060800047688BB00546894698470446002852D198
:10609000AB7C63B92A4A2B78126803EB430302EB0B
:1060A000830152F823704B68002B18BF1F46254B05
:1060B000384613F908B0F36898476B7CD6F818A0F7
:1060C000A9680993B8F1070F23D10023012289B2EF
:1060D000CDE904321C4A0291CDE907330521CDE90F
:1060E00000214FF47A720693039302FB0BF24CF2F9
:1060F00050311846D047154B13F80810736D0D3109
:106100002046C9B2984789F8008001200BB0BDE84D
:10611000F08F0027012489B20823CDE90073029192
:10612000CDE90774CDE90577CDE90377A978234652
:106130005A462046DEE70020E8E700BFA41C03081B
:10614000007300208B1F030885450100931F03087F
:106150002DE9F04F374E90F90130374F8DB093460F
:10616000364A0A91D356316802780B930C2505FB09
:1061700002123349527A096802EB420201EBC20271
:10618000044692F9021090F90200FFF759FD2D49DB
:10619000804694F90100FFF757FDA26861688246C6
:1061A0004046FFF754FC2278316855438146FA682F
:1061B0004859904794F90120FB690025072A4FF4BC
:1061C0007A629C46CDE90752CDE905550B9B22D159
:1061D0000122CDE903520522CDE901524FF47A7232
:1061E0005343009346F2A812534649462846664652
:1061F000B047A18994F90100FFF738FD7B6DCBF81A
:106200000000217B284698470A9B012083F80080E4
:106210000DB0BDE8F08F01260822CDE90356CDE987
:10622000016200932A465346654649463046A847D0
:106230003546DEE700730020A41C03088B1F03080B
:10624000FC720020641F03082DE9F04F8DB000247C
:1062500005468A46914698460294ADF80C40ADF842
:10626000064007264FF0010B2B7AA34206D9686837
:1062700002A92044FFF750FB002854D1AB7A8DF8D7
:1062800015309DF809308DF816309DF80A308DF8DC
:1062900017309DF808308DF81830EB7A8DF81930EA
:1062A0002B7B8DF81A306B7B8DF81B3010238DF80B
:1062B00014608DF81C303A4E0DF1060308934FF42C
:1062C000E063ADF8243033680A930723ADF82C302F
:1062D0002B6804930DF10A0202AB0DF1090104A829
:1062E000FFF734FB072805460BD130680C2200214C
:1062F00000F55870F7F7BBFD3368BDF80620A3F82A
:1063000060239DF809308AF800309DF80A3089F83A
:1063100000309DF8083088F80030169B28461C7025
:106320000DB0BDE8F08F9DF80B30BDF80C70ADF8E6
:1063300006700444E4B2F3B917B3194A0020116897
:10634000072602464FF00C0C062B1BD10CFB00FE5F
:1063500051F80EE0BEF1000F04D00BFA00F2174323
:10636000BFB2012201301028EED1002A3FF47CAFE9
:10637000ADF8067078E75A1E042A01D9062BDCD046
:10638000062671E747FA00FE1EF0010FEAD00CFB6B
:1063900000FE51F80EE0BEF1000F08BF0626E1E74F
:1063A0000073002073B5002605460DF10701406813
:1063B0008DF80760FFF784FC0722B042314695F95B
:1063C000000014BF07240624FFF7C7F908B904F03A
:1063D000050495F9010005220021FFF7BEF908B96F
:1063E00004F0FB04204602B070BD4FF0FF30704750
:1063F00013B5027800230F2A04468DF807301DD804
:106400000DF107014068FFF75BFC22780C4902EBB5
:1064100042020968002801EB820051F8222014BFD3
:106420000323022322B903F0010358B202B010BDC6
:10643000032B06BF626842600223F6E71846F5E7C1
:1064400000730020704700002DE9F041394D0446EB
:10645000286896B00E46904600211F460122072369
:1064600000F55870CDE90411CDE906118DF80C1036
:106470008DF80D10ADF80E30FFF791F930B92A689C
:10648000B2F8603343F00703A2F860332A68637AF6
:106490008DF8203002F55871CDE90912264A94F999
:1064A000083012680B921022ADF830200DF10E0268
:1064B0000D9222680E9262680F92D4E90301A27ACB
:1064C0008DF8402006228DF8412011AA82E80300B1
:1064D000227DE18A8DF8213018468DF84C20FFF797
:1064E000C5FB08AB15930DF10D0314900093CDF887
:1064F000048003AB04AA39460EA8FFF742FB04460A
:1065000068B99DF80C100139F7F790FC16AB1844E8
:1065100010F8483C3370204616B0BDE8F0810C28D6
:1065200001BF2A68B2F8603343F00703A2F8603372
:10653000F1E700BF00730020FC720020F7B5067978
:106540000027022E05468DF8077002D8062003B0FA
:10655000F0BD0F2E2DD80368187A40F303000722F0
:10656000394640B2FFF7F9F82B680446187A40F331
:1065700003100722394640B2FFF7EFF8B8B1B4FA7A
:1065800084F464092868037A006843F3030243F340
:10659000031352B25BB20DF107019A42C8BF012446
:1065A000FFF78EFB48B9002CD0D10420CFE701249F
:1065B000E8E70320CBE70520C9E7002CFBD10D4F0E
:1065C00029683B6806EB460003EB80000C22F7F7D6
:1065D0003AFC3A689DF807100C2303FB062320467B
:1065E0005972012303FA06F6B2F860331E43A2F88B
:1065F0006063ACE70073002010B4017802290ED963
:10660000084B18680C234B43C4180022C250C4E93D
:10661000012200F5587010BC1022FFF7A7B8002027
:1066200010BC7047007300202DE9F04186B0502364
:106630008DF81430037A102B074630D14368DD7B88
:106640006DBB0324A8466426072C14D87A68535DD2
:1066500003932A44517843EA01230393927843EA4F
:1066600002437343CDE9033863B968468DF80040AF
:10667000FFF7C2FF0DE0CDF80C808DF81480CDF847
:106680001080F2E703AB01A801938DF80840FFF7F3
:1066900055FF0134E4B2102C05F10305D4D106B046
:1066A000BDE8F0811FB502680379116851B901A8EE
:1066B0008DF80430FFF7A0FF78B9002040B205B094
:1066C0005DF804FB02A802928DF80C30FFF736FF4C
:1066D0000628F2D8024B185CF0E70320EEE700BF73
:1066E000841F0308881A40B220EAE070C0B27047E5
:1066F00010B586B00B4B01938368029340F21133BF
:10670000ADF80C3000238DF80E30436804930388F5
:10671000ADF8143001A80C46FFF7AEF9032323703F
:1067200006B010BD8B1F0308064B10B51B6A04464C
:10673000984730B10448054B204498428CBF002054
:10674000012010BDA41C0308C02571CC80841E004C
:10675000F0B5114B85B00C4610491F560546FFF7A2
:1067600073FA0F4BE4B25E6A072D4FF00103CDE9D7
:10677000024301460AD105220023CDE900234FF44C
:106780007A727A431846B04705B0F0BD082200205F
:10679000CDE900203A46F5E7C31F03089C1F030814
:1067A000A41C03081FB50023009303780B3B2C2B7C
:1067B00063D8DFE803F02C2F316236393C3F424585
:1067C000624D4F51565B5D62626066176262626243
:1067D0006262626262626262624D686F62624D6FA3
:1067E0006271750043788DF8043007238DF8053009
:1067F0004FF48053ADF806302C4B1B6801A803F50D
:106800005872CDE90223FFF700FA009035E04023EB
:10681000009332E02023FBE790F90130244AD35C57
:10682000F6E740F6B833F3E74FF47A73F0E74FF446
:10683000FA63EDE741F28833EAE741F27073E7E784
:106840001C484FF47A71F7F7F1FA00F5FA60DCE7CB
:10685000194BDDE70223DBE7144B1B6803F5587384
:10686000D6E7124B1B6803F55B73D1E71023CFE724
:106870000E4B1B68CCE7114B0093009805B05DF8F8
:1068800004FB0023F8E71323ADF8003003238DF851
:106890000230F2E70423BBE790F90130084ABEE773
:1068A000084990F90100FFF7CFF9AEE7087300201F
:1068B0000B20030818FCFFFFF080A6330000F04116
:1068C000C31F03089C1F030837B50B4B1A680378D6
:1068D0000C2101FB03235B7A03EB4304074B1D6888
:1068E00003690093C3684278816805EBC400FEF732
:1068F00083FF03B030BD00BF087300200473002085
:1069000070B5027B86B001260023B242CDE9013387
:10691000CDE90333ADF800608DF802308DF8143006
:106920002FD0022A37D052BB036843B3436833B336
:106930001E4C806823601E4B182269461860F7F7CA
:1069400082FA1C4B246893E8070084E8070003F1EF
:106950000C0207CA04F10C05183385E8070093E818
:10696000070004F11805072385E80700A4F86C3335
:10697000324604F55B7104F55870FEF72EFF06B041
:1069800070BD0A49086843600361C36100F55B712B
:1069900000F55870F1E7054B1B68B3F86023B3F8B6
:1069A0006C130A43A3F86023E9E700BF08730020D3
:1069B000047300209CDD020808B50A291FD8DFE80F
:1069C00001F0061E1E1E1E100B101E1C1C00BDE832
:1069D00008400068FFF7A8BE052290F900000021DA
:1069E00005E090F90000062809D007220021FEF7F3
:1069F000B4FE003818BF012008BD0A22EDE70020D0
:106A0000FAE7000010B504791CB1012C0BD000206E
:106A100010BD0A4B01681B68012203F55870FEF790
:106A2000DCFE0120F4E7054B01681B68224603F5F4
:106A30005B70FEF7D2FE2046EAE700BF0873002035
:106A4000F7B50728144D1C46A8BF072058700E46FE
:106A500029461746FFF7F8F894F90130A070072B84
:106A600013D13220FEF7C6FF0C4BDB6D054698476D
:106A700004F10C0208340346019200943A46314670
:106A80002846FEF7BCFF03B0F0BD054A55F82310B9
:106A9000D05CFEF7A7FFE7E79C1F0308A41C0308D0
:106AA000C31F03082DE9F04F304E90F90180736841
:106AB00047688BB00546894698470446002852D15E
:106AC000AB7C63B92A4A2B78126803EB430302EBD1
:106AD000830152F823704B68002B18BF1F46254BCB
:106AE000384613F908B0F36898476B7CD6F818A0BD
:106AF000A9680993B8F1070F23D10023012289B2B5
:106B0000CDE904321C4A0291CDE907330521CDE9D4
:106B100000214FF47A720693039302FB0BF24CF2BE
:106B200050311846D047154B13F80810736D0D31CE
:106B30002046C9B2984789F8008001200BB0BDE813
:106B4000F08F0027012489B20823CDE90073029158
:106B5000CDE90774CDE90577CDE90377A978234618
:106B60005A462046DEE70020E8E700BFA41C0308E1
:106B700008730020C31F0308854501000B2003088C
:106B80002DE9F04F374E90F90130374F8DB09346D5
:106B9000364A0A91D356316802780B930C2505FBCF
:106BA00002123349527A096802EB420201EBC20237
:106BB000044692F9021090F90200FFF741F82D49BE
:106BC000804694F90100FFF73FF8A26861688246A9
:106BD0004046FEF73CFF2278316855438146FA680B
:106BE0004859904794F90120FB690025072A4FF482
:106BF0007A629C46CDE90752CDE905550B9B22D11F
:106C00000122CDE903520522CDE901524FF47A72F7
:106C10005343009346F2A812534649462846664617
:106C2000B047A18994F90100FFF792FD7B6DCBF885
:106C30000000217B284698470A9B012083F80080AA
:106C40000DB0BDE8F08F01260822CDE90356CDE94D
:106C5000016200932A465346654649463046A84796
:106C60003546DEE708730020A41C0308C31F030891
:106C7000047300209C1F03082DE9F04F8DB0002500
:106C800006468A46914698460295ADF80C50ADF8F6
:106C9000065007244FF0010B337AAB4206D97068D7
:106CA00002A92844FEF738FE002845D19DF9093095
:106CB000062B7DD08DF81630F37A8DF81930337BA2
:106CC0008DF81A30737B8DF81B3010238DF81C3033
:106CD000414F9DF90A109DF80820B07A8DF81500F3
:106CE0000DF1060308934FF4E063ADF824303B68E0
:106CF0000A930A23ADF82C3033688DF817108DF8FD
:106D0000182004930DF10A0202AB0DF1090104A849
:106D10008DF81440FEF71AFE072804464AD1386859
:106D20000C22002100F55870F7F7A1F83B68BDF878
:106D30000620A3F860233DE09DF80B30BDF80C70F1
:106D4000ADF806700544EDB2EBB90FB3224A00204E
:106D50001168072402464FF00C0C062B1AD10CFBCD
:106D600000FE51F80EE0BEF1000F04D00BFA00F265
:106D70001743BFB2012201301028EED1002A8BD078
:106D8000ADF8067088E75A1E042A01D9062BDDD01B
:106D9000062481E747FA00FE1EF0010FEBD00CFB42
:106DA00000FE51F80EE0BEF1000F08BF0624E2E736
:106DB00004F0FD049DF809308AF800309DF80A308F
:106DC00089F800309DF8083088F80030169B20467E
:106DD0001D700DB0BDE8F08F0873002038B5044673
:106DE0004068FFF7A1FC072200284FF0000194F94A
:106DF000000014BF07250625FEF7AFFC18B194F973
:106E00000030062B01D105F0FD0594F901000722A1
:106E10000021FEF7A2FC08B905F0FB05284638BDA5
:106E20004FF0FF307047000010B503780F2B044679
:106E30001AD84068FFF778FC22780C4902EB42022E
:106E40000968002801EB820051F8222014BF0323B7
:106E500002231AB903F0010358B210BD032B06BF79
:106E6000626842600223F7E70020F6E7087300201B
:106E7000704700002DE9F041394D0446286896B06E
:106E80000E46904600211F460122072300F5587048
:106E9000CDE90411CDE906118DF80C108DF80D1017
:106EA000ADF80E30FEF77BFC30B92A68B2F86033DB
:106EB00043F00703A2F860332A68637A8DF8203024
:106EC00002F55871CDE90912264A94F90830126882
:106ED0000B921022ADF830200DF10E020D922268B7
:106EE0000E9262680F92D4E90301A27A8DF84020D5
:106EF00001228DF8412011AA82E80300227DE18A57
:106F00008DF8213018468DF84C20FFF721FC08AB96
:106F100015930DF10D0314900093CDF8048003AB8D
:106F200004AA39460EA8FEF72CFE044668B99DF85F
:106F30000C100139F6F77AFF16AB184410F8483CEC
:106F40003370204616B0BDE8F0810C2801BF2A68D6
:106F5000B2F8603343F00703A2F86033F1E700BFF3
:106F60000873002004730020F8B50679022E054648
:106F700001D80620F8BD0F2E2BD80368187A40F3ED
:106F800003000722002140B2FEF7E7FB2B6804460E
:106F9000187A40F303100722002140B2FEF7DDFB10
:106FA000A8B1B4FA84F4640929680B7A086843F339
:106FB000030243F3031352B25BB29A42C8BF0124E7
:106FC000FFF7B2FB48B9002CD3D10420D2E701244B
:106FD000EAE70320CEE70520CCE7002CFBD10C4FDD
:106FE00029683B6806EB460003EB80000C22F6F7AD
:106FF0002AFF3A680C2303FB062320465C72012318
:1070000003FA06F6B2F860331E43A2F86063B1E7F4
:107010000873002010B4017802290ED9084B1868B3
:107020000C234B43C4180022C250C4E9012200F5CE
:10703000587010BC1022FEF799BB002010BC70479E
:10704000087300202DE9F04186B050238DF81430EC
:10705000037A102B074630D14368DD7B6DBB0324D8
:10706000A8466426072C14D87A68535D03932A44F3
:10707000517843EA01230393927843EA024373432E
:10708000CDE9033863B968468DF80040FFF7C2FFC9
:107090000DE0CDF80C808DF81480CDF81080F2E76B
:1070A00003AB01A801938DF80840FFF75DFF0134A1
:1070B000E4B2102C05F10305D4D106B0BDE8F0818F
:1070C0001FB502680379116851B901A88DF8043021
:1070D000FFF7A0FF78B9002040B205B05DF804FBCF
:1070E00002A802928DF80C30FFF73EFF0628F2D876
:1070F000024B185CF0E70320EEE700BFBC1F03085B
:10710000064B03EBC1039856002804DB062908BF91
:107110000020C0B270470020FBE700BFCB1F030870
:1071200010B586B00B4B01938368029340F2134372
:10713000ADF80C3000238DF80E30436804930388BB
:10714000ADF8143001A80C46FEF796FC042323701A
:1071500006B010BDC31F030830B50B4B85B00C46FD
:107160000A491D56FEF770FD082201460020CDE9B0
:107170000020074A0123E4B202940393546A18469C
:107180002A46A04705B030BD332003081420030869
:10719000A41C03080B4B10B51B6A0446984768B142
:1071A000094B0A4A2344934209D8094A534345F2FA
:1071B000E232B2EBB31F2CBF0120002010BD002033
:1071C000FCE700BFA41C0308602E1CC9009F24001C
:1071D0001DE6CB0B1FB5027800230B3A00932C2A37
:1071E00061D8DFE802F02C2F316036393C3F424550
:1071F000604D604F54595B60605E64176060606012
:1072000060606060606060606066686F6060666F4C
:107210006071750043788DF8043005238DF80530D2
:107220004FF48053ADF806302C4B1B6801A803F5D2
:107230005872CDE90223FEF7E8FC009033E04023CA
:10724000009330E02023FBE790F90130244AD35C1F
:10725000F6E74FF47A63F3E74FF47A73F0E74FF40D
:10726000FA63EDE741F28833EAE741F27073E7E74A
:107270001C484FF47A71F6F7D9FD00F5FA60DCE7A7
:10728000194BDDE7154B1B6803F55873D8E7134B13
:107290001B6803F55B73D3E71023D1E70F4B1B6823
:1072A000CEE7124B0093009805B05DF804FB002375
:1072B000F8E70F4BC4E740F21112ADF800208DF84B
:1072C0000230F0E70323BBE790F90130094ABEE73B
:1072D000094990F90100FEF7B7FCAEE710730020F2
:1072E0003920030818FCFFFFE013F336000060416B
:1072F00060630537332003081420030837B50B4BB0
:107300001A6803780C2101FB03235B7A03EB430427
:10731000074B1D6803690093C3684278816805EBD9
:10732000C400FEF769FA03B030BD00BF107300203F
:107330000C730020F0B5027B87B001270023BA420E
:10734000CDE90133CDE90333ADF800708DF802309B
:107350008DF8143037D0022A41D092BB036883B332
:10736000436873B3234D80682B60234B1822694612
:107370001860F6F768FD214B2C6893E8070084E855
:10738000070003F10C0207CA04F10C06183386E863
:10739000070093E8070004F11806072386E80700B2
:1073A000A4F86C333A4604F55B7104F55870FEF7A7
:1073B00014FA2B684FF6BF72A3F878230622C3F89D
:1073C0007C2307B0F0BD0B49086843600361C361CB
:1073D00000F55B7100F55870FEF7FFF9F1E7054B1A
:1073E0001B68B3F86023B3F86C130A43A3F8602357
:1073F000E7E700BF107300200C730020C0DD020817
:10740000072908B504D804290CD831B1002012E0AE
:1074100009390129FAD8072205E0BDE808400068CB
:10742000FFF7B8BE052290F900000021FEF795F99C
:10743000003818BF012008BD10B504791CB1012C1B
:107440000BD0002010BD0A4B01681B68012203F518
:107450005870FEF7C2F90120F4E7054B01681B687C
:10746000224603F55B70FEF7B8F92046EAE700BF55
:1074700010730020F7B50528114DA8BF05201C4644
:107480000E46587029461746FEF7DEFB94F9013088
:107490000C4A55F82310A070D05CFEF7A3FA0A4BF3
:1074A000DB6D0546984704F10C020834034601924F
:1074B00000943A4631462846FEF7A1FA03B0F0BDE3
:1074C0001420030833200308A41C03082DE9F04707
:1074D000224E90F90190736845688AB00446884648
:1074E0009847002837D1A37C63B91D4A23781268D6
:1074F00003EB430302EB830152F823504B68002B4C
:1075000018BF1D46174B284613F909A0F368984782
:10751000637C228909930125002302920822CDE988
:107520000032CDE90735CDE90533CDE90333A17844
:10753000B7692B4652462846B8470B4B13F809103B
:10754000736D0D312846C9B2984788F800902846D7
:107550000AB0BDE8F0870020FAE700BFA41C0308CA
:107560001073002033200308392003082DE9F04F61
:10757000374D90F901309146364AD7562A6803783C
:107580004FF00C0A0AFB0323334A5B7A126803EBC1
:10759000430302EBC3038DB00446884690F9020012
:1075A00093F90210FEF74CFB2C49064694F90100B2
:1075B000FEF74AFB22782B680AFB02FA834653F84F
:1075C0000A00274B984294BF0A200E20DFF788FB61
:1075D00063680B93824601461846DFF773FD08B1D6
:1075E0000B9B9A465146A268DFF878A03046FEF71A
:1075F0002EFA22780B900C2353432868DAF80C20DB
:10760000C058904700224FF47A630125CDE9072343
:107610000823CDE90522CDE90325CDE901530B99D6
:1076200000975B462846DAF81C70B847DAF8543001
:10763000217B28469847A18994F90100FFF78CFD2A
:10764000C9F80000284688F800600DB0BDE8F08F4A
:1076500010730020332003080C730020142003084B
:107660001F21F636A41C03082DE9F04F8DB000242D
:1076700005468A46914698460294ADF80C40ADF80E
:10768000064007264FF0010B2B7AA34206D9686803
:1076900002A92044FEF740F9002854D1AB7A8DF8B6
:1076A00015309DF809308DF816309DF80A308DF8A8
:1076B00017309DF808308DF81830EB7A8DF81930B6
:1076C0002B7B8DF81A306B7B8DF81B3010238DF8D7
:1076D00014608DF81C303A4E0DF1060308934FF4F8
:1076E000A063ADF8243033680A930723ADF82C303B
:1076F0002B6804930DF10A0202AB0DF1090104A8F5
:10770000FEF724F9072805460BD130680C2200212A
:1077100000F55870F6F7ABFB3368BDF80620A3F808
:1077200060239DF809308AF800309DF80A3089F806
:1077300000309DF8083088F80030169B28461C70F1
:107740000DB0BDE8F08F9DF80B30BDF80C70ADF8B2
:1077500006700444E4B2F3B917B3194A0020116863
:10776000072602464FF00C0C062B1BD10CFB00FE2B
:1077700051F80EE0BEF1000F04D00BFA00F21743EF
:10778000BFB2012201301028EED1002A3FF47CAFB5
:10779000ADF8067078E75A1E042A01D9062BDCD012
:1077A000062671E747FA00FE1EF0010FEAD00CFB37
:1077B00000FE51F80EE0BEF1000F08BF0626E1E71B
:1077C0001073002038B505464068FFF7E3FC05223A
:1077D00000284FF0000195F9000014BF072406248B
:1077E000FDF7BBFF08B904F0050495F90100052277
:1077F0000021FDF7B2FF08B904F0FB04204638BDB4
:107800004FF0FF307047000010B503780F2B04468F
:107810001AD84068FFF7BEFC22780C4902EB4202FE
:107820000968002801EB820051F8222014BF0323CD
:1078300002231AB903F0010358B210BD032B06BF8F
:10784000626842600223F7E70020F6E71073002029
:10785000704700002DE9F04F554F0446386899B045
:107860008846914600211E460122072300F55870E4
:10787000CDE90611CDE908118DF814108DF8151019
:10788000ADF81630FDF78BFF30B93A68B2F86033C7
:1078900043F00703A2F860333A68637A8DF8283022
:1078A00002F55871CDE90B12424A94F9083012687A
:1078B0000D920DF116020F922268109262681192D9
:1078C000D4E90301A27A8DF8482001228DF84920DD
:1078D00013AA82E803001025227DE18A8DF8293061
:1078E00018468DF85420ADF83850FFF735FC0AAB38
:1078F00017930DF1150306AA31461690CDF80490A2
:10790000009310A805ABFEF73CF90446E6F795F99D
:107910008346E6F796F98146002C3FD1E6F789F9D0
:107920009DF81410012801F1FF3120462DD1F6F702
:107930007DFA214B21491B690295C6B2039318AB0E
:107940003344701C13F848AC9DF81430B0FBF3F6C8
:1079500003FB16060C2303FB0AFC3868039D50F852
:107960000C004B465A46A847F6B2144928B188F88D
:1079700000A0204619B0BDE8F08F029B5D1E15F0F7
:10798000FF030293DBD10D24F3E7F6F74FFA18ABB0
:10799000184410F8483C88F80030EAE70C2C01BF86
:1079A0003A68B2F8603343F00703A2F86033E0E7C7
:1079B000107300200C730020A41C0308400D03006A
:1079C000F8B50679022E054601D80620F8BD0F2E1F
:1079D0002BD80368187A40F303000522002140B237
:1079E000FDF7BBFE2B680446187A40F3031005220E
:1079F000002140B2FDF7B1FEA8B1B4FA84F46409E5
:107A000029680B7A086843F3030243F3031352B265
:107A10005BB29A42C8BF0124FFF7BCFB48B9002CF7
:107A2000D3D10420D2E70124EAE70320CEE70520E2
:107A3000CCE7002CFBD10C4F29683B6806EB4600D5
:107A400003EB80000C22F6F7FEF93A680C2303FBE7
:107A5000062320465C72012303FA06F6B2F860336F
:107A60001E43A2F86063B1E71073002010B40178E0
:107A700002290ED9084B18680C234B43C418002266
:107A8000C250C4E9012200F5587010BC1022FDF765
:107A90006DBE002010BC7047107300202DE9F0412E
:107AA00086B050238DF81430037A102B074630D15E
:107AB0004368DD7B6DBB0324A8466426072C14D8DD
:107AC0007A68535D03932A44517843EA0123039370
:107AD000927843EA02437343CDE9033863B96846B9
:107AE0008DF80040FFF7C2FF0DE0CDF80C808DF857
:107AF0001480CDF81080F2E703AB01A801938DF854
:107B00000840FFF75DFF0134E4B2102C05F10305D6
:107B1000D4D106B0BDE8F0811FB5026803791168C1
:107B200051B901A88DF80430FFF7A0FF78B9002003
:107B300040B205B05DF804FB02A802928DF80C304B
:107B4000FFF73EFF0628F2D8024B185CF0E703204F
:107B5000EEE700BF2C200308881A40B220EAE0704C
:107B6000C0B2704710B586B00B4B01938368029387
:107B700040F21133ADF80C3000238DF80E3043681D
:107B800004930388ADF8143001A80C46FDF774FF88
:107B90000323237006B010BD3320030830B50B4B10
:107BA00085B00C460A491D56FEF74EF808220146DC
:107BB0000020CDE90020074A0123E4B20294039398
:107BC000546A18462A46A04705B030BDAA200308CB
:107BD00040200308A41C03080B4B10B51B6A044685
:107BE000984768B1094B0A4A2344934209D8094A85
:107BF000534341F6F632B2EBB31F2CBF01200020F5
:107C000010BD0020FCE700BFA41C0308608FF7C86C
:107C1000401640005FF7435907B5002300930378EF
:107C2000013B332B31D8DFE803F01A1E30303030FF
:107C30003030303E404244304D5053505356305F08
:107C40001C616365673030696C2330303030303010
:107C500030303030303030306E761C303076C37893
:107C60001BB9082302E083787BB1022300930CE068
:107C7000827890F9013062B92BB1082B1ABF03F159
:107C8000FF33DAB2062252B20092009803B05DF8D8
:107C900004FB022B05D0082B1ABF03F1FF33DBB224
:107CA00006235BB2E2E70523E0E74023DEE720237B
:107CB000DCE7827890F9013012B9184AD35CD5E735
:107CC000174AFBE74FF47A73D0E741F28833CDE7E8
:107CD00041F27073CAE713484FF47A71F6F7A6F8C9
:107CE00000F5FA600090D0E70F4BBFE70F4BBDE700
:107CF0000F4BBBE74823B9E70E4BB7E70E4B00939A
:107D0000C3E70023FBE740F21333ADF80030012353
:107D10008DF80230B9E70A23A8E700BFBA200308AC
:107D2000CA20030818FCFFFFA07008378C760020DB
:107D3000A4760020147300200000F04113B50A4A15
:107D400003780C2101FB03235C7A182303FB042432
:107D500003690093C3684278816804F55870FDF7A1
:107D60004BFD02B010BD00BF1473002070B5044677
:107D700086B0182200216846E0F76EFF247B0123BD
:107D8000ADF8003024B1013C9C423BD906B070BD37
:107D90002648274D18226946F6F755F8254B264AFE
:107DA0001946184650260A6002F5433202F5A072C1
:107DB000AA420E724C7201F10C01F4D11F4A204C00
:107DC00066250021C3F8002302F5C31202F52062E4
:107DD000A24283F8085383F8091303F10C03F1D18D
:107DE000FF23C0E9E431C0F8981316490622A1F137
:107DF0001800FDF7F2FC1449062201F10C00FDF712
:107E0000ECFCC3E70F490622A1F11800FDF7E5FCE1
:107E10000E4A062332F8021B32F80E0C013B0140D9
:107E200013F0FF0322F8021CF4D1AFE774760020B0
:107E3000002850371473002000D88C36608697369F
:107E400060D65A37A47600208C76002098760020E1
:107E500008B503460A2925D8DFE801F006242424C2
:107E6000240B0B16241F1F00BDE808400068FFF715
:107E7000B3BE997890F90000052261B9FDF76DFC59
:107E8000003818BF012008BD9B7890F900000D2232
:107E90000BB90821F2E70221F0E790F900000A226D
:107EA0000021EBE70020EEE770B5037A102B1ED11E
:107EB0004068C37B012B1AD10D4B0021451CA3F553
:107EC0005E7610F811201A8015F81140042942EA54
:107ED000042223F8022B04BFD2B2A6F880235A89C9
:107EE00033F8024C0131224005295A81E9D170BD95
:107EF0008C76002038B505791DB1012D1ED00020EB
:107F000038BD124C0168062204F55E70FDF765FC71
:107F100094F89833A4F89833A4F89A53062304F5F8
:107F2000617434F8022B34F80E1C013B0A4013F044
:107F3000FF0324F8022CF4D10120E1E70168044892
:107F40000622FDF74AFC2846DAE700BF147300203A
:107F5000A47600200D28F7B5A8BF0D20144D587049
:107F600017461C46134A55F8203093420E461CD043
:107F7000114A93420CBF02230023A3700F4B55F804
:107F80002010185CFDF72EFD0D4BDB6D0546984764
:107F900004F10C0208340346019200943A4631463B
:107FA0002846FDF72CFD03B0F0BD0123E5E700BF37
:107FB0004020030890D0030020A10700AA20030856
:107FC000A41C03082DE9F0471C4E90F9019073683A
:107FD00045688AB004468846984768BBA37C33B995
:107FE0002578174A174B05F0070502FB0535164B98
:107FF000284613F909A0F3689847637C22890993FE
:108000000125002302920822CDE90032CDE907358F
:10801000CDE90533CDE90333A178B7692B46524644
:108020002846B8472846736D0D21984788F8009078
:1080300028460AB0BDE8F0870020FAE7A41C030830
:10804000C0270900A0700837AA2003082DE9F04FC7
:108050002C4B2D4D924690F901209F56037889466E
:108060000C2101FB035318215B7A01FB03538DB0F4
:1080700093F9628390F902309845B8BF9846234B34
:1080800053F82260224B9E42044639D0214B9E4237
:108090000CBF022600266168A268DFF87CB040466B
:1080A000FDF7D5FC23780B900C225A43DBF80C30FB
:1080B000A858984700224FF47A630125CDE9072399
:1080C0000823CDE90522CDE90325CDE901530B991C
:1080D000009733462846DBF81C70B847DBF854306D
:1080E000217B28469847A18994F90100FFF756FDA6
:1080F000CAF80000284689F800800DB0BDE8F08F6E
:108100000126C8E7AA2003081473002040200308B2
:1081100090D0030020A10700A41C03082DE9F04F14
:1081200093B007AF0024CDE9002305468846062218
:10813000734907943846C7E90144FDF74EFB4FF0F9
:10814000010AA1462B7AA34206D9686805A92044F2
:10815000FDF7E2FB002874D19DF91530052B07DCF3
:10816000042200213846FDF71AFB012840F2C680A0
:10817000072602238DF80C3003A86B7A8DF80E3099
:10818000FFF74AFDAB7A8DF82D309DF815308DF84C
:108190002E309DF816308DF82F309DF814308DF864
:1081A0003030EB7A8DF831302B7B8DF832306B7BB1
:1081B0008DF8333048238DF8343005238DF83D3069
:1081C0000A23ADF844302B688DF82C608DF83C0004
:1081D0000A934C4E0E9705AB0DF116020DF11501E9
:1081E0000AA81096FDF7B2FB0728054617D106220C
:1081F000394606F55E70FDF7F0FAD6F88433D6F806
:1082000078231340C6F88433D6F87C23D6F8883315
:108210001340C6F88833D6F88033C6F88C339DF8FF
:108220001530009A88F800309DF816301370019AC6
:108230009DF8143013701C9B28461C7013B0BDE8C9
:10824000F08F9DF81730BDF818200444062BE4B2D7
:1082500007D14FF0FF33CDE90733D2B2ADF8242078
:1082600070E7072B02D1CDE90799F6E7052B3FD13F
:108270000021D2B2084612AB0AFA01FE03EB400C11
:1082800012EA0E0F3CF82C3C01F0010B0FFA8EF6AF
:108290001BD0BBF1000F0CD143F0FF032CF82C3C9A
:1082A000BDF824301E43ADF8246001310829E2D125
:1082B00048E763F0FF032CF82C3CBDF824301E4344
:1082C0000130ADF82460C0B2EFE7F643BBF1000F18
:1082D00007D123F0FF032CF82C3CBDF824301E40BE
:1082E000E1E7DBB22CF82C3CBDF824301E40E7E778
:1082F00012A901EB430323F82C2C23E7062638E7C9
:108300008C7600201473002038B505464068FFF7CE
:1083100063FC0D2200284FF0080195F9000014BFFE
:1083200007240624FDF719FA08B904F0050495F9A5
:108330000030072B01D00D2B01DD04F0FD0495F971
:10834000010003220021FDF708FA08B904F0FB043C
:10835000204638BD0020704700207047002070473D
:10836000074BFF22A3F88023064A137813F0010F6E
:1083700003F10103137014BF06200220704700BFF1
:1083800014730020B07600202DE9F04F9BB000243C
:10839000069106462146914609A844221F460894A4
:1083A000E0F75AFC5048DFF8488104222146FDF7E7
:1083B000F6F930B9042208F55E7108F56170FDF731
:1083C0000CFA96F90830052B06DD98F88C331BB9AA
:1083D000B8F88033A8F88C337068F5F7EDFB736854
:1083E00013B13568854273D800243C60F18A96F950
:1083F0000800757AB77A96F814A0FFF7CFFB0390C0
:10840000D6E9030101AA82E803003B462846374922
:10841000CDF800A00122FDF705FA96F90830049383
:10842000334B054627462646E2B205920C2202FB54
:10843000048B4FF0000AB3F8842342FA0AF2D20701
:108440001CD5DBF80020CAB19BF8081004980793EC
:1084500041F3031241F3030152B249B2FDF77DF932
:10846000079B58B19BF80920214902EB420201EB1E
:10847000C20292F8742312BB0137FFB20AF1010A5B
:10848000BAF1100F0BF10C0BD5D11034502C03F1B5
:108490000203C9D10EB3711E0020F5F7C7FC1AAB59
:1084A0001844069B10F8481C19700F484022FDF72D
:1084B0005DF90020C9F800001BB0BDE8F08F1AA9D3
:1084C000721C0E440599514406F8481CD6B2D5E7F3
:1084D0002D1AC9F800500B20EEE7002FF9D1C9F88A
:1084E00000700C20E8E700BF98760020747600202A
:1084F00014730020064B10B5062404FB01318B5683
:10850000002B03DA00280CBF00230223D8B210BDD1
:108510008020030810B586B00B4B0193836802934B
:1085200040F61323ADF80C3002238DF80E3043686B
:1085300004930388ADF8143001A80C46FDF79CFAAB
:108540000A23237006B010BDAA200308064B10B5FD
:108550001B6A0446984730B10448054B20449842B2
:108560008CBF0020012010BDA41C0308006880CC33
:10857000808D5B00F0B5114B85B00C4610491F563D
:108580000546FDF761FB0F4BE4B25E6A072D4FF025
:108590000103CDE9024301460AD105220023CDE9BA
:1085A00000234FF47A727A431846B04705B0F0BD05
:1085B00008220020CDE900203A46F5E70321030810
:1085C000DC200308A41C03081FB5027800230B3A23
:1085D00000932C2A64D8DFE802F02C2F3136383B88
:1085E0003E414447634F6351565B5D636360671769
:1085F000636363636363636363636363634F69704C
:10860000636372706374780043788DF804300723D5
:108610008DF805304FF48053ADF806302E4B1B68B3
:1086200001A803F55872CDE90223FDF7EEFA009098
:1086300036E04023009333E02023FBE790F901303C
:10864000264AD35CF6E70123F4E740F6B833F1E7B6
:108650004FF47A73EEE74FF4FA63EBE741F28833B5
:10866000E8E741F27073E5E71D484FF47A71F5F7DA
:10867000DDFB00F5FA60DAE71A4BDBE7164B1B6807
:1086800003F55873D6E7144B1B6803F55B73D1E70A
:108690001023CFE7104B1B68CCE74FF083430093C8
:1086A000009805B05DF804FB0023F8E740F21112D2
:1086B000ADF800208DF80230F2E70323BAE70A4B49
:1086C000B8E790F90130094ABBE7094990F9010080
:1086D000FDF7BAFAABE700BFB87600200B2103081C
:1086E00018FCFFFFE069CD33A05CCA330321030807
:1086F000DC20030837B50B4B1A6803780C2101FB0B
:1087000003235B7A03EB4304074B1D680369009363
:10871000C3684278816805EBC400FDF76DF803B0CB
:1087200030BD00BFB8760020B476002030B587B0E9
:10873000027B6423ADF80030012A4FF00003CDE93D
:108740000133CDE903338DF802308DF8143028D091
:10875000022A2FD01ABB03680BB34368FBB11A4C33
:1087600080682360194B182269461860F5F76BFB87
:10877000174B246893E807000C3384E8070093E85C
:10878000070004F10C05032385E80700A4F86C3307
:10879000012204F55B7104F55870FDF71EF807B06F
:1087A00030BD094908684360036100F55B7100F55D
:1087B0005870F2E7044B1B68B3F86023B3F86C13EE
:1087C0000A43A3F86023EAE7B8760020B4760020D5
:1087D000E4DD020808B50E2909D8DFE801F00A082F
:1087E000080808190F190819190808081B000020A3
:1087F00008BDBDE808400068FFF7A8BE052290F953
:1088000000000021FCF7A9FF003818BF0120EFE7A6
:108810000722F4E70120EBE710B504791CB1012C25
:108820000BD0002010BD0A4B01681B68012203F524
:108830005870FCF7D2FF0120F4E7054B01681B6874
:10884000224603F55B70FCF7C8FF2046EAE700BF4D
:10885000B8760020F7B50728144D1C46A8BF07209E
:1088600058700E4629461746FDF7EEF994F9013087
:10887000A070072B13D13220FDF7BCF80C4BDB6D39
:108880000546984704F10C0208340346019200940F
:108890003A4631462846FDF7B2F803B0F0BD054A26
:1088A00055F82310D05CFDF79DF8E7E7DC200308BE
:1088B000A41C0308032103082DE9F04F304E90F962
:1088C0000180736847688BB005468946984704461F
:1088D000002852D1AB7C63B92A4A2B78126803EB8B
:1088E000430302EB830152F823704B68002B18BF3F
:1088F0001F46254B384613F908B0F36898476B7C40
:10890000D6F818A0A9680993B8F1070F23D100235E
:10891000012289B2CDE904321C4A0291CDE9073324
:108920000521CDE900214FF47A720693039302FBEF
:108930000BF24CF250311846D047154B13F8081083
:10894000736D0D312046C9B2984789F80080012027
:108950000BB0BDE8F08F0027012489B20823CDE9D0
:1089600000730291CDE90774CDE90577CDE903776E
:10897000A97823465A462046DEE70020E8E700BFF4
:10898000A41C0308B87600200321030885450100D4
:108990000B2103082DE9F04F374E90F90130374F86
:1089A0008DB09346364A0A91D356316802780B93BC
:1089B0000C2505FB02123349527A096802EB420288
:1089C00001EBC202044692F9021090F90200FDF791
:1089D00037F92D49804694F90100FDF735F9A26871
:1089E000616882464046FDF732F822783168554387
:1089F0008146FA684859904794F90120FB6900259F
:108A0000072A4FF47A629C46CDE90752CDE9055515
:108A10000B9B22D10122CDE903520522CDE901525F
:108A20004FF47A725343009346F2A81253464946D4
:108A300028466646B047A18994F90100FFF79AFDE0
:108A40007B6DCBF80000217B284698470A9B0120CC
:108A500083F800800DB0BDE8F08F01260822CDE933
:108A60000356CDE9016200932A46534665464946BE
:108A70003046A8473546DEE7B8760020A41C030838
:108A800003210308B4760020DC2003082DE9F04F11
:108A90008DB0002405468A46914698460294ADF86A
:108AA0000C40ADF8064007264FF0010B2B7AA3428D
:108AB00006D9686802A92044FCF72EFF002854D18B
:108AC000AB7A8DF815309DF809308DF816309DF889
:108AD0000A308DF817309DF808308DF81830EB7A91
:108AE0008DF819302B7B8DF81A306B7B8DF81B308D
:108AF00010238DF814608DF81C303A4E0DF10603EA
:108B000008934FF4E063ADF8243033680A930723E9
:108B1000ADF82C302B6804930DF10A0202AB0DF175
:108B2000090104A8FCF712FF072805460BD130689D
:108B30000C22002100F55870F5F799F93368BDF85B
:108B40000620A3F860239DF809308AF800309DF8CC
:108B50000A3089F800309DF8083088F80030169BFC
:108B600028461C700DB0BDE8F08F9DF80B30BDF8A5
:108B70000C70ADF806700444E4B2F3B917B3194AA7
:108B800000201168072602464FF00C0C062B1BD163
:108B90000CFB00FE51F80EE0BEF1000F04D00BFA02
:108BA00000F21743BFB2012201301028EED1002A93
:108BB0003FF47CAFADF8067078E75A1E042A01D95D
:108BC000062BDCD0062671E747FA00FE1EF0010FE7
:108BD000EAD00CFB00FE51F80EE0BEF1000F08BF1A
:108BE0000626E1E7B876002038B505464068FFF76D
:108BF000ADFC072200284FF0000195F9000014BFDA
:108C000007240624FCF7A9FD08B904F0050495F92A
:108C1000010005220021FCF7A0FD08B904F0FB04C7
:108C2000204638BD4FF0FF307047000010B5037884
:108C30000F2B04461AD84068FFF788FC22780C49AD
:108C400002EB42020968002801EB820051F8222061
:108C500014BF032302231AB903F0010358B210BD55
:108C6000032B06BF626842600223F7E70020F6E7A5
:108C7000B8760020704700002DE9F041394D0446D8
:108C8000286896B00E46904600211F460122032315
:108C900000F55870CDE90411CDE906118DF80C10DE
:108CA0008DF80D10ADF80E30FCF779FD30B92A685B
:108CB000B2F8603343F00303A2F860332A68637AA2
:108CC0008DF8203002F55871CDE90912264A94F941
:108CD000083012680B921022ADF830200DF10E0210
:108CE0000D9222680E9262680F92D4E90301A27A73
:108CF0008DF8402001228DF8412011AA82E803005E
:108D0000227DE18A8DF8213018468DF84C20FFF73E
:108D100031FC08AB15930DF10D0314900093CDF8C1
:108D2000048003AB04AA39460EA8FCF72AFF0446C8
:108D300068B99DF80C100139F5F778F816AB1844AE
:108D400010F8483C3370204616B0BDE8F0810C287E
:108D500001BF2A68B2F8603343F00303A2F860331E
:108D6000F1E700BFB8760020B4760020F8B50679A8
:108D7000012E054601D80620F8BD0F2E2BD803681A
:108D8000187A40F303000722002140B2FCF7E5FC0B
:108D90002B680446187A40F303100722002140B2E2
:108DA000FCF7DBFCA8B1B4FA84F4640929680B7AF7
:108DB000086843F3030243F3031352B25BB29A42CF
:108DC000C8BF0124FFF7C2FB48B9002CD3D104204F
:108DD000D2E70124EAE70320CEE70520CCE7002C08
:108DE000FBD10C4F29683B6806EB460003EB800083
:108DF0000C22F5F728F83A680C2303FB06232046DB
:108E00005C72012303FA06F6B2F860331E43A2F83F
:108E10006063B1E7B876002010B4017801290ED95B
:108E2000084B18680C234B43C4180022C250C4E9F5
:108E3000012200F5587010BC1022FCF797BC0020EE
:108E400010BC7047B87600202DE9F04186B0502361
:108E50008DF81430037A102B074630D14368DD7B40
:108E60006DBB0224A8466426062C14D87A68535D8C
:108E700003932A44517843EA01230393927843EA07
:108E800002437343CDE9033863B968468DF8004067
:108E9000FFF7C2FF0DE0CDF80C808DF81480CDF8FF
:108EA0001080F2E703AB01A801938DF80840FFF7AB
:108EB0005DFF0134E4B2102C05F10305D4D106B0F6
:108EC000BDE8F0811FB502680379116851B901A8A6
:108ED0008DF80430FFF7A0FF78B9002040B205B04C
:108EE0005DF804FB02A802928DF80C30FFF73EFFFC
:108EF0000628F2D8024B185CF0E70320EEE700BF2B
:108F0000FC200308881A40B220EAE070C0B2704723
:108F100010B586B00B4B01938368029340F2113376
:108F2000ADF80C3000238DF80E30436804930388AD
:108F3000ADF8143001A80C46FCF79EFD0323237006
:108F400006B010BD0321030830B50B4B85B00C46AD
:108F50000A491D56FCF778FE082201460020CDE99B
:108F60000020074A0123E4B202940393546A18468E
:108F70002A46A04705B030BD682103081421030824
:108F8000A41C03080B4B10B51B6A0446984768B134
:108F9000094B0A4A2344934209D8094A534341F6EC
:108FA000F632B2EBB31F2CBF0120002010BD002011
:108FB000FCE700BFA41C0308608FF7C84016400000
:108FC0005FF743591FB5002300930378013B362B0D
:108FD00068D8DFE803F01C676767676767676767DC
:108FE000343638673D404346494C67541C565B60F5
:108FF000626767656B1F676767676767676767674C
:109000006767676D731C1C676D1C1C7B7F000823E2
:10901000009347E043788DF8043004238DF8053041
:109020004FF49043ADF806302D4B1B6801A803F5B3
:109030005872CDE90223FCF7E8FD009032E04023AE
:10904000E6E72023E4E790F90130264AD35CDFE726
:1090500040F6B833DCE74FF47A73D9E74FF4FA639C
:10906000D6E741F28833D3E741F27073D0E71E4868
:109070004FF47A71F4F7DAFE00F5FA60DDE71B4B86
:10908000C6E7174B1B6803F55873C1E7144B1B6801
:1090900003F55B73BCE74823BAE7114B1B68B7E7DE
:1090A000134B0093009805B05DF804FB0023F8E72C
:1090B000104A0E490079FCF719FBBEE740F217434E
:1090C000ADF8003003238DF80230EBE790F9013062
:1090D000094ABBE7094990F90100FCF7B5FDACE787
:1090E000C47600207821030818FCFFFFA070083721
:1090F0009A990042C0270900682103081421030837
:1091000037B50B4B1A6803780C2101FB03235B7AFC
:1091100003EB4304074B1D6803690093C36842785F
:10912000816805EBC400FCF767FB03B030BD00BFEE
:10913000C4760020BC760020F0B587B00123047B04
:10914000ADF800300023CDE90133CDE903338DF8CC
:1091500002308DF8143024B1013C012C4ED907B0F7
:10916000F0BD0368002BFAD04268002AF7D0304DDA
:1091700080682A602F4A304E10609C811822694610
:109180003360F4F760FE28682C4B2D4F02460146F1
:109190004FF0300C0B6003F5433303F5A073BB4273
:1091A00081F808C04C7201F10C01F3D1254B26491E
:1091B00044270024C2F8003303F5C31303F52063EA
:1091C0008B4282F8087382F8094302F10C02F1D154
:1091D0004FF0FF33C0E9DB33FF23C0F8743300F5F1
:1091E0005B71062200F55870FCF7F7FA29683068C1
:1091F000062201F55871FCF7F0FAB0E70C4C206834
:10920000062200F55B7100F55870FCF7E6FA0A4B90
:1092100021681B6801F558719A1E0A3332F8024F13
:1092200031F8020B9A4200EA04001080F6D196E76A
:10923000C4760020BC760020C07600206001C835CE
:1092400060518B36C0AFD235C0FF953608B50A29BC
:109250001DD8DFE801F0061C1C1C1C0B0E101C1A8C
:109260001A00BDE808400068FFF78CBE0422002108
:1092700003E00522FBE70D22082190F90000FCF72E
:109280006CFA003818BF012008BD0E22EFE700205D
:10929000FAE70000F8B51C4B1B6804467BBB237A39
:1092A000102B2FD16668F37B012B2BD1174B18683D
:1092B000174B1C6800F55875023C0022294606F140
:1092C000010C16F812302B801CF81270042A43EAA5
:1092D000072325F8023B04BFDBB2A0F8683334F85B
:1092E000023F35F8027C01323B40052A2380E8D159
:1092F000BDE8F840062200F55B70FCF76EBA9847AF
:109300000028CCD0F8BD00BFC8760020C47600206D
:10931000C076002070B50546042200680021FCF7E5
:109320003EFA2C791CB1012C21D0002070BD154EC5
:1093300029683068062200F55870FCF74EFA336849
:1093400093F87423A3F874230F4AA3F876431268A2
:1093500003F55873911E0A3231F8024F33F8020BAD
:10936000914200EA04000880F6D10120DEE7054BB7
:1093700029681868062200F55B70FCF72EFA204673
:10938000D4E700BFC4760020C0760020F7B50D28D2
:10939000114DA8BF0D201C460E4658702946174691
:1093A000FCF752FC94F901300C4A55F82310A070D8
:1093B000D05CFCF717FB0A4BDB6D0546984704F1C0
:1093C0000C0208340346019200943A46314628467E
:1093D000FCF715FB03B0F0BD142103086821030856
:1093E000A41C03082DE9F0471F4E90F90190736803
:1093F00045688AB0044688469847002831D1A37C46
:1094000033B92578194A1A4B05F0070502FB0535D3
:10941000184B284613F909A0F3689847637C228902
:1094200009930125002302920822CDE90032CDE9FB
:109430000735CDE90533CDE90333A178B7692B466C
:1094400052462846B8470C4B13F80910736D0D317E
:109450002846C9B2984788F8009028460AB0BDE867
:10946000F0870020FAE700BFA41C0308C02709000A
:10947000A070083768210308782103082DE9F04F10
:10948000374B384E90F902A0D6F800B0914690F9CB
:1094900001209F56037888460C2101FB03B3324913
:1094A0005B7A096803EB430301EBC3038DB093F9C7
:1094B00002100B9204465046FCF7C2FB0B9A042A9A
:1094C00005463FD15546022DB8BF0225274994F9DC
:1094D0000100DFF8A0A0FCF7B7FB25498346002276
:1094E0002846FCF7B4FA23780B900C225A433068D4
:1094F000DAF80C308058984700224FF47A6301263E
:10950000CDE907230823CDE90522CDE90326CDE9DE
:1095100001630B9900975B463046DAF81C70B84738
:10952000DAF85430217B30469847A18994F901003C
:10953000FFF70AFDC9F80000304688F800500DB06A
:10954000BDE8F08F042200210BF55870FCF727F9D5
:109550003128BBD85546052DB8BF0525B6E700BF55
:1095600068210308C4760020BC760020142103087B
:109570000000F041A41C03082DE9F04F7C4E93B08D
:10958000CDE901123168039307AF00240546062296
:1095900001F558713846C7E901440594ADF8184003
:1095A0000794FCF71AF9A0464FF0FF392B7AA34233
:1095B00006D9686805A92044FCF7AEF9002876D1E1
:1095C0009DF91530032B07DC0422002107A8FCF7C6
:1095D000E6F8012840F2CA8007238DF82C30AB7AD8
:1095E0008DF82D309DF815308DF82E309DF8163001
:1095F0008DF82F309DF814308DF83030EB7A8DF8DF
:1096000031302B7B8DF832306B7B8DF83330482333
:109610008DF834304FF48063ADF83C3033681093EC
:109620000E23ADF844302B680A930DF1160205ABFA
:109630000DF115010AA80E97FCF788F907280546D1
:1096400023D130680622394600F55870FCF7C5F87A
:10965000484B32681B68B2F86003198801401980D2
:10966000B2F86203598801405980B2F864039988BE
:1096700001409980B2F86603D9880140D980B2F8D8
:109680006813B2F86A2319815A81019A9DF815303E
:109690001370029A9DF816301370039A9DF81430D7
:1096A00013701C9B28461C7013B0BDE8F08F9DF80A
:1096B0001730BDF818200444062BE4B205D1CDE9DB
:1096C0000799D2B2ADF8242070E7072B02D1CDE97B
:1096D0000788F6E7052B43D14FF0000CD2B2614664
:1096E000012303FA0CFA0CEA030B12AB03EB410E55
:1096F00012EA0A0F3EF82C3C0FFA8AF01DD0BBF19B
:10970000000F0ED143F0FF032EF82C3CBDF824309F
:109710001843ADF824000CF1010CBCF1080FDFD1A7
:1097200044E763F0FF032EF82C3CBDF824301843C7
:109730000131ADF82400C9B2EDE7C043BBF1000F21
:1097400007D123F0FF032EF82C3CBDF8243018403D
:10975000DFE7DBB22EF82C3CBDF824301840E7E7F9
:1097600012A901EB430323F82C2C1FE7062334E74F
:10977000C4760020C076002038B505464068FFF763
:1097800001FC0D2200284FF0080195F9000014BFDC
:1097900007240624FBF7E1FF08B904F0050495F956
:1097A000000007220521FBF7D8FF012803D095F917
:1097B00000300D2B01DD04F0FD0495F901000322BA
:1097C0000021FBF7CAFF08B904F0FB04204638BDAE
:1097D0004FF0FF3070474FF0FF3070474FF0FF30D1
:1097E000704700000E4B5B6810B50C462BB90D4B53
:1097F0001A68537B34B1013B05E0984740B200281A
:10980000F5D010BD01335373537BC3EBC30203EB9D
:10981000C203DBB21D2B34BF04200020F1E700BFE0
:10982000C8760020C07600202DE9F0470026A4B0BD
:10983000484D8DF80E6004460F469146314644224D
:1098400013A898468DF80F601296DFF705FA314697
:109850002868DFF808A10422FBF7A1FF064648B9F3
:10986000DAF800102868042201F55871FBF7B5FFFB
:109870002B681E7394F908302A68DAF80010032B5D
:1098800004DD107A10B9B1F868031081CDE9052123
:10989000314A607A126807924822ADF820200022EF
:1098A000099222680A9262680B92A27A8DF81000DF
:1098B0008DF83020D4E9030101228DF8312004AA6B
:1098C00011920DAA82E80300227DE18A8DF8113001
:1098D00018468DF83C20FFF737FB0DF10F03109071
:1098E0000093CDF804900DF10E0312AA41460AA888
:1098F000FCF747F9064680B9637A93B19DF80E10DC
:109900000139F4F793FA24AB184410F8483C3B7043
:10991000397828684822FBF729FF304624B0BDE893
:10992000F08794F90830286853B1007A3246D3B2F0
:1099300040FA03F1C90702F10102F8D54033E6E726
:109940003A4600F10C01FBF78DFE0328E0D10646F4
:10995000E3E700BFC0760020BC760020C47600207C
:10996000034B03EB8103985620EAE070C0B27047C6
:109970005421030810B586B00B4B01938368029302
:1099800040F61703ADF80C3002238DF80E30436813
:1099900004930388ADF8143001A80C46FCF76CF86A
:1099A0000823237006B010BD6821030803C8024BCA
:1099B00083E80300704700BFC87600202DE9F0431C
:1099C000CBB00646DDF84891174698460D4689B358
:1099D000B9F1000F2ED004A803F08EFD164B1968C4
:1099E000002401F1140304EB04101A5C424513D166
:1099F0001530014404A803F08FFDA6B93A46294664
:109A000004A803F08EFD684604A903F0F1FD009B55
:109A1000C9F80030002003E00134172CE3D1032003
:109A20004BB0BDE8F083102231460DEB020003F08D
:109A300078FDE3E70220F3E7D076002070B5E8B0C8
:109A40004FF4D072002104466846DFF705F9454A15
:109A500002F110010DF115000B4652F8045B40F8BD
:109A6000045B8A42F9D101228DF825203D4A0DF18F
:109A7000260152F8040B41F8040B9A42F9D1022254
:109A80008DF8362003228DF8472004228DF85820C7
:109A9000344A0DF1590152F8040B41F8040B9A4273
:109AA000F9D105228DF869202E4A0DF16A0152F88C
:109AB000040B41F8040B9A42F9D106228DF87A2062
:109AC000284A0DF17B0152F8040B41F8040B9A422D
:109AD000F9D107228DF88B20224A23AE10685168F5
:109AE000354603C508329A422E46F7D108238DF831
:109AF0009C307F238DF8AD3080238DF8BE308123DC
:109B00008DF8CF3082238DF8E03083238DF8F1304B
:109B100084238DF8023185238DF8133186238DF847
:109B2000243187238DF8353188238DF846318923F8
:109B30008DF857318A238DF868318B238DF8793170
:109B40008C238DF88A3154B1074B20464FF4D072E4
:109B500069461C60F4F777F9002068B070BD0220F8
:109B6000FBE700BF88210308D07600207E2B01D8B8
:109B7000FFF724BF0320704730B50D4685B014466B
:109B8000014668B103AA002000922A460390FFF71D
:109B900015FF18B90398001B18BF012005B030BD90
:109BA0000220FBE72DE9F0410D46BEB0164698466F
:109BB000074670B36BB311F00F042CD1F02221468D
:109BC00001A8F4F754F9154B1868214600F1140266
:109BD00001EB0113D45CB4420BD1153301AA10215F
:109BE0001844E1F75BFD2C462E1BF6B244B9204623
:109BF00003E001311729EBD103203EB0BDE8F0812D
:109C000001AA08EB0601B819103CE1F74CFDA4B21B
:109C1000EAE70220F1E70520EFE700BFD076002059
:109C2000F0B51E4D2E68034685B00846002206F1A9
:109C3000140402EB02171101E75D9F4229D183F062
:109C40008004092C9EBF40F24923E340DB430A44D1
:109C500094BF03F00103012302F1150493B9CDE988
:109C60000033CDE902337F2210216B46FFF79AFFC4
:109C700006462868102269462044F4F7E4F8304686
:109C800005B0F0BD014610223019F4F7DCF80026CB
:109C9000F5E70132172ACCD10326F0E7D076002071
:109CA00009B1FFF7BDBF022070471FB51446A0B130
:109CB00000237F2ACDE90033CDE9023301D1082901
:109CC0000DD10A466B461021FFF76CFF18B96946A3
:109CD0002046FFF7A5FF04B010BD0220FBE70320DC
:109CE000F9E72DE9F04F91B081469DF868401B9E41
:109CF0008A4617469846002B73D0002E71D01C9BC5
:109D0000002B6ED0212C6FD8A5B2FF282A464146E1
:109D100030460CBF4FF0010B4FF0030BF4F793F8F4
:109D2000691E5A46731C89B208F10100FFF73AFF19
:109D3000834600285BD196F80B801C9B4FEAD8180D
:109D400083F80080331913F8024C13F8031C13F83E
:109D5000042C13F8013C240444EA0124144344EA8B
:109D60000364B8F1000F0FD1291F0123224689B2E5
:109D70003046FFF701FFB0F1000818BF4FF00108AF
:109D8000404611B0BDE8F08FCDE9010003900822F4
:109D900051460DF105008DF80490F4F75EF88DF84A
:109DA0000D70292259463F0A05A88DF80E70CDF88E
:109DB00010B0DEF751FF0C2201A904A8F4F743F814
:109DC0002A4631460DF11B00F4F73DF802232246E6
:109DD000E91D04A8FFF7D0FE002808BF4FF00008D7
:109DE000CEE74FF00208CBE74FF00508C8E74FF089
:109DF0000708C5E708B5014630B1044B08221868CA
:109E0000F4F721F8002008BD0220FCE7D0760020FE
:109E1000014B1868704700BFD076002008B5014696
:109E200038B1054B186808221044F4F70CF80020EC
:109E300008BD0220FCE700BFD0760020014B186867
:109E400008307047D076002008B5014638B1054B80
:109E5000186804221030F3F7F6FF002008BD022036
:109E6000FCE700BFD0760020014B18681030704727
:109E7000D0760020DDF70ABDDDF758BD07B50368D1
:109E80008DF807105B6801220DF10701984703B0B8
:109E90005DF804FB007CECF7F1BE007CEDF7BCB88C
:109EA00007B5007C012201A9ECF780FF20B19DF8E5
:109EB000040003B05DF804FB4FF0FF30F9E7007CCD
:109EC000ECF78CBF007CECF799BFEBF71BBB0000F5
:109ED000F7B50546084616460F461C46EBF718FB35
:109EE000287CEDF77DF83E2E22D8194B19499A5D52
:109EF000194B895D9B5D287C0026CDE9001639460B
:109F0000ECF796FE012C02D0022C15D0ECB9287C7F
:109F1000EBF73EFA844218D0287C2146EBF740FA52
:109F200098B994B9287C03B0BDE8F040EBF7DAB9F2
:109F300000210B460322DEE72B7C012B03D9022BE9
:109F400003D13446E3E70124E1E703B0F0BD00BFED
:109F50009921030817220308D82103080A490B4A4C
:109F60000023022010B54B600A6008740849C1E95B
:109F700000230B7407490124C1E900230C7406492E
:109F8000C1E90023087410BDD476002060220308C4
:109F9000E8760020FC76002010770020704708B596
:109FA000E3F700F8012809D14FF0FF331A461946AC
:109FB000E3F750FFB0FA80F0400908BD0020FCE74D
:109FC0007FB50D4614461E46E2F7ECFF01281AD174
:109FD0009DF824308DF80A309DF820308DF8090066
:109FE0008DF80B008DF80C3000908DF8086004ABF4
:109FF00013E90C0029462046E3F75AF9B0FA80F03D
:10A00000400904B070BD0020FBE710B50C46E2F734
:10A01000C9FF012806D12046E2F7E3FEB0FA80F03E
:10A02000400910BD0020FCE708B50846E3F7B4FD81
:10A03000B0FA80F0400908BD08B50846E3F7B2FD64
:10A04000B0FA80F0400908BD08B50846E3F7B0FD56
:10A05000B0FA80F0400908BD38B50C461546E2F765
:10A06000A1FF012807D129462046E3F70BFEB0FAED
:10A0700080F0400938BD0020FCE738B50C46154695
:10A08000E2F790FF012807D129462046E3F71BFE9F
:10A09000B0FA80F0400938BD0020FCE708B508465A
:10A0A0001146E2F7D1FFB0FA80F0400908BD38B59B
:10A0B0000C461546E2F776FF012807D129462046CF
:10A0C000E3F76FFEB0FA80F0400938BD0020FCE7EE
:10A0D00008B5E2F78DFE003818BF012008BD10B5A5
:10A0E0000C46E2F75FFF012806D12046E2F782FE28
:10A0F000B0FA80F0400910BD0020FCE708B5E2F797
:10A1000060FF003818BF012008BD10B50C46E2F70B
:10A1100049FF0128014606D12046E4F751F8B0FA7C
:10A1200080F0400910BD0020FCE7E2F74CBF10B5FD
:10A130000C46E2F737FF0128014606D12046E3F737
:10A14000CCFFB0FA80F0400910BD0020FCE710B54C
:10A150000C46E2F727FF0128014608D1022C06D859
:10A160002046E3F7E1FFB0FA80F0400910BD00207F
:10A17000FCE7E2F7E0BF10B50C46E2F713FF012859
:10A18000014606D12046E4F7DDF8B0FA80F0400938
:10A1900010BD0020FCE710B50C46E2F703FF0128D4
:10A1A000014606D12046E2F75DFEB0FA80F0400994
:10A1B00010BD0020FCE7000010B50C46E2F7F2FEEF
:10A1C000012809D10C2C07D8044B185DE4F720FDB9
:10A1D000B0FA80F0400910BD0020FCE77C220308A3
:10A1E00010B509498AB0044600F080F9202101A881
:10A1F000EBF73CF9002301A920468DF8243000F04C
:10A2000087F920460AB010BD2CFC020810B5094998
:10A210008AB0044600F06AF9202101A8EBF74AF958
:10A22000002301A920468DF8243000F071F9204662
:10A230000AB010BD2CFC020810B50549044600F018
:10A2400055F9044B2046196800F062F9204610BD0C
:10A250002CFC0208B801002010B509498AB0044658
:10A2600000F044F9202101A8EBF712F9002301A91D
:10A2700020468DF8243000F04BF920460AB010BD7E
:10A280002CFC020810B50549044600F02FF9044BD8
:10A290002046196800F03CF9204610BD2CFC02084D
:10A2A000C401002010B5044600F058FAE01C00F08C
:10A2B0005EFA201DFFF794FF04F11000FFF790FFF6
:10A2C00004F11C00FFF7A2FF04F12800FFF79EFF36
:10A2D00004F13400FFF7B0FF04F14000FFF7BCFFCA
:10A2E00004F14C00FFF7B8FF04F15800FFF7CAFF74
:10A2F000204610BD08B5084611461A46ECF798FFEF
:10A30000B0FA80F0400908BD08B5084611461A4663
:10A31000ECF794FFB0FA80F0400908BD10B5044690
:10A32000583000F09DF804F14C0000F099F804F169
:10A33000400000F095F804F1340000F091F804F1C9
:10A34000280000F08DF804F11C0000F089F804F1F9
:10A35000100000F085F8201D00F082F8204610BDA6
:10A3600010B50446FFF79EFF04F16C00FFF716FEE0
:10A3700004F1910003F0EDF904F1A80003F0EAF90B
:10A38000204610BD10B5054C2046FFF7E9FF2046DA
:10A39000034A0449BDE81040DEF726BC24770020BC
:10A3A000000000201DA30208437813B90078ECF7E1
:10A3B000A3BE704737B502AB03E9060004469DF81B
:10A3C00005500078ECF7EAFE00992078ECF7C2FE21
:10A3D000291E207818BF0121ECF7CEFE9DF804203D
:10A3E0002078022A10D0032A11D0012A02D000229C
:10A3F000114600E00021ECF797FE2078A57003B02D
:10A40000BDE83040ECF778BE00220121F3E70122DD
:10A41000EEE713B514461A4604230078CDE900236D
:10A420002346ECF7CBFE02B010BD13460A46FFF7F9
:10A43000F0BF07B501228DF807100DF10701FFF7F6
:10A44000F4FF9DF8070003B05DF804FB034B002206
:10A450001A705A7001229A70704700BFD07700209E
:10A4600010B50446006808B1DFF7E4FE204610BDD1
:10A4700010B50446006808B1DFF7DCFE0023C4E92C
:10A480000133236010BD38B504460D460068013124
:10A4900003F0D4F910B1C4E90005012038BD036808
:10A4A00010B5044623B143688B4201D3012010BD8F
:10A4B0002046FFF7E8FF0028F9D0A368002BF5D16C
:10A4C00022681370F2E770B50E4611460446154631
:10A4D000FFF7E5FF20B92046FFF7CAFF204670BD11
:10A4E0002068A560314603F0CDF9F7E738B50023C1
:10A4F000C0E90033044683600D4639B10846DBF7F6
:10A500003FFE294602462046FFF7DDFF204638BDC4
:10A5100038B505460C4649B10846DBF731FE214601
:10A5200002462846FFF7CFFF284638BDFFF7A0FFB9
:10A53000FAE7F8B5064615460C468F18BC4206D019
:10A54000336814F8011B1B6830469847F6E7284625
:10A55000F8BD0000024B1878024B1B78C01A7047F8
:10A56000FE770020FC770020064A07491378097817
:10A57000994281BF0549C85C0133137098BF4FF001
:10A58000FF307047FC770020FE7700200078002025
:10A590007047000010B5084A13783F2B09D80748C8
:10A5A000074C0378E1540133DBB2037013700120D0
:10A5B00010BD0020FCE700BFFF770020FD770020E2
:10A5C00040780020054A007C00231370044A137071
:10A5D000044A1370044A1370ECF73EBEFC77002067
:10A5E000FE770020FD770020FF77002010B5402A7D
:10A5F00028BF4022417C007C14461346054AECF7F4
:10A600005BFE28B9044B1870044B1C70204610BD2B
:10A610000024FBE700780020FC770020FE77002074
:10A6200007B5019300230093FFF7E0FF03B05DF847
:10A6300004FB0123FFF7F4BF034A417400231370A6
:10A64000024A1370704700BFFD770020FF7700209B
:10A6500013B5003918BF0121084C00912378417CC3
:10A66000074A007CECF710FE0023C01A054A23704D
:10A6700018BF0120137002B010BD00BFFF7700208B
:10A6800040780020FD770020054B06491960002224
:10A690005A601A74044BC3E9001201221A747047FD
:10A6A000D477002094220308E877002003688A68A2
:10A6B0005B68096818471FB5044601A8FFF716FF35
:10A6C00001A92046FFF7F2FF044601A8FFF7C8FEE4
:10A6D000204604B010BD70B5044608460D46DBF7B1
:10A6E0004FFD23680246294620465B68BDE870405E
:10A6F000184700000149FFF7DEBF00BF2AFC02082F
:10A7000038B50546FFF7D7FF04462846FFF7F2FFA6
:10A71000204438BD38B50546FFF7DDFF044628461E
:10A72000FFF7E8FF204438BD0EB430B5C2B045ABEA
:10A73000054653F8042B01934FF4807102A803F0EF
:10A740001BFA2B68044602465B6802A92846984714
:10A75000204642B0BDE8304003B07047704708B5AE
:10A760000020ECF72FFABDE80840ECF74DBD70472C
:10A7700010B5044639B9ECF795F902212046BDE839
:10A780001040ECF791B9022904D10021ECF78AF9C5
:10A790000121F3E7BDE810400121ECF783B909B9C5
:10A7A000ECF784B90121FBE708B5ECF781F9003833
:10A7B00018BF012008BD4FF0B04382B0DA6C0243ED
:10A7C000DA64DB6C18400190019B02B070474FF0D7
:10A7D000B04382B09A6D02439A659B6D1840019018
:10A7E000019B02B070474FF0B04382B01A6E024333
:10A7F0001A661B6E18400190019B02B070477047AB
:10A8000070B594B005461422002101A8DEF724FAA1
:10A810003822002106A8DEF71FFA2B685B4A934214
:10A820005FD15B4B012406A8CDE9064302F000FA94
:10A8300008B1E1F7B9FB4FF48040FFF7D4FF1620D1
:10A84000E0F78CFFB0F1904F38D10120FFF7B3FF54
:10A850000220FFF7B0FF4F4B9B6A082B36D1172021
:10A86000E0F781FF12230190002602930123CDE936
:10A8700003364948494C072301A90593EEF7CCFB61
:10A88000474826621123C4E9000380232046C4E917
:10A890000266C4E90436C4E90666EEF7E5F908B1D4
:10A8A000E1F782FB00222420EC671146A562EDF758
:10A8B000B1F92420EDF7E0F914B070BD1620E0F7EF
:10A8C0004DFF354B9842C3D10220BFE71620E0F779
:10A8D0004AFF04461720E0F746FF04430194022391
:10A8E000C2E7304A9342E7D1202306936B68B3F561
:10A8F000166F94BF4FF440634FF4006306A80A93A9
:10A9000002F096F908B1E1F74FFB4FF0B043012098
:10A91000DA6D42F00102DA65DB6D03F001030093AA
:10A92000009BFFF748FF0220E0F71DFF04460320CD
:10A93000E0F719FF0222012300260443CDE9022398
:10A9400001A908234FF09040CDE904630194EEF78C
:10A9500063FB154C1549A6611523C4E90013802338
:10A96000C4E9043620462023C4E90266C4E9073658
:10A97000EEF77AF908B1E1F717FB00222620EC6721
:10A980001146A562EDF746F9262093E7003801400D
:10A9900002000300507F002000040048F07E0020E9
:10A9A0004400024000800040E07F00200800024098
:10A9B00003681B4A934270B504461DD14FF0B04264
:10A9C0001620136E23F480431366E0F7C7FE054696
:10A9D0001620E0F7C8FE06461720E0F7C4FE46EA58
:10A9E00000012846EEF7C4FBE06FEEF7AFF9242034
:10A9F000BDE87040EDF74EB90A4A93420FD14FF0CF
:10AA0000B0420C21D36D23F00103D3654FF0904089
:10AA1000EEF7AEFBA06FEEF799F92620E8E770BDE0
:10AA2000003801400080004010B594B00446142264
:10AA3000002101A8DEF710F93822002106A8DEF770
:10AA40000BF92268254B9A423ED18023069306A833
:10AA50004FF440230C9302F0EBF808B1E1F7A4FAAD
:10AA60000C20E0F77BFEB0F1904F2FD10120FFF7D3
:10AA7000A2FE0C20E0F777FE04460B20E0F773FE01
:10AA8000122204430123CDE902230194042300246C
:10AA90000C20CDE90443E0F761FE01A9EEF7BCFA12
:10AAA0004FF48000FFF793FE224621462020EDF769
:10AAB000B1F82020EDF7E0F8212022462146EDF7FD
:10AAC000A9F82120EDF7D8F814B010BD0C20E0F75C
:10AAD00045FE034B9842CCD10220C8E70058004005
:10AAE0000004004838B50268104B9A421DD14FF05F
:10AAF000B0420C20936D23F480039365E0F72EFEA3
:10AB000004460C20E0F72FFE05460B20E0F72BFE55
:10AB100045EA00012046EEF72BFB2020EDF7BAF8BE
:10AB2000BDE838402120EDF7B5B838BD00580040E9
:10AB300010B504468EB0382200216846DEF78CF846
:10AB40002268164B9A4227D14FF48033009368460F
:10AB50004FF480730D9302F06BF808B1E1F724FA1B
:10AB60004FF0B0424FF48060D2F8903043F400438D
:10AB7000C2F89030FFF72BFE002211460220EDF7BD
:10AB800049F80220EDF778F800222A201146EDF767
:10AB900041F82A20EDF770F80EB010BD00280040F3
:10ABA000F0B5064687B01422002101A8DEF754F85C
:10ABB0003268364B9A425ED14FF48050FFF713FE55
:10ABC0000520E0F7CBFDB0F1904F56D10120FFF703
:10ABD000F2FD0520E0F7C7FD04460620E0F7C3FDBF
:10ABE0000443019405240025022720460594CDE95D
:10ABF00002750495E0F7B2FD01A9EEF70DFA072002
:10AC0000E0F7B1FDCDE9010707200594CDE9037513
:10AC1000E0F7A4FD01A9EEF7FFF91D4C1D492562DF
:10AC20000823C4E900131023C4E902352046802319
:10AC3000C4E90435C4E90655EEF716F808B1E1F7A2
:10AC4000B3F9154A7465A662144C0723C4E90023BE
:10AC500000238022C4E90233C4E90423C4E9063393
:10AC600020464FF400532362EDF7FEFF08B1E1F7F1
:10AC70009BF9B465A66207B0F0BD0520E0F76EFD54
:10AC8000074B9842A5D10220A1E700BF0030014048
:10AC9000907C0020300002401C000240307C0020EC
:10ACA000000400480268184B9A4270B5044629D146
:10ACB0004FF0B04305201A6C42F480521A641A6CAB
:10ACC00022F480521A641A6E22F480521A66E0F757
:10ACD00045FD06460520E0F746FD05460620E0F75F
:10ACE00042FD05430720E0F73EFD45EA00013046FE
:10ACF000EEF73EFA606DEEF729F8A06DBDE8704002
:10AD0000EEF724B870BD00BF003001400368074A69
:10AD1000934203D14FF40060FFF765BDB3F1804F5C
:10AD200002D10120FFF753BD704700BF002C014046
:10AD300003680A4A934206D14FF0B042136E23F4DF
:10AD4000006313667047B3F1804F01BF4FF0B0420C
:10AD5000936D23F001039365704700BF002C014001
:10AD600007B50E4B02689A4215D14FF0B04333201D
:10AD70001A6D42F400321A651B6D002203F4003391
:10AD800001931146019BECF745FF332003B05DF8BA
:10AD900004EBECF771BF03B05DF804FB001800583A
:10ADA0000268064B9A4208D14FF0B0423320136D2F
:10ADB00023F400331365ECF76DBF7047001800589B
:10ADC0007047ECF7E7BA000104380138FDD170474D
:10ADD00007B5FF230DF10702012109488DF807305F
:10ADE000EBF7C6FDBFF34F8F0649074BCA6802F465
:10ADF000E0621343CB60BFF34F8F00BFFDE700BF9E
:10AE00000040000800ED00E00400FA0570B51646A9
:10AE100004460D4600F05EFF0C4B4CF2FA321A610C
:10AE2000083D2644B44203D300F066FF00200CE046
:10AE3000F5E902232146012000F098FF08B9083403
:10AE4000F0E700F059FF6FF0060070BD00400058B9
:10AE500008B50B4601461846DFF7F4F9002008BD97
:10AE600037B50D46044600F035FF0F4B0F484CF246
:10AE7000FA321A6104F1784400230193E40A0223B0
:10AE8000ED0A01A944600360856000F0B5FF044647
:10AE900028B100F031FF6FF0060003B030BD00F0C4
:10AEA0002BFF2046F9E700BF0040005880780020C3
:10AEB0004FF400607047000007B50022034600927F
:10AEC0004FF0FF310548F2F74FFE002814BF6FF036
:10AED0000600002003B05DF804FB00BF8C78002062
:10AEE00008B501460548F2F72BFF18B90348F2F7F9
:10AEF000EDFE08B16FF0060008BD00BF8C780020A1
:10AF000008B50448F2F792FE002814BF6FF006005F
:10AF1000002008BD8C78002038B50446EFF310857A
:10AF200072B6ECF74BFA084B0120022CC3F88800EC
:10AF300006D1EEF7D5F9ECF749FA85F3108838BD5C
:10AF4000EEF7B2F9F7E700BF000400587047DDF7ED
:10AF500071BB704708B5104B142202FB0030C36868
:10AF60000F2B18D8DFE803F008111717171717175A
:10AF700015111317171717080021084802F0F8F9E0
:10AF800048B1BDE80840E1F70FB80421F5E7082112
:10AF9000F3E70C21F1E708BDA87800209096002087
:10AFA00008B5104B142202FB0030C3680F2B18D8D1
:10AFB000DFE803F0081117171717171715111317E4
:10AFC000171717080021084802F022FA48B1BDE817
:10AFD0000840E0F7E9BF0421F5E70821F3E70C2179
:10AFE000F1E708BDA87800209096002030B501292F
:10AFF00087B003460C463BD90F29474A08BF4FF09C
:10B00000804246480260464A116801FB03F2454B04
:10B0100000251B68B3FBF2F30139013BC0E90315BE
:10B02000C0E905554360856002F040F808B1E0F7DB
:10B03000BBFF3D4939488D60C1E9005502F0EAF98E
:10B0400008B1E0F7B1FF394B60221A600022C3E972
:10B050000222C3E904229A610F2C14D8DFE804F01D
:10B060000B561313131313135A5658131313130BAE
:10B070004FF08042C5E700222C49284802F07EF8B4
:10B0800008B1E0F791FF2A49244800234FF4005209
:10B09000C1E905234FF00072C1E90033C1E9023371
:10B0A000C1E90733C1E90923C1E90B330B6102F0A0
:10B0B000DDF908B1E0F778FF0F2C25D848F20371CD
:10B0C000E140C94311F001011ED14FF0B04301A886
:10B0D000DA6C42F00102DA64DB6C03F001030093E6
:10B0E0001422009B0125DDF7B7FD0223CDE90235CF
:10B0F000204603230493E0F736FB01A901904FF0AB
:10B1000090400595EDF788FF07B030BD0422B3E706
:10B110000822B1E70C22AFE7002C014090960020F6
:10B120004C0F0020480F00203479002018790020AF
:10B13000E47800207047000070B506460C46FFF723
:10B140002FFF254801F044FF244B1B78032B3CD8EC
:10B15000DFE803F0021A2530FF2C39D8204B4FF4DA
:10B1600080721A601C4BFF22DA601E4B1E4A5C6024
:10B17000142303FB06235868D968FFF737FF3046CE
:10B18000FFF7E8FE284670BDB4F5806F20D2144B5F
:10B190004FF480621A60104B40F2FF32E4E7B4F5DE
:10B1A000805F15D20E4B4FF480521A600A4B40F666
:10B1B000FF72D9E7B4F5804F0AD2094B4FF48042B1
:10B1C0001A60054B43F6FF72CEE76FF00605D9E72C
:10B1D0006FF00205D6E700BF90960020A47800200B
:10B1E0004C0F002018790020A878002070B50C4C76
:10B1F000002523781BB1E1686068FFF7F7FE6378EC
:10B200003BB1EEB23046FFF7A5FE21693046FFF7AD
:10B2100093FF0135032D04F11404EAD170BD00BF82
:10B22000A878002008B5164B164A1A605A680AB961
:10B23000154A5A6000220121C3E90221C3E9042210
:10B24000C3E906221A620E48102283F8422000F059
:10B25000A5FE08B1E0F7A8FE0948002101F071FC45
:10B2600008B1E0F7A1FE0648002101F090FC08B10A
:10B27000E0F79AFEBDE808404FF4001001F0ACBCC6
:10B28000DC960020005800405C08700010B50446B1
:10B29000FFF7C8FF014B01221A5510BD407900206D
:10B2A00010B50446044800F0CAFE08B1E0F77CFE81
:10B2B000024B00221A5510BDDC9600204079002078
:10B2C00008B5164B9942164B20D8164A5A601B688F
:10B2D00013B3134800F0B3FE114800F05FFE08B14D
:10B2E000E0F762FE0E48002101F02BFC08B1E0F708
:10B2F0005BFE0B48002101F04AFC08B1E0F754FE68
:10B30000BDE808404FF4001001F066BC064A9142C7
:10B3100094BF064A064AD9E708BD00BFA0860100CF
:10B32000DC960020DB0A301090D003009F0D7000E7
:10B330005C08700013B59DF81000002814BF4FF092
:10B3400000700020009049000A4800F091FE50B9BA
:10B35000084C204601F0F0FB2028FAD1054801F006
:10B36000EEFB042803D16FF0030002B010BD0020F3
:10B37000FBE700BFDC96002013B54FF00070009093
:10B3800049000A4800F0C6FE50B9084C204601F0BA
:10B39000D3FB2028FAD1054801F0D1FB042803D1C2
:10B3A0006FF0030002B010BD0020FBE7DC96002028
:10B3B0007047000038B5054D002415F8013B0BB16E
:10B3C000FFF730FF0134042CF7D138BD407900205D
:10B3D000014800F0F1BE00BFDC960020014801F0FA
:10B3E00072BB00BFDC9600204B1C30B5DB0004466E
:10B3F00012F003009BB20DD1084D2A601A44084B8D
:10B400001A60084B1870084B1870084B1C80084BCA
:10B41000198030BD6FF00900FBE700BF4C790020B8
:10B420004879002044790020547900205079002088
:10B4300052790020F8B5144D144E2F462A783378EF
:10B440009A4200D1F8BD2C78EBF7EAFE104A114B76
:10B4500010681B88DFF844C0E4B204FB03000E4B05
:10B46000BCF800C01B6803EBC40253F83440918859
:10B470002A78D3B2944586BF0133DBB200233B70F8
:10B48000A047EBF7CEFED9E754790020447900209D
:10B4900048790020507900204C7900205279002012
:10B4A0002DE9F743264F3B888B4206460D469046D2
:10B4B00040D301A8EBF7ACFE224B23481978234B6D
:10B4C00000881C78E2B2844238BF0132C9B234BF6E
:10B4D000D2B20022914226D01C781A78D1B2904282
:10B4E00086BF0131C9B20021197001A8EBF792FEA5
:10B4F0004FF6FF739C4220D0154B1B6843F83480F5
:10B5000003EBC40996B18DB1124B38881B682A46EB
:10B51000314604FB0030DEF795FEA9F80450002008
:10B5200003B0BDE8F0834FF6FF74DEE70020A9F812
:10B530000400F5E76FF00800F2E76FF00600EFE7B0
:10B54000507900205479002052790020447900205D
:10B550004C79002048790020074B084A1B78128854
:10B560001846074B1B78984284BF511C5B181B1A66
:10B570009BB2D31A98B270475479002052790020B8
:10B580004479002073B5064600F082FB00F082FB90
:10B590000DF10601132000F07FFB094D0024DCF7BC
:10B5A000DBFFA04201D802B070BD55F8083BBDF8E2
:10B5B0000620336055F8043C9A42F4D30134EEE798
:10B5C0005001002073B5044600F062FB042896BFCA
:10B5D000104B4FF0894553F8205000F05BFB431EA1
:10B5E000DBB2042B96BF0C4A0C4E52F823600DF1CF
:10B5F0000601FF2000F050FBBDF80600DBF76CFBF6
:10B600003146DBF7C1FB2946DBF772FC206002B054
:10B6100070BD00BF4C2303086023030866666640C4
:10B62000014B1878704700BF5C790020014B5878B7
:10B63000704700BF5C790020024820220021F2F709
:10B6400016BC00BF7079002038B50B4D0B4C78B19B
:10B6500071B1012323700A4BE1606272286083603C
:10B6600000252582FFF7E8FF6570A574A58638BD23
:10B6700000232B602370F3E7587900205C790020C9
:10B6800025BC020810B50E4C94F835306BB194F817
:10B690003600002184F8351018B90146E2F744FD60
:10B6A00003E00128FAD00228F8D094F8343033B1FE
:10B6B000002384F83430BDE81040DCF713BF10BD20
:10B6C0005C7900204E4B70B5196A6422B1FBF2F22E
:10B6D000D9680120412498720C70997ADC681D7D2C
:10B6E0000E189E726554997ADC68DD8A0E189E7277
:10B6F00065549C7AD98ADD68090A26189E722955F4
:10B70000997ADC680D189D726254997ADC680D187C
:10B710009D72150A6554997ADC680D18120C9D7299
:10B720006254D9689A7A14189C7293F824408C5405
:10B730009A7AD968B3F9264015189D728C549A7A72
:10B74000D96893F9274015189D728C549A7AD96854
:10B7500093F9284015189D728C549A7AD968141858
:10B760009C7293F829408C549A7AD9689C69151870
:10B770009D728C54DC689A69997A120A0D189D7230
:10B7800062549A7AD9685C8B15189D728C549A7A97
:10B79000D968DC7E15189D728C549A7AD968141871
:10B7A0009C7293F82A408C549A7AD96814189C7227
:10B7B00093F82B408C549A7AD96814189C7293F899
:10B7C0002C408C549A7AD96814189C7293F82D40A6
:10B7D0008C549A7AD96814189C7293F82E408C5421
:10B7E0009A7AD96814189C7293F82F408C549A7ADC
:10B7F000D96814189C7293F830408C54587070BDFE
:10B800005C79002003780B2B10B506D14378044CEB
:10B8100023B9FFF711FF0123237510BD0023FBE7B8
:10B820005C7900202DE9F04FAE4C23788DB0002BD1
:10B8300051D0C2780AB9837C13B1238A01332382A1
:10B84000437B002B47D0E02A45D10025A5728768AD
:10B8500097F80080B8F1220F27D8B8F1220F35D819
:10B86000DFE818F0C500D600DA00F9000001110188
:10B8700018013301480160017301340034003400C1
:10B880003400340034003400340034003400340018
:10B890003400340034003400340034003400340008
:10B8A00034003400750184018801B8F17D0F00F087
:10B8B0007C8113D8B8F1420F00F06881B8F1430FD2
:10B8C00000F07181B8F1400F00F05A81A37A003B7B
:10B8D00018BF012363700DB0BDE8F08FB8F17E0F83
:10B8E00000F08681B8F17F0FF0D1362301A88DF8E2
:10B8F0000430F4F70BF994F80A90E6689DF8080014
:10B900009DF809509DF80A709DF80BC09DF80E2017
:10B910009DF80F109DF80CE09DF80DB009F1010A9B
:10B9200084F80AA006F809806F4E94F80A903668E9
:10B93000E36809F1010A84F80AA096F803A003F865
:10B9400009A094F80A90E36809F1010A84F80AA0B2
:10B9500096F802A003F809A094F80A90E36809F1A8
:10B96000010A84F80AA096F801A003F809A094F847
:10B970000A90E36809F1010A84F80AA096F80080A9
:10B9800003F8098094F80A80E66808F1010984F850
:10B990000A9006F808C094F80AC0E6680CF101089D
:10B9A00084F80A8006F80C70A77AE66807F1010CA3
:10B9B00084F80AC0F555A57AE6686F1CA772705521
:10B9C000A07AE568461CA6722954A17AE0684D1C4D
:10B9D000A5724254A27AE168501CA07201F802B02C
:10B9E000A37AE268591CA17202F803E06EE7E368EB
:10B9F00001220021A2721970A37AE1689818A0723E
:10BA00000620C854A37AE1689818A072CA545DE76A
:10BA1000012384F8343059E7E1F7F4F900F0FD032D
:10BA2000082B014604D1FF23ADF80430012105E0C5
:10BA300001280BD140F2FF13ADF8043001A8E1F763
:10BA400011FA2A4BDB6A012098473FE70228F8D118
:10BA500040F6FF73E8E77B7884F83630012384F8FA
:10BA6000353033E705238DF804307B78003B18BF71
:10BA7000012301A88DF80830F4F794F99DF8080027
:10BA8000E9F766FF22E77878003818BF0120F5F75C
:10BA9000A7FD1BE7164E0FCE01AD0FC50FCE0FC58C
:10BAA00096E8070085E807007B780A2B3FF60EAF83
:10BAB0000D4A12685268002A3FF408AF0CA901EB46
:10BAC000830353F82C0C904700E77878431E012B32
:10BAD0003FF6FCAE044B01381B6818BF01202072F2
:10BAE0009B68B1E75C79002058790020500F002056
:10BAF000FCDD0208E26801230821A3721170627A5A
:10BB0000057BA17AAA4228BF2A469342BFF4DEAE43
:10BB100085685A1CEB5CE56801334E1CA6726B54B9
:10BB2000D3B2ECE7E3680122A27209221A70A37A69
:10BB3000E268218A581CA072D154238AA27AE16853
:10BB40001B0A501CA0728B54C0E62582BEE605235A
:10BB500001A88DF80430F4F7BDFD304B9B6A002B33
:10BB60003FF4B4AE059A01A99847AFE62B4B1B6B87
:10BB70009847ABE62A4B78781B686075DB6863E70B
:10BB80007B78003B18BF0123A3749FE6E368012282
:10BB9000A27283F80080A37AE268E18A581CA0723E
:10BBA000D154E38ACAE7E58290E6037B072B7FF452
:10BBB0008DAE06238DF80430BA787B7843EA0223F1
:10BBC000ADF808307B793A791B0443EA0223FA780E
:10BBD0001343642253430393BB798DF810300F4B0A
:10BBE00001A89D6AF4F776FD059A01A9A8476DE6BC
:10BBF000462301A88DF804308DF80850F4F7D2F8E8
:10BC000084F83450E1F7DDF9012802D1034BDB6AF7
:10BC100098470020E2F71BF858E600BF500F0020BD
:10BC20005879002008B9E1F7E5B80128FBD0704742
:10BC300070B5134C2378264603B303780A2B09D03A
:10BC40000E2B1BD1FFF7F8FCA37CBBB1BDE8704005
:10BC5000FFF738BD43780D2B06D1237D0BB90123A7
:10BC60002375F38A0133F382041D0FCC054D0FC5F4
:10BC700094E80700B37C85E80700E6E770BD00BFE5
:10BC80005C7900207479002000487047500F002034
:10BC9000DFF7C0BADFF7C4BADFF702BADFF7B8BA26
:10BCA000DFF7B7BA0A4B5A6942F4802230B55A61BD
:10BCB000EFF3108472B600228D5885500432B2F52D
:10BCC000807FF9D11A69D203FCD484F3108830BD87
:10BCD00000400058064B5A69002ABFBF054A9A60C7
:10BCE00002F188329A60BABF5869C00F00207047CD
:10BCF0000040005823016745044B5A6942F0004256
:10BD00005A615869C043C00F704700BF00400058D7
:10BD100070B50546EBF738FB124E04463369D9037C
:10BD200013D43369DA0744BF012232614CF2FA328C
:10BD3000134011D10B4E306910F480200BD0EBF77B
:10BD400023FB001BA842F6D304E0EBF71DFB001B0E
:10BD5000A842E3D3032070BD024A1361024A0120C6
:10BD60005360F8E700400058947900202DE9F04135
:10BD7000184C98462378012B06460D46174626D0C8
:10BD8000012323704FF47A7000236360FFF7C0FF34
:10BD9000A0B9012E16D1104A536943F00103536133
:10BDA0002F60BFF36F8FC5F804804FF47A70FFF7F0
:10BDB000AFFF094A536923EA060656610023237040
:10BDC000BDE8F08139462846FFF76CFFEDE7022019
:10BDD000F6E700BF9479002000400058054A5369F7
:10BDE00023F47E7343EAC00040F4803040F0020048
:10BDF00050617047004000582DE9F041234D2B78E9
:10BE0000012B064688463FD001232B704FF47A70F1
:10BE100000236B60FFF77CFF044688B93368042B6E
:10BE200013D11B4A536943F4803343F00403536135
:10BE30004FF47A70FFF76CFF0446154B1A681B68C5
:10BE400000232B702046BDE8F0814FF0FF33C8F887
:10BE500000307768D6E901321344BB420AD938462C
:10BE6000FFF7BCFF4FF47A70FFF752FF50B1C8F8EC
:10BE700000700446064A536923F47E7323F00203DC
:10BE80005361DAE70137E5E70224DBE79479002024
:10BE90000040005803689A69910744BF00229A62E3
:10BEA0009A69D2075EBF9A6942F001029A617047AF
:10BEB00030B5039D046845EA02421A43054B6068A9
:10BEC000C1F3090143EA55530A4320EA0300024340
:10BED000626030BDFF63FF0310B5426B164CA24297
:10BEE0000BB202D0154CA24211D1002B0DDB102950
:10BEF0001ED020291ED00023402901D143F0400349
:10BF000001680A6813430B6010BDB823F4E7002BE7
:10BF1000ACBF0023B823CC0748BF43F0F2038A0725
:10BF200048BF43F0F4032029EAD143F02003E7E7B8
:10BF30009023E5E76023E3E7C3C90208D3C80208FA
:10BF400011F0010307D090F8413003F02803282BAB
:10BF50000CBF4223F2238A0709D590F8412002F052
:10BF60002802282A0CBF43F0440343F0F4030A04D8
:10BF700001680A6848BF43F0B80322EA03030B6074
:10BF80007047C36AAA2B02D10023C3627047C36AF9
:10BF9000B3F52A4FFAD14FF00073F6E710B5044617
:10BFA00000284AD090F8413003F0FF021BB980F816
:10BFB0004020FEF739FD242384F8413023681A68B5
:10BFC00022F001021A60626822F070621A619A68B7
:10BFD00022F400429A60D4E90221012924D142F4DA
:10BFE00000429A605A6842F0007242F400425A607D
:10BFF000DA6822F40042DA60D4E904210A43A16934
:10C0000042EA0122DA60D4E907210A431A601A6879
:10C0100042F001021A6000202023606484F841305D
:10C02000206384F8420010BD42F4044202299A6061
:10C0300004BF4FF400625A60D4E70120F3E710B563
:10C04000044698B10268242380F84130136823F035
:10C0500001031360FEF746FD0020606484F8400091
:10C0600084F84100206384F8420010BD0120FCE701
:10C0700037B50446069894F84150202D44D194F8E1
:10C080004050012D40D0012584F84050212584F8EE
:10C090004150102584F84250002565646385E062B4
:10C0A0001A4B6363638D62629BB2FF2B9BBF638DF0
:10C0B0002385FF23E26A88BF2385236B88BF4FF067
:10C0C0008072112B04D1AA2802D0B0F52A4F09D1D1
:10C0D0002046FFF756FF638D9BB2FF2B00D8E26A24
:10C0E0000B4B00E00023009320461346002594F8F4
:10C0F0002820FFF7DDFE204684F840500121FFF79D
:10C10000EBFE284603B030BD0220FBE7B1C70208B2
:10C110000020008037B50446069894F84150202D41
:10C1200044D194F84050012D40D0012584F840506E
:10C13000222584F84150102584F84250002565647A
:10C140006385E0621A4B6363638D62629BB2FF2B6F
:10C150009BBF638D2385FF23E26A88BF2385236B02
:10C1600088BF4FF08072122B04D1AA2802D0B0F5FC
:10C170002A4F09D12046FFF704FF638D9BB2FF2BA6
:10C1800000D8E26A0B4B00E00023009320461346E0
:10C19000002594F82820FFF78BFE204684F84050B5
:10C1A0000221FFF799FE284603B030BD0220FBE7CD
:10C1B000B1C70208002400800268436B91691268CD
:10C1C00003B1184770477047704738B5002580F8AD
:10C1D000425090F84130212B4FF0200380F841303D
:10C1E0000AD11123036345630121FFF7A9FE80F8FB
:10C1F0004050FFF7E8FF38BD122303634563022177
:10C20000FFF79EFE80F84050FFF7DEFFF3E7704730
:10C21000704708B503681A68002180F8421051047D
:10C2200015D51A6822F480421A6090F84130292B03
:10C2300013D1282380F84130212303630121FFF724
:10C240007FFE002380F84030FFF7E1FF08BD1204B5
:10C25000EBD51A6822F40042E6E790F841302A2B29
:10C26000F4D1282380F84130222303630221FFF711
:10C2700067FE002380F84030FFF7CAFFE6E770470B
:10C28000F8B590F84120036802F02802282A0446F5
:10C2900036D19E69C2689D699968DF682D0C022AB3
:10C2A000C6F3004605F0FE0521D185EAD11515F04B
:10C2B0000605C1F309020ED1816C01318164816CE4
:10C2C000022907D108218564D96180F840503146A0
:10C2D000FFF7D5FFF8BD4FF40041FFF731FE002313
:10C2E00080F8403007F0FE0231462046F0E74FF478
:10C2F0000041FFF725FE002380F840302A46F3E78F
:10C300000822DA61002380F84030E3E7704700003C
:10C3100008B5164BC362202200230363436380F8F1
:10C32000412080F842304B0712D503685A6A436AAD
:10C330001A70436A01334362038D4BB1013B03859D
:10C34000438D013B9BB24385436C43F0040343643C
:10C3500048F20301FFF7F4FD03681022DA610023BD
:10C3600080F84030FFF7D2FF08BD00BF0000FFFF9C
:10C37000704770477047704790F84120602A08B5B1
:10C380004FF0000208D1202180F8411080F84020B1
:10C390000263FFF7F0FF08BD026380F84020FFF75B
:10C3A000E9FFF8E770B5354A90F84130002580F88C
:10C3B0004250C2624585426C283B0A43022B044628
:10C3C00042642AD80321FFF7BBFD282380F84130BF
:10C3D0002B4BA06B6363236B002830D0112B01D053
:10C3E000212B2CD123681A68510442BF1A6822F409
:10C3F00080421A60ECF70AFE01281BD0A06B214B8B
:10C400008363002384F84030ECF772FD002834D0B9
:10C41000A06B836BBDE87040184748F20301FFF73B
:10C420008FFD90F84130602B1CBF202380F84130F5
:10C430000023CEE72046BDE87040FFF79DBFE06BCC
:10C440000028F7D0122B01D0222BF3D123681A68D1
:10C45000120442BF1A6822F400421A60ECF7D6FDBB
:10C460000128E7D0E06B074B8363002384F840305A
:10C47000ECF73EFD08B1E06BCBE770BD0000FFFFBD
:10C48000B1C5020823CB0208F8B503681F6890F80D
:10C49000415005F0F7052022212D04460E46DA61B1
:10C4A00051D148F20101FFF74BFD256323685A681B
:10C4B00042F400425A605A6822F0FF7222F48B3232
:10C4C00022F4FF7222F001025A602046FFF7E2FCDC
:10C4D00079043DD52268136823F480431360A36B6D
:10C4E0001BB11B685B689BB26385730710D523681B
:10C4F0005A6A636A1A70636A01336362238D26F095
:10C5000004062BB1013B2385638D013B9BB2638500
:10C51000638D9BB21BB1636C43F00403636400231F
:10C5200084F84230656C6363DDB1616C2046FFF7CF
:10C5300039FF94F84130282B25D131462046BDE8FB
:10C54000F840FFF7E5BE222DB0D148F20201AAE77C
:10C550003A04CAD52268136823F400431360E36BDE
:10C56000BEE7E36A13F5803F0ED02046FFF751FE89
:10C570000E4BE362202384F8413084F84050256359
:10C580002046FFF7C3FEF8BD94F8413084F84050D0
:10C59000222B4FF0200384F841302046256302D13E
:10C5A000FFF736FEEFE7FFF732FEECE70000FFFF94
:10C5B000F8B590F84030C76A012B04460D46164680
:10C5C0007DD001238A0680F8403003D5B30601D51B
:10C5D000FFF75AFFE80634D5F10632D5638D9BB2DA
:10C5E00003BB94F84130282B0AD1B7F1007F07D163
:10C5F00029462046FFF78CFE002084F84000F8BD55
:10C6000094F841202368292A4FF01002DA61F3D10F
:10C6100017F5803FF0D02046FFF73CFC2046FFF79F
:10C62000F8FDE9E723681022DA61636C43F0040344
:10C63000636437F08073DFD1616C2046FFF7B2FE90
:10C64000DAE76A071AD5730718D5638D9BB26BB109
:10C6500023685A6A636A1A70636A01336362238DBE
:10C66000013B2385638D013B9BB26385638D9BB248
:10C67000002BC1D117F5803FBED0CFE7280705D5E5
:10C68000310703D52046FFF7FBFDB5E7AA07B3D571
:10C69000B307B1D5638D9BB26BB1636A226813F89F
:10C6A000011B91626362638D013B9BB26385238DA5
:10C6B000013B2385A0E737F08073AFD09CE70220D1
:10C6C0009DE737B503682022DA6190F84130212BCD
:10C6D00004460D4636D10121FFF732FC11232363B6
:10C6E00023685A6822F0FF7222F48B3222F4FF7220
:10C6F00022F001025A6000226263E906A2F580324C
:10C70000E26205D51022DA61626C42F004026264D2
:10C7100094F84120602A05D16A0741BF5B6ADBB209
:10C720000193019B2046FFF7B5FB636C94F8412011
:10C73000602A00D07BB1616C204603B0BDE8304078
:10C74000FFF730BE90F84130222BC9D10221FFF70C
:10C75000F7FB1223C3E794F84120212A12D12022AB
:10C7600084F84120236394F8422084F84030402A22
:10C7700084F8423003D1FFF7FBFD03B030BDFFF773
:10C7800022FDFAE794F84120222AF6D1202284F8EB
:10C790004120236394F8422084F84030402A84F8F2
:10C7A000423002D1FFF7E5FDE7E7FFF70DFDE4E7D3
:10C7B00073B590F84030012B04460D46164600F044
:10C7C00086800123CA0680F8403017D5F30615D5B8
:10C7D00003681022DA61436C43F004034364FFF7FB
:10C7E00059FBAA0605D5B30603D529462046FFF70F
:10C7F00068FF002084F8400002B070BD680712D5C1
:10C80000710710D523685A6A636A1A70636A25F043
:10C81000040501336362238D013B2385638D013B56
:10C820009BB26385DDE7AA0707D5B30705D5636A21
:10C83000226813F8011B9162ECE7280632D57106D5
:10C8400030D5638D22689BB203B3208DF0B9516857
:10C85000638D9BB2FF2BC1F3090108D9FF2222850A
:10C8600000904FF080732046FFF722FBB9E7628DFE
:10C87000E36A92B213F5803F22851CBFE36A009001
:10C88000D2B204BF00904FF00073ECE753689A01F6
:10C8900003D42046FFF799FCA3E740212046FFF789
:10C8A00081FD9EE76B069CD570069AD5638D9BB281
:10C8B000002BF2D123685A68910192D4E26A12F5F2
:10C8C000803FE6D15A6842F480425A6089E70220EC
:10C8D00092E7F8B590F84030C76A012B04460E463F
:10C8E00015466CD001238A0680F8403003D5AB068C
:10C8F00001D5FFF7C9FDF20659D5EB0657D5E80B70
:10C90000A90B40EA9535ED074DD5E26BF2B110F079
:10C91000010304D013685B68B3FA83F35B09A26B6D
:10C9200022B1C90702D51268526802B10BB394F85C
:10C930004130282B0CD1B7F1007F09D13146204678
:10C94000FFF7E6FC002084F84000F8BD1346E6E758
:10C9500094F841202368292A4FF01002DA61F1D1BE
:10C9600017F5803FEED02046FFF794FAFFF751FC11
:10C97000E8E723681022DA61636C43F00403636420
:10C9800094F8413037F08072DBB2DBD103F0F7036B
:10C99000212B01D1236301E0222BFBD0616C2046C7
:10C9A000FFF700FDCEE723681022DA61CAE73207FD
:10C9B000C8D52B07C6D52046FFF762FCC2E7022088
:10C9C000C3E713B590F84030012B044679D001231A
:10C9D00080F84030CB0612D5D30610D5036810225C
:10C9E000DA61436C43F0040343642021FFF774FAD7
:10C9F000FFF750FA002084F8400002B010BD0B068B
:10CA000042D5500640D523681A6822F040021A60C9
:10CA1000628D92B262B35968638D9BB2FF2BC1F3F2
:10CA200009011BD9FF2323854FF080730022009258
:10CA3000204694F82820FFF73BFA638D228D9B1A3D
:10CA40009BB2638594F84130222B23681A680CBF8F
:10CA500042F4004242F480421A60CBE7638D2385A2
:10CA6000E36A13F5803F14BFE36A4FF00073DDE71C
:10CA70005B689A0103D42046FFF7A7FBBAE7402181
:10CA80002046FFF78FFCB5E74B0612D5500610D5B0
:10CA9000638D9BB2002BF2D123685A689201A9D40E
:10CAA000E26A12F5803FE6D15A6842F480425A6049
:10CAB000A0E788069ED593069CD52046FFF701FE89
:10CAC00098E7022099E7036899691A6810B4CC05C1
:10CAD00008D5140606D5446C44F0010444644FF4B0
:10CAE0008074DC614C0508D5140606D5446C44F00E
:10CAF000080444644FF48064DC61890508D512069B
:10CB000006D5426C42F0020242644FF40072DA61D0
:10CB1000416C11F00B0F02D010BCFFF743BC10BCEE
:10CB20007047806A836B0BB100229A63C36B0BB1B1
:10CB300000229A63FFF720BC90F841007047406CD8
:10CB4000704710B590F84130202BDCB21DD190F821
:10CB50004030012B19D0242380F8413003681A6833
:10CB600022F001021A601A6822F480521A601A68D0
:10CB7000114319601A6842F001021A60002380F81C
:10CB8000414080F84030184610BD0220FCE710B547
:10CB900090F84130202BDCB21CD190F84030012BB2
:10CBA00018D0242380F8413003681A6822F001026B
:10CBB0001A601A6822F4706242EA012119601A6848
:10CBC00042F001021A60002380F8414080F84030B2
:10CBD000184610BD0220FCE7024A53680343536025
:10CBE000704700BF000001404FF0B043D3F8900001
:10CBF000C0F3400070474FF0B0410209D1F88830CF
:10CC000002F47F22000123EA020300F47F2018438C
:10CC1000C1F8880070474FF0B041020CD1F888305D
:10CC2000120423EA020343EA0040C1F88800704777
:10CC300070B5056815F48035044638D0ECF724FB50
:10CC4000EAF7A2FB644E05463368DB0529D54FF0B1
:10CC5000B043616BD3F8902002F44072914214D03B
:10CC6000D3F89010D3F8902042F48032C3F890208B
:10CC7000D3F8902021F4407022F480328D07C3F85D
:10CC80009020C3F8900000F196804FF0B042616BA5
:10CC9000D2F8903023F440730B43C2F89030002553
:10CCA00005E0EAF771FB401B0228CDD90325226875
:10CCB000D0070AD54FF0B0406168D0F8883023EA39
:10CCC000114389B20B43C0F8883091070AD54FF061
:10CCD000B040A168D0F8883023EA114389B20B43F1
:10CCE000C0F88830930609D54FF0B0412069D1F8DB
:10CCF000883023F440630343C1F88830960502D599
:10CD0000206AFFF788FF2368580502D5606AFFF79D
:10CD100082FF2368190502D5A06AFFF77CFF23680C
:10CD20005A0602D56069FFF766FF23681B0602D525
:10CD3000A069FFF760FF2368DE0502D5E069FFF711
:10CD40005AFF2168C80610D54FF0B042E068D2F80B
:10CD5000883023F440730343C2F88830B0F5807FF5
:10CD600002BFD36843F08073D3600A040ED54FF03E
:10CD7000B042206BD2F8883023F040430343C2F81E
:10CD8000883018B9D36843F08073D3604B0410D552
:10CD90004FF0B042E16AD2F8883023F040530B43A1
:10CDA000B1F1005FC2F8883003D1D36843F4803317
:10CDB000D360284670BDEAF7E7FA41F288360546A7
:10CDC000FFF712FF01283FF460AFEAF7DDFA401BDE
:10CDD000B042F5D96AE700BF00040058036A23F0A7
:10CDE00001030362036A70B5456882690C6822F426
:10CDF000803222F0730222438C6823F00203234323
:10CE0000124CA04206D0124EB04203D0A6F5806666
:10CE1000B04214D1CE6823F008033343A04223F07C
:10CE2000040306D00B4CA04203D004F58064A0425A
:10CE300005D1D1E9054625F44075344325434560C5
:10CE400082614A684263036270BD00BF002C0140EA
:10CE50000048014000440140036A23F480730362E8
:10CE6000036A426870B5C4690D6824F4803424F004
:10CE700073042C438D6823F4007343EA05230F4D9C
:10CE8000A8420ED1CD6823F4006343EA052323F4BE
:10CE90008063D1E9055622F44052354342EA051237
:10CEA00005E0074DA842F4D0064DA842F1D04260FB
:10CEB0004A68C461C263036270BD00BF002C0140B8
:10CEC0000044014000480140036A23F48053036298
:10CED000026A30B54468C3690D6823F0807323F497
:10CEE000E64343EA05238D6822F4005242EA053204
:10CEF0000A4DA84207D005F5C055A84203D005F554
:10CF00008065A84204D14D6924F4804444EA851424
:10CF10004460C3614B680364026230BD002C014071
:10CF2000036A23F480330362026A30B54468436DB8
:10CF30000D6823F4803323F070032B438D6822F4B3
:10CF4000003242EA05420B4DA84207D005F5C05514
:10CF5000A84203D005F58065A84204D14D6924F4A8
:10CF6000803444EA0524446043654B68836502626B
:10CF700030BD00BF002C0140036A23F4801303621C
:10CF8000026A30B54468436D0D6823F0807323F462
:10CF9000E04343EA05238D6822F4001242EA055279
:10CFA0000A4DA84207D005F5C055A84203D005F5A3
:10CFB0008065A84204D14D6924F4802444EA852484
:10CFC000446043654B68C365026230BD002C01407C
:10CFD000022310B580F83D300368196A41F211123E
:10CFE0001142044608D1196A40F24442114202BF7C
:10CFF0001A6822F001021A602046FDF799FE00200F
:10D0000084F8480084F83C0084F83E0084F83F002F
:10D0100084F8400084F8410084F8420084F843001A
:10D0200084F8440084F8450084F8460084F84700FA
:10D0300084F83D0010BD00001A4A0368904210B504
:10D0400002D0B0F1804F09D14C6823F070039042B8
:10D0500043EA040309D0B0F1804F06D0124A90424F
:10D0600003D002F58062904203D1CA6823F4407372
:10D0700013434A6923F08003134303608B68C36240
:10D080000B688362074B984207D003F5C053984260
:10D0900003D003F58063984201D10B690363012338
:10D0A000436110BD002C01400044014010B504460E
:10D0B00050B390F83D3003F0FF021BB980F83C20DC
:10D0C000FDF724FE0223206884F83D30211DFFF780
:10D0D000B3FF012384F84830002084F83E3084F800
:10D0E0003F3084F8403084F8413084F8423084F88E
:10D0F000433084F8443084F8453084F8463084F86E
:10D10000473084F83D3010BD0120FCE7036A23F06E
:10D1100010030362036A426870B584690D6824F0E5
:10D12000807424F4E64444EA05248D6823F0200347
:10D1300043EA05130E4DA8420ED1CD6823F08003BB
:10D1400043EA051323F04003D1E9055622F4406277
:10D15000354342EA850205E0064DA842F4D0064D6B
:10D16000A842F1D042604A6884618263036270BD64
:10D17000002C0140004401400048014038B590F8BF
:10D180003C30012B044678D001230C2A80F83C3037
:10D1900051D008D8042A2CD0082A3BD0C2B1002094
:10D1A00084F83C0038BD102A56D0142AF7D1006804
:10D1B000FFF7E2FE236809695A6D42F400625A657E
:10D1C0005A6D22F480625A655A6D42EA012252E099
:10D1D0000068FFF703FE236809699A6942F00802B4
:10D1E0009A619A6922F004029A619A690A439A61E3
:10D1F000D5E70068FFF78AFF236809699A6942F456
:10D2000000629A619A6922F480629A619A6942EA9C
:10D210000122ECE70068FFF71FFE23680969DA695D
:10D2200042F00802DA61DA6922F00402DA61DA69AE
:10D230000A43DA61B3E70068FFF746FE236809692D
:10D24000DA6942F40062DA61DA6922F48062DA6152
:10D25000DA6942EA0122ECE70068FFF761FE236821
:10D2600009695A6D42F008025A655A6D22F00402AB
:10D270005A655A6D0A435A6591E7022092E7036A9C
:10D2800001F01F0110B501248C4023EA040303625E
:10D29000036A8A401A43026210BD000010B50446BA
:10D2A00029B990F83E30012B31D0012010BD04295E
:10D2B00007D190F83F30012BF7D1022380F83F309F
:10D2C00028E0082907D190F84030012BEDD1022346
:10D2D00080F840301EE00C2907D190F84130012B36
:10D2E000E3D1022380F8413014E0102907D190F8EF
:10D2F0004230012BD9D1022380F842300AE090F865
:10D300004330012BD1D1022380F8433002E00223C5
:10D3100080F83E3001222068FFF7B1FF2368114AF0
:10D32000934217D010498B4214D001F580618B4293
:10D3300010D0B3F1804F07D199680C4A0A40062AF1
:10D3400006D0B2F5803F03D01A6842F001021A609D
:10D350000020ABE7596C934241F400415964E8D195
:10D36000EAE700BF002C0140004401400700010033
:10D37000FFF794BF38B50446002200680D46FFF75A
:10D380007EFF2368214A934207D002F5C0529342A0
:10D3900003D002F5806293420DD1196A41F2111255
:10D3A000114208D1196A40F24442114202BF5A6C3C
:10D3B00022F400425A64196A41F21112114208D152
:10D3C000196A40F24442114202BF1A6822F0010277
:10D3D0001A6001231DB984F83E30002038BD042DA9
:10D3E00002D184F83F30F8E7082D02D184F84030AC
:10D3F000F3E70C2D02D184F84130EEE7102D0CBF7D
:10D4000084F8423084F84330E7E700BF002C014045
:10D41000FFF7B0BF70B590F83C30012B02464FF0DB
:10D42000020020D082F83D000F4D106843688468E8
:10D43000A84202BF4E6823F4700333430E6823F002
:10D4400070033343A842436002D0B0F1804F04D14F
:10D45000896824F080030B4383600123002082F855
:10D460003D3082F83C0070BD002C014010B590F8B2
:10D470003C30012B3CD0CB688A681E4C23F44073AF
:10D4800013434A6823F4806313430A6823F4006358
:10D4900013430A6923F4805313434A6923F4005366
:10D4A00013430A6B23F4804313438A6923F47023E4
:10D4B00043EA02430268A24214D1CC6923F08053AC
:10D4C00023438C6A23F4700343EA04530C6A23F069
:10D4D000807323434C6AC96A23F00073234323F00B
:10D4E00000530B435364002380F83C30184610BDB2
:10D4F0000220FCE7002C014010B510220446002158
:10D50000F130F0F7B4FC0021C4F814112046F022E9
:10D51000BDE81040F0F7ABBC024608461021DEF72C
:10D52000BDB82DE9F0430446D0F8140185B00E468D
:10D53000154604F2011788B3C0F110099145C84699
:10D5400028BF90461FFA88F23844F0F77CFCD4F8E4
:10D55000143143440F2BC4F8143128D9A94526D2DD
:10D5600004F1F103994613F8012BD97BBB4282EAFF
:10D57000010203F8012CF6D1102249466846F0F763
:10D5800062FC224669466846DEF78DF8102269463D
:10D590004846F0F758FC4644A5EB0805102D09D87D
:10D5A000AAB231463846F0F74EFCC4F8145105B023
:10D5B000BDE8F08304F1F103711E98461A7811F862
:10D5C000010F424003F8012BBB42F7D11022414624
:10D5D0006846F0F738FC224669466846DEF763F88D
:10D5E000102269464046F0F72EFC1036103DD5E774
:10D5F00070B588B00C461022002105466846F0F749
:10D6000036FC224669466846DEF74DF89DF9003043
:10D61000002B6A464FF0000141DA137812F8010F2F
:10D6200001315B0043EAD0130F2902F8013CF4D129
:10D630009DF80F305B0083F087038DF80F30D4F82E
:10D640001431102B3AD104F20113694604F211107F
:10D650001A7811F8016B724003F8012B9842F7D148
:10D6600004F1F10304F20110194613F8012BDE7BDB
:10D67000984282EA060203F8012CF6D110220DEB43
:10D680000200F0F7E0FB2246294604A8DEF70BF87B
:10D69000102200216846F0F7EAFB08B070BD13784D
:10D6A00012F8010F01315B0043EAD0130F2902F891
:10D6B000013CF4D19DF80F305B00BEE79DF90020DE
:10D6C000002A69464FF0000031DA0A7811F8016F3C
:10D6D0000130520042EAD6120F2801F8012CF4D191
:10D6E0009DF80F20520082F087028DF80F20E2187B
:10D6F0008021581C82F801110026014604F2011213
:10D700000F2923D91028C3F10F0388BF0023034436
:10D71000C4F814316946134604F211101A7811F84E
:10D72000016B724003F8012B9842F7D198E70A7811
:10D7300011F8016F0130520042EAD6120F2801F8A9
:10D74000012CF4D19DF80F205200CEE75654013140
:10D75000D6E7704770470A22002100F047B9000061
:10D76000024B0344587800F0440070472BF1020844
:10D7700030B501390024A24201D1002005E0035D4B
:10D7800001340D5DAB42F6D0581B30BD38B50D4BA2
:10D790001D68AB6B04467BB91820DCF743FD0A4AD1
:10D7A0000A4BA863C0E90023094B83600B238381E4
:10D7B00001220023C0E90423AB6B00221C615A61E3
:10D7C00038BD00BFD80100200E33CDAB34126DE65A
:10D7D000ECDE0500134B10B51C68A36B7BB9182059
:10D7E000DCF720FD104A114BA063C0E90023104B69
:10D7F00083600B23838101220023C0E90423A16BF2
:10D800000C480A694B690C4C504304FB0300A2FB13
:10D8100004345A1C044444F10000C1E9042020F0FF
:10D82000004010BDD80100200E33CDAB34126DE6A0
:10D83000ECDE05002DF451582D7F954C024B0A4625
:10D8400001461868DDF770BAD801002070B50C4D9C
:10D8500004462E4614F8013B5A5D02F00302012AE9
:10D8600011F8012BB05C00F0030008BF2033012841
:10D8700008BF2032981A01D1002AEBD170BD00BF39
:10D880002CF10208034611F8012B03F8012B002AA2
:10D89000F9D1704770B50F4E04460A448A4201D14F
:10D8A000002013E014F8013B985D00F0030001280C
:10D8B00011F8010B355C05F0030508BF2033012D7D
:10D8C00008BF20301B1A02D10028E7D170BD1846CE
:10D8D000FCE700BF2CF1020870B503461E4613F8A2
:10D8E000014B3CB14A1E01E0A542F7D012F8015F9E
:10D8F000002DF9D1301A70BD2DE9F0473A4E864619
:10D900008C4660461CF8014BA55D15F00805F8D162
:10D910002D2C33D19CF800404FF0010800F1020C8F
:10D92000002B5CD0102B0CD1302C0AD19CF80000BD
:10D9300000F0DF0058284DD19CF8014010230CF175
:10D94000020C08F10047013F0026B7FBF3F930460F
:10D9500003FB197AA4F13005092D18D82C46A342EF
:10D9600024DD751C07D081451DD301D1A2451ADBEA
:10D9700000FB034001261CF8014BEBE72B2C08BFF2
:10D980009CF80040A84608BF00F1020CC8E7A4F1CB
:10D990004105192D01D8373CE1E7A4F16105192DA6
:10D9A00004D8573CDBE74FF0FF36E4E7731C06D1A1
:10D9B0002223CEF80030384642B9BDE8F087B8F1EE
:10D9C000000F00D04042002AF7D00EB10CF1FF3119
:10D9D0001160F2E73024002BB3D10823B1E7302CDB
:10D9E000A4D00A23ADE700BF2CF1020813460A4673
:10D9F000014602480068FFF77FBF00BFD801002042
:10DA00002DE9F0433B4E86468C4660461CF8014BA0
:10DA1000A55D15F00805F8D12D2C34D19CF80040F7
:10DA20004FF0010800F1020C002B5ED0102B0CD13E
:10DA3000302C0AD19CF8000000F0DF0058284FD1AC
:10DA40009CF8014010230CF1020C4FF0FF37002529
:10DA5000B7FBF3F703FB07F96FEA09092846A4F1BE
:10DA60003006092E18D83446A34224DD002D1FDBD2
:10DA700087421DD301D1A1451ADB00FB03400125DC
:10DA80001CF8014BEBE72B2C08BF9CF80040A84684
:10DA900008BF00F1020CC7E7A4F14106192E01D816
:10DAA000373CE1E7A4F16106192E04D8573CDBE7C7
:10DAB0004FF0FF35E4E7002D07DA2223CEF80030DF
:10DAC0004FF0FF3042B9BDE8F083B8F1000F00D04D
:10DAD0004042002AF7D00DB10CF1FF311160F2E79E
:10DAE0003024002BB1D10823AFE7302CA2D00A2379
:10DAF000ABE700BF2CF1020813460A460146024874
:10DB00000068FFF77DBF00BFD8010020034BC35C56
:10DB100003F00303022B08BF203870472CF10208E2
:10DB200030B5141E05469BB0184605DA8B232B60D2
:10DB30004FF0FF301BB030BD4FF40273ADF80C3026
:10DB400014BF04F1FF332346029305934FF6FF738E
:10DB500000910491ADF80E3002461E9B694628469E
:10DB6000DCF79AFF431CBCBF8B232B60002CE1D059
:10DB7000009B00221A70DDE707B5009313460A46A2
:10DB8000014603480068FFF7CBFF03B05DF804FBD4
:10DB9000D801002000B59BB0009104916FF00041C6
:10DBA00005910291054903916946DCF775FF009BD9
:10DBB00000221A701BB05DF804FB00BF0802FFFFD3
:10DBC00013460A46014602480068FFF7E3BF00BF5C
:10DBD000D801002000000000F8B5C1F30A57A7F2F1
:10DBE000FF35132D0B460C460246064620DC002D61
:10DBF00040DB354F2F4101EA070C5CEA000C14D0E2
:10DC00002FA3D3E90023D8F723FB00220023D8F762
:10DC100065FF40B1002C03DA4FF480132B411C4404
:10DC200024EA070400263246234610461946F8BD6A
:10DC3000332D07DDB5F5806FF7D1D8F709FB024624
:10DC40000B46F2E7A7F213474FF0FF3C2CFA07F719
:10DC50000742EAD01AA3D3E90023D8F7F9FA002241
:10DC60000023D8F73BFF0028DDD0002C1BDB26EA81
:10DC70000706D8E712A3D3E90023D8F7E9FA002270
:10DC80000023D8F72BFF0028CDD0002C02DB002684
:10DC90003446C8E724F000430C4A1E43002E18BF48
:10DCA00014460026BFE7142D08D00122C5F1340325
:10DCB00002FA03F39E1928BFA418D8E70134D6E767
:10DCC0009C7500883CE4377EFFFF0F000000F0BF2A
:10DCD000F8B500BFF8BC08BC9E467047F8B500BF59
:08DCE000F8BC08BC9E46704729
:10DCE8000000000000000011FFFFFFFFFFFFFFFF23
:10DCF800FFFFFFFFFFFFFFFF000000000000000024
:10DD080000000000000000FF0000FFFF00FFFFFF11
:10DD18000000000000FF0000FFFF0000FFFF00FF01
:10DD280000000000FF000000FFFF0000FFFFFF00F1
:10DD3800000000000100000002000000C194C100C2
:10DD480000000000B22700000000000000000000F2
:10DD580000000000000000000000000000000000BB
:10DD680050554400A0AA9900A0AA9900A0AA990019
:10DD7800A027BE330000000050010000E034C1338A
:10DD880000000000500100002042C43300000000E1
:10DD98005001000064CE8F330000000050000000E6
:10DDA80084FE94330000000050000000E8E19D3339
:10DDB80000000000500000002021F636000000009E
:10DDC80050000000602EF9360000000050000000EE
:10DDD800A03BFC360000000050000000A05CCA33E5
:10DDE8000000000070000000E069CD330000000072
:10DDF80070000000000000008813000010270000D9
:10DE0800204E000030750000409C000050C3000008
:10DE180060EA0000C0D4010080A903000053070095
:10DE28004A6F696E207374617475733A2025640DA6
:10DE38000A005375636365737366756C6C79207338
:10DE4800656E740053656E64696E67206661696CFF
:10DE5800656400536F6D657468696E6720726563E9
:10DE680065697665642100257800576169742066C4
:10DE78006F72204C6F526157414E206A6F696E2E47
:10DE88002E2E004A6F696E6564004F4E00554E4352
:10DE98004F4E4649524D45440052414B7769726591
:10DEA8006C657373204C6F526157616E204F5441FB
:10DEB80041204578616D706C65002D2D2D2D2D2D1F
:10DEC8002D2D2D2D2D2D2D2D2D2D2D2D2D2D2D2D7A
:10DED8002D2D2D2D2D2D2D2D2D2D2D2D2D2D2D2D6A
:10DEE8002D2D2D2D2D2D2D2D2D2D2D2D2D2D2D2D5A
:10DEF8000044757479206379636C65206973202503
:10DF0800730D0A005061636B657420697320257373
:10DF18000D0A00446576696365204164647265731F
:10DF28007320697320253032582530325825303215
:10DF380058253032580D0A0055706C696E6B207088
:10DF48006572696F642069732025756D730D0A0009
:10DF58004E4A4D3A2025640D0A00AC1F09FFFE0504
:10DF68002F45009ABC94F6E5E147F80A855508B5AF
:10DF78000E9649004F4B202D2045504400457272A3
:10DF88006F72202D2045504400435243204661695A
:10DF98006C202D2045504400556E6B6E6F776E20B7
:10DFA80072657475726E20636F6465202D2045500C
:10DFB800440055706C696E6B20636F756E74657282
:10DFC8003A256400543D20252E326620483D202500
:10DFD8002E32660044617461205061636B65743A47
:10DFE8000030782530325820004461746120736510
:10DFF8006E743A0053656E64696E672069732072A7
:10E0080065717565737465640043616E2774207368
:10E01800656E642075706C696E6B2C20646576691A
:10E028006365206E6F74206A6F696E656400003FD7
:10E038008000000000000000000000000001FFF068
:10E0480000000000000000000000000003FFF800CE
:10E0580000000000000000000000000FFFFC0000AE
:10E06800000000000000000000001FFFFE0000008C
:10E078000000000000000000001FFFFF000000007B
:10E0880000000000000000003FFFFF8003FFF800D1
:10E09800000000000000007FFFFF803FFFFF00003E
:10E0A8000000000000007FFFFFC1FFFFFFE000004D
:10E0B80000000000007FE0FFCFFFFFFFFC00000032
:10E0C80000000000FFC07FFFFFF007FE0000000017
:10E0D800000000FF807FFFFC00001F8000000000A0
:10E0E8000000FF803FFFC0000001C00000000000EA
:10E0F80000FF803FFC00000000300000000000002E
:10E10800FF803FF000E6000000000000000000FF74
:10E11800807FE000EE000000000000000000FFC06B
:10E128007FC000EE0000000000000000007FE1FF5B
:10E13800C7FCEFF807FC3F81F007C3FF7FFFFFCF65
:10E14800FCEFFE1FFCFF87FC1FC7FF3FFFFF9FFC84
:10E15800EFFF3FFCFF8FFE3FCFFF3FFFFFBC1CEEF2
:10E168000F381DE01E0F780E0F1FFFFF381CEE073B
:10E17800781DC01C07701C1F0FFFFE381CEE0778A7
:10E188001DC01C07701C3C07FFFC3C1CEE07381D1B
:10E19800E01E0F700E0003FFF81FDCEFFF3F9CFF2F
:10E1A8008FFF700FFF00FFE01FDCEFFE1F9CFF8753
:10E1B800FE7007FF003F0007DCEFFC0F9C7F83F831
:10E1C8007003FF00000000000000000000000000D5
:10E1D8000000433A5C55736572735C6166726569E9
:10E1E8007461735C446F63756D656E74735C4172C2
:10E1F8006475696E6F5C6C69627261726965735C83
:10E20800537061726B46756E5F53485443335F4871
:10E21800756D69646974795F616E645F54656D706A
:10E22800657261747572655F53656E736F725F4C6A
:10E238006962726172795C7372635C537061726B4C
:10E2480046756E5F53485443332E63707000000068
:10E2580000000000000000000000000000000000B6
:10E2680000000000000000000000000000000000A6
:10E278000C000C000C000C000C000C000C000C0036
:10E2880000000C000000000000000000000000007A
:10E2980000001DC01DC00880088008800000000024
:10E2A8000000000000000000000000000000000066
:10E2B8000D800D800D800D803FC01B003FC01B00EE
:10E2C8001B001B001B0000000000000000000400F1
:10E2D8001F803180318038001E000F00038031809C
:10E2E80031803F000400040000000000000000002E
:10E2F80018002400240018C007801E003180024046
:10E308000240018000000000000000000000000042
:10E3180000000F001800180018000C001D803700BE
:10E3280033001D8000000000000000000000000015
:10E3380000000700070002000200020000000000C1
:10E3480000000000000000000000000000000000C5
:10E358000300030006000E000C000C000C000C006B
:10E368000E0006000300030000000000000000008B
:10E37800180018000C00060006000600060006003B
:10E3880006000C001C00180000000000000000003F
:10E39800060006003FC03FC00F001F801980000024
:10E3A8000000000000000000000000000000000065
:10E3B800000000000400040004003F800400040082
:10E3C8000400000000000000000000000000000041
:10E3D8000000000000000000000000000000000035
:10E3E800060004000C0008000800000000000000FF
:10E3F800000000000000000000003F800000000056
:10E408000000000000000000000000000000000004
:10E4180000000000000000000000000000000000F4
:10E428000C000C000000000000000000000000C00C
:10E4380000C0018001800300030006000C000C00EE
:10E448001800180030003000000000000000000034
:10E458000E001B0031803180318031803180318065
:10E468001B000E000000000000000000000000007B
:10E4780006003E000600060006000600060006002C
:10E4880006003FC00000000000000000000000007F
:10E498000F00198031803180030006000C0018003D
:10E4A80030003F8000000000000000000000000075
:10E4B8003F006180018003001F000380018001800C
:10E4C80061803F0000000000000000000000000024
:10E4D800070007000F000B001B00130033003F80EC
:10E4E80003000F8000000000000000000000000092
:10E4F8001F801800180018001F001180018001807B
:10E5080021801F0000000000000000000000000043
:10E5180007801C00180030003700398031803180B6
:10E5280019800F000000000000000000000000003B
:10E538007F004300030006000600060006000C00EA
:10E548000C000C00000000000000000000000000AB
:10E558001F003180318031801F003180318031804F
:10E5680031801F00000000000000000000000000D3
:10E578001E0033003180318033801D80018003000C
:10E5880007003C0000000000000000000000000040
:10E598000000000000000C000C000000000000005B
:10E5A8000C000C000000000000000000000000004B
:10E5B800000000000000030003000000000000004D
:10E5C8000600040008000800000000000000000029
:10E5D800000000C0030004001800600018000400D8
:10E5E800030000C000000000000000000000000060
:10E5F80000000000000000007FC000007FC0000095
:10E608000000000000000000000000000000000002
:10E618000000600018000400030000C003000400AC
:10E62800180060000000000000000000000000006A
:10E6380000001F0031803180018007000C000C00B1
:10E6480000000C00000000000000000000000000B6
:10E658000E001100210021002700290029002700B1
:10E66800200011000E000000000000000000000063
:10E6780000003F000F000900198019801F8030C07A
:10E6880030C079E000000000000000000000000039
:10E6980000007F003180318031803F00318031803F
:10E6A80031807F0000000000000000000000000032
:10E6B80000001F4030C060406000600060006040A3
:10E6C80030801F0000000000000000000000000073
:10E6D80000007F00318030C030C030C030C030C052
:10E6E80031807F00000000000000000000000000F2
:10E6F80000007F803080308032003E003200308061
:10E7080030807F8000000000000000000000000052
:10E7180000007FC03040304032003E003200300000
:10E7280030007C0000000000000000000000000035
:10E7380000001E80318060806000600067C06180DA
:10E7480031801F00000000000000000000000000F1
:10E7580000007BC03180318031803F803180318042
:10E7680031807BC0000000000000000000000000B5
:10E7780000003FC00600060006000600060006006E
:10E7880006003FC00000000000000000000000007C
:10E7980000001FC0030003000300030063006300C0
:10E7A80063003E00000000000000000000000000C0
:10E7B80000007BC03180330036003C003E0033004F
:10E7C800318079C000000000000000000000000057
:10E7D80000007E00180018001800180018401840A3
:10E7E80018407FC00000000000000000000000008A
:10E7F8000000E0E060C071C07BC06AC06EC064C049
:10E8080060C0FBE000000000000000000000000005
:10E81800000073C0318039803D8035803780338077
:10E828003180798000000000000000000000000036
:10E8380000001F00318060C060C060C060C060C060
:10E8480031801F00000000000000000000000000F0
:10E8580000007F0031803180318031803F003000FE
:10E8680030007E00000000000000000000000000F2
:10E8780000001F00318060C060C060C060C060C020
:10E8880031801F000CC01F80000000000000000045
:10E8980000007F003180318031803E0033003180BC
:10E8A80031807CE000000000000000000000000053
:10E8B80000001F803180318038001F0003803180C4
:10E8C80031803F0000000000000000000000000050
:10E8D80000007F804C804C804C800C000C000C00A9
:10E8E8000C003F00000000000000000000000000D5
:10E8F80000007BC0318031803180318031803180AF
:10E9080031801F000000000000000000000000002F
:10E9180000007BC0318031801B001B001B000A00F7
:10E928000E000E00000000000000000000000000C3
:10E938000000FBE060C064C06EC06EC02A803B80EF
:10E948003B80318000000000000000000000000053
:10E9580000007BC031801B000E000E000E001B0063
:10E9680031807BC0000000000000000000000000B3
:10E97800000079E030C019800F000600060006008C
:10E9880006001F80000000000000000000000000DA
:10E9980000003F8021802300060004000C0018803E
:10E9A80030803F80000000000000000000000000F0
:10E9B800078006000600060006000600060006009E
:10E9C8000600060006000780000000000000300076
:10E9D8003000180018000C000C00060003000300AB
:10E9E8000180018000C000C000000000000000009D
:10E9F8001E000600060006000600060006000600C7
:10EA08000600060006001E000000000000000400CA
:10EA18000A000A0011002080208000000000000089
:10EA280000000000000000000000000000000000DE
:10EA380000000000000000000000000000000000CE
:10EA4800000000000000000000000000FFE00800D7
:10EA580004000200000000000000000000000000A8
:10EA6800000000000000000000000000000000009E
:10EA78000000000000001F00018001801F8031801D
:10EA880033801DC0000000000000000000000000EE
:10EA98007000300030003700398030C030C030C0DE
:10EAA800398077000000000000000000000000002E
:10EAB8000000000000001E803180608060006080DF
:10EAC80031801F000000000000000000000000006E
:10EAD8000380018001801D803380618061806180B6
:10EAE80033801DC00000000000000000000000008E
:10EAF8000000000000001F00318060C07FC060007F
:10EB080030C01F800000000000000000000000006E
:10EB180007E00C000C003F800C000C000C000C00FF
:10EB28000C003F8000000000000000000000000012
:10EB38000000000000001DC033806180618061809A
:10EB480033801D80018001801F000000000000004C
:10EB580070003000300037003980318031803180DA
:10EB680031807BC0000000000000000000000000B1
:10EB78000600060000001E0006000600060006004B
:10EB880006003FC000000000000000000000000078
:10EB98000600060000003F00030003000300030016
:10EBA80003000300030003003E0000000000000013
:10EBB800700030003000378036003C003C003600E2
:10EBC800330077C0000000000000000000000000D3
:10EBD8001E000600060006000600060006000600E5
:10EBE80006003FC000000000000000000000000018
:10EBF8000000000000007F8036C036C036C036C036
:10EC080036C076E0000000000000000000000000B0
:10EC180000000000000077003980318031803180A9
:10EC280031807BC0000000000000000000000000F0
:10EC38000000000000001F00318060C060C060C09C
:10EC480031801F00000000000000000000000000EC
:10EC58000000000000007700398030C030C030C0AC
:10EC680039803700300030007C00000000000000D0
:10EC78000000000000001DC0338061806180618059
:10EC880033801D800180018007C000000000000063
:10EC98000000000000007B801CC01800180018004D
:10ECA80018007F00000000000000000000000000C5
:10ECB8000000000000001F8031803C001F0003801E
:10ECC80031803F000000000000000000000000004C
:10ECD8001800180018007F00180018001800180005
:10ECE80018800F0000000000000000000000000075
:10ECF8000000000000007380318031803180318055
:10ED080033801DC00000000000000000000000006B
:10ED18000000000000007BC0318031801B001B0018
:10ED28000E000E00000000000000000000000000BF
:10ED3800000000000000F1E060C064C06EC03B80CD
:10ED48003B8031800000000000000000000000004F
:10ED58000000000000007BC01B000E000E000E002B
:10ED68001B007BC000000000000000000000000045
:10ED780000000000000079E030C0198019800B0005
:10ED88000F00060006000C003E0000000000000016
:10ED98000000000000003F80218003000E001800E2
:10EDA80030803F80000000000000000000000000EC
:10EDB80006000C000C000C000C000C0018000C00E5
:10EDC8000C000C000C000600000000000000000011
:10EDD80006000600060006000600060006000600FB
:10EDE8000600060006000600000000000000000003
:10EDF8000C000600060006000600060003000600D8
:10EE08000600060006000C000000000000000000DC
:10EE1800000000000000000018002480030000002B
:10EE28000000000000000000000000000000524147
:10EE38004B333137322D48200052414B3331373272
:10EE48002D4C200056657273696F6E3A2573202524
:10EE5800730D0A0043757272656E7420576F726B7A
:10EE6800204D6F64653A20004C6F5261205032503B
:10EE78002E0D0A004C6F526157414E2E0D0A004666
:10EE8800534B2E0D0A000000B18A00085D8B000864
:10EE9800C18A0008698B0008218B0008758B00085F
:10EEA80000000000D18A0008898A0008118A000839
:10EEB800258A0008318A0008498A0008618A000802
:10EEC800658A0008798A0008332E322E31300031E5
:10EED8002E352E31340065643465363863373A335D
:10EEE800633032353330663A65316334373939390E
:10EEF8003A30383339333265393A33306335393952
:10EF080064633A63626339633966643A3563636597
:10EF1800633338313A38323736323961373A3766FF
:10EF28003332386637363A31646534336261393A98
:10EF380066343239616561373A366133643638345C
:10EF4800323A62396433396162363A643563366518
:10EF58003838643A61323961616136653A646135DD
:10EF680034353739643A64316537353231343A31BA
:10EF7800333635666230633A373134393436656250
:10EF88003A39636438643635633A306630623664D9
:10EF9800373600313532363133003230323530359C
:10EFA80032330073746D3332776C6535787800725C
:10EFB800616B33313732005255495F342E322E316E
:10EFC8005F52414B333137322D4500494E46006977
:10EFD8006E66004E414E006E616E00303132333441
:10EFE80035363738394142434445460030313233AB
:10EFF80034353637383961626364656600496E6650
:10F00800696E697479004E614E00000000000000CE
:10F018000080E03779C34143176E05B5B5B893460C
:10F02800F5F93FE9034F384D321D30F94877825AD8
:10F038003CBF737FDD4F1575000000000000F03FF6
:10F0480000000000000024400000000000005940BB
:10F058000000000000408F40000000000088C3400E
:10F0680000000000006AF8400000000080842E4183
:10F0780000000000D01263410000000084D79741CF
:10F088000000000065CDCD41000000205FA00242D5
:10F09800000000E876483742000000A2941A6D424A
:10F0A800000040E59C30A2420000901EC4BCD6423D
:10F0B80000003426F56B0C430080E03779C34143E8
:10F0C80000A0D8855734764300C84E676DC1AB435E
:10F0D800003D9160E458E143408CB5781DAF15447C
:10F0E80050EFE2D6E41A4B4492D54D06CFF0804457
:10F0F800F64AE1C7022DB544B49DD9794378EA446C
:10F1080005000000190000007D000000232D302BB1
:10F118002000686C4C0065666745464700504F53B1
:10F12800495800002020202020202020202828289E
:10F1380028282020202020202020202020202020B7
:10F1480020202020881010101010101010101010FF
:10F15800101010100404040404040404040410101F
:10F1680010101010104141414141410101010101BC
:10F178000101010101010101010101010101011068
:10F188001010101010424242424242020202020291
:10F198000202020202020202020202020202021039
:10F1A8001010102000000000000000000000000007
:10F1B8000000000000000000000000000000000047
:10F1C8000000000000000000000000000000000037
:10F1D8000000000000000000000000000000000027
:10F1E8000000000000000000000000000000000017
:10F1F8000000000000000000000000000000000007
:10F2080000000000000000000000000000000000F6
:10F2180000000000000000000000000000000000E6
:10F2280000000000C87D0020687D0020507D00207F
:10F23800B07D0020387D0020087D0020807D0020E2
:10F24800207D0020987D0020F07C00200000001028
:10F2580000000000001000000A232323232323209A
:10F268003D3D3D3D3D3D3D3D3D3D3D204D4C4D45AC
:10F278002D52657175657374203D3D3D3D3D3D3DA5
:10F288003D3D3D3D3D202323232323230A00232303
:10F29800232323232020202020202020202020205A
:10F2A8002020204D4C4D455F4A4F494E20202020BC
:10F2B8002020202020202020202020232323232337
:10F2C800230A00232323232323203D3D3D3D3D3DA9
:10F2D8003D3D3D3D3D3D3D3D3D3D3D3D3D3D3D3D56
:10F2E8003D3D3D3D3D3D3D3D3D3D3D3D3D3D3D2063
:10F2F8002323232323230A00232323232323202018
:10F30800202020202020202020204D4C4D455F4CDF
:10F31800494E4B5F434845434B2020202020202066
:10F3280020202020202323232323230A00232323F0
:10F338002323232020202020202020202020204D8F
:10F348004C4D455F4445564943455F54494D45201A
:10F358002020202020202020202023232323232393
:10F368000A002323232323232020202020202020B9
:10F37800202020202020204D4C4D455F54584357D5
:10F388002020202020202020202020202020202372
:10F3980023232323230A002323232323232020207A
:10F3A80020202020202020202020204D4C4D455F6B
:10F3B800554E4B4E4F574E202020202020202020F5
:10F3C800202020202323232323230A00535441549D
:10F3D80055532020202020203A2025730A004E650E
:10F3E800787420547820696E20203A20256C752086
:10F3F8005B6D735D0A000A232323232323203D3DED
:10F408003D3D3D3D3D3D3D3D3D204D4350532D52FD
:10F41800657175657374203D3D3D3D3D3D3D3D3D08
:10F428003D3D3D202323232323230A002323232395
:10F4380023232020202020202020202020204D436E
:10F4480050535F434F4E4649524D4544202020209B
:10F458002020202020202020202323232323230AA8
:10F4680000232323232323202020202020202020A2
:10F4780020204D4350535F554E434F4E4649524D01
:10F488004544202020202020202020202020232325
:10F49800232323230A00232323232323202020207C
:10F4A800202020202020204D4350535F50524F50A1
:10F4B8005249455441525920202020202020202004
:10F4C8002020202323232323230A00232323232349
:10F4D8002320202020202020202020202020202021
:10F4E800204D4350535F4552524F52202020202038
:10F4F80020202020202020202323232323230A0028
:10F508002B42433A4C4F53540D0A002B42433A4C7A
:10F518004F434B45440D0A002B42433A4641494C60
:10F5280045445F25640D0A002B42433A4641494C45
:10F5380045440D0A002530326468253032646D2553
:10F5480030326473206F6E20253032642F253032BC
:10F55800642F253034640051756572795478506F82
:10F56800737369626C653A2025732C205573657234
:10F578004461746153697A6520256420506F737300
:10F5880069626C654461746153697A6520256420F9
:10F598004164646974696F6E616C464F707473532B
:10F5A800697A652025640D0A0052783146726571C2
:10F5B80075656E63793A25750D0A0052784346726F
:10F5C800657175656E63793A25750D0A0043686142
:10F5D8006E6E656C7344617461726174653A25641A
:10F5E8000D0A004368616E6E656C735478506F77CE
:10F5F80065723A25640D0A0046436E7455703A25C3
:10F60800750D0A00526573747269637465645F5797
:10F618006169745F25645F6D730D0A002B4556544C
:10F628003A52585F25733A25643A2564003A4D5595
:10F638004C544943415354003A554E49434153545D
:10F648000025303278002B4556543A4C494E4B43EE
:10F658004845434B3A303A25643A25643A25643A9A
:10F6680025640D0A00526563656976696E672069CD
:10F678006E2052585F534C4F545F57494E5F310DBF
:10F688000A00526563656976696E6720696E205263
:10F69800585F534C4F545F57494E5F320D0A005222
:10F6A8006563656976696E6720696E2052585F5395
:10F6B8004C4F545F57494E5F434C4153535F430D82
:10F6C8000A00446576416464726573733A2530387C
:10F6D800780D0A00506F72743A25640D0A0052734F
:10F6E80073693A25640D0A00536E723A25640D0A4F
:10F6F80000527844617461726174653A25750D0A27
:10F708000046436E74446F776E3A25750D0A004CB7
:10F718006F52614D61634D696247657452657175D9
:10F72800657374436F6E6669726D204552524F520D
:10F738000D0A002B4556543A53454E445F434F4EED
:10F748004649524D45445F4F4B0D0A002B455654D0
:10F758003A53454E445F434F4E4649524D45445FE8
:10F768004641494C4544282564290D0A002B455635
:10F77800543A54585F444F4E450D0A002B45565491
:10F788003A4A4F494E5F4641494C45445F25640D0E
:10F798000A002B4556543A4A4F494E45440D0A0033
:10F7A8002B4556543A5357495443485F4641494CB0
:10F7B80045440D0A002B4556543A4A4F494E5F4678
:10F7C80041494C45445F52585F54494D454F555443
:10F7D8000D0A002B4556543A4A4F494E5F46414957
:10F7E8004C45445F54585F54494D454F55540D0A94
:10F7F80000526563656976696E67204D4C4D455FBB
:10F808004A4F494E0D0A00446576416464723A25B0
:10F818003038780D0A002B4556543A54494D455214
:10F8280045515F4F4B0D0A002B4556543A54494DEC
:10F83800455245515F4641494C45440D0A002B420B
:10F84800433A444F4E450D0A002B4556543A4C490D
:10F858004E4B434845434B3A313A303A303A303AC6
:10F86800300D0A00257328293A4661696C0D0A0093
:10F8780042004F4B00427573790053657276696395
:10F888006520756E6B6E6F776E00506172616D6585
:10F8980074657220696E76616C6964004672657180
:10F8A80075656E637920696E76616C696400446180
:10F8B80074617261746520696E76616C6964004672
:10F8C80072657175656E6379206F72206461746109
:10F8D8007261746520696E76616C6964004E6F2090
:10F8E8006E6574776F726B206A6F696E6564004C21
:10F8F800656E677468206572726F72005265676919
:10F908006F6E206E6F7420737570706F727465649B
:10F9180000536B69707065642041505020646174B5
:10F928006100447574792D6379636C652072657321
:10F9380074726963746564004E6F206368616E6EEB
:10F94800656C20666F756E64004E6F206672656523
:10F95800206368616E6E656C20666F756E64004228
:10F9680075737920626561636F6E20726573657265
:10F978007665642074696D650042757379207069D5
:10F988006E672D736C6F742077696E646F7720745F
:10F99800696D6500427573792075706C696E6B20AE
:10F9A800636F6C6C6973696F6E0043727970746F02
:10F9B800206572726F720046436E742068616E64CF
:10F9C8006C6572206572726F72004D414320636FDF
:10F9D8006D6D616E64206572726F7200436C617345
:10F9E8007342206572726F7200436F6E6669726D42
:10F9F800207175657565206572726F72004D756C42
:10FA08007469636173742067726F757020756E64B2
:10FA18006566696E656400556E6B6E6F776E2065FE
:10FA280072726F72000000007AF802087DF802080E
:10FA380082F8020892F80208A4F80208B6F8020848
:10FA4800C7F80208E5F80208F7F8020804F90208FE
:10FA580019F902082AF9020840F9020851F90208BE
:10FA680067F9020881F902089CF90208B2F902084C
:10FA7800BFF90208D2F90208E4F90208F1F902080C
:10FA880005FA02081FFA0208736572766963655FF2
:10FA98006C6F72615F7365745F6C6F72615F6465D0
:10FAA8006661756C74000000771B03087B1B0308F4
:10FAB800AD0E0308AD0E030878F8020878F80208BE
:10FAC80025303258002B4556543A5258503250205F
:10FAD80052454345495645204552524F520D0A005A
:10FAE8002B4556543A525846534B205245434549A4
:10FAF8005645204552524F520D0A002B4556543A4E
:10FB08005258503250205245434549564520544991
:10FB18004D454F55540D0A002B4556543A525846F8
:10FB2800534B20524543454956452054494D454F6E
:10FB380055540D0A002B4556543A5458503250200B
:10FB4800444F4E450D0A002B4556543A54584653D7
:10FB58004B20444F4E450D0A004C6F5261205032E5
:10FB6800502052582049563A20002B4556543A52B4
:10FB7800585032503A25643A25643A002B45565479
:10FB88003A525846534B3A25643A25643A004C6F2A
:10FB98005261205032502054582049563A20004C87
:10FBA8006F5261205032502073656E642064617416
:10FBB800613A202825642920005032505F52585F4E
:10FBC8004F4E20616C72656164790D0A004F6E5466
:10FBD8007854696D656F7574004F6E5478446F6E14
:10FBE800650D0A005278202564206F662025642060
:10FBF800203E3E3E205045523D2025642025250DBF
:10FC08000A005273736956616C75653D202564203E
:10FC180064426D2C20536E7256616C75653D2025CB
:10FC280064200D0A00547820486F702061742025E4
:10FC38006420487A0D0A0054782054657374203A79
:10FC4800205061636B6574202564206F66202564ED
:10FC58000D0A00547820546573740D0A00000000E2
:10FC680048E8010048E8010048E8010048E80100C8
:10FC780048E8010048E8010090D0030000000000B7
:10FC880048E8010048E8010048E8010048E80100A8
:10FC980048E8010048E8010020A107000000000032
:10FCA80020A1070020A1070020A1070020A107002C
:10FCB80020A1070020A107000000000000000000AC
:10FCC80048E8010048E8010048E8010048E8010068
:10FCD80048E8010048E8010020A1070000000000F2
:10FCE80048E8010048E8010048E8010048E8010048
:10FCF80048E8010048E8010090D003000000000037
:10FD080048E8010048E8010048E8010048E8010027
:10FD180048E8010048E8010090D003000000000016
:10FD280048E8010048E8010048E8010048E8010007
:10FD380048E8010048E8010090D0030000000000F6
:10FD480048E8010048E8010048E8010048E80100E7
:10FD580048E8010048E8010090D0030000000000D6
:10FD680048E8010048E8010048E8010048E80100C7
:10FD780048E8010048E8010048E8010048E80100B7
:10FD880048E8010048E8010048E8010048E80100A7
:10FD980020A107000000000020A1070020A1070003
:10FDA80020A1070020A1070020A1070020A107002B
:10FDB800000000000000000048E8010048E80100D9
:10FDC80048E8010048E8010020A107000000000001
:10FDD800000000000000000020A1070020A107008B
:10FDE80020A1070020A1070020A1070020A10700EB
:10FDF80000000000000000000C0B0A090807073289
:10FE08000C0B0A09080708000C0B0A090807000070
:10FE18000C0B0A0908070A090807080000000C0B60
:10FE28000A09080700000D0A25730D0A000D0A418A
:10FE3800542B3C434D443E3F3A2068656C70206F1C
:10FE48006E203C434D443E0D0A41542B3C434D44E7
:10FE58003E3A2072756E203C434D443E0D0A415493
:10FE68002B3C434D443E3D3C76616C75653E3A20E3
:10FE7800736574207468652076616C75650D0A4138
:10FE8800542B3C434D443E3D3F3A206765742074F3
:10FE980068652076616C75650D0A00446973616256
:10FEA8006C6500522A0025732C25733A2025730DA2
:10FEB8000A004154432B00257325730025732C2514
:10FEC800733A2025732C2025730D0A003031323304
:10FED8003435363738390041542B424F4F5400657A
:10FEE8006E74657220626F6F746C6F6164657220E6
:10FEF8006D6F646520666F72206669726D776172D6
:10FF08006520757067726164650041542B424F4FDC
:10FF1800545645520067657420746865207665728A
:10FF280073696F6E206F662052554920426F6F7457
:10FF38006C6F616465720041545A00747269676736
:10FF48006572732061207265736574206F66207412
:10FF58006865204D43550041545200726573746FB3
:10FF680072652064656661756C7420706172616D7C
:10FF780065746572730041542B44454255470073BC
:10FF88006574206465627567206C6F670073686FBD
:10FF980077206F7220686964652074686520415411
:10FFA80020636F6D6D616E6420696E7075740041B9
:10FFB800542B46534E0041542B464143544F5259FB
:10FFC8000041542B534E0067657420746865207394
:10FFD800657269616C206E756D626572206F66204E
:10FFE8007468652064657669636520286D6178208A
:08FFF8003138206368617229B1
:020000040803EF
:100000000041542B42415400676574207468652098
:1000100062617474657279206C6576656C202876EF
:100020006F6C74290041542B4255494C4454494D3E
:10003000450067657420746865206275696C64208A
:1000400074696D65206F6620746865206669726DDD
:10005000776172650041542B5245504F494E464FCF
:10006000006765742074686520636F6D6D69742026
:100070004944206F6620746865206669726D7761F7
:1000800072650041542B56455200676574207468B0
:10009000652076657273696F6E206F66207468657F
:1000A000206669726D776172650041542B46495232
:1000B0004D57415245564552006765742074686536
:1000C00020437573746F6D697A6564207665727309
:1000D000696F6E206F6620746865206669726D773F
:1000E0006172650041542B434C4956455200676587
:1000F00074207468652076657273696F6E206F6610
:100100002074686520415420636F6D6D616E6400DA
:1001100041542B415049564552006765742074681C
:10012000652076657273696F6E206F6620746865EE
:1001300020525549204150490041542B48574D4FBA
:1001400044454C0067657420746865207374726957
:100150006E67206F662074686520686172647761DD
:100160007265206D6F64656C0041542B485749449B
:10017000006765742074686520737472696E672007
:100180006F662074686520686172647761726520AB
:1001900069640041542B414C49415300616464201F
:1001A000616E20616C696173206E616D6520746F92
:1001B00020746865206465766963650041542B533B
:1001C00059535600676574207468652053797374B9
:1001D000656D20566F6C746167650041542B5549FD
:1001E000440041542B534C45455000656E74657274
:1001F00020736C656570206D6F646520666F72207A
:100200006120706572696F64206F662074696D6526
:1002100020286D73290041542B4C504D00676574A4
:10022000206F722073657420746865206C6F77206E
:10023000706F776572206D6F6465202830203D20D7
:100240006F66662C2031203D206F6E290041542BB3
:100250004C504D4C564C00676574206F722073658E
:100260007420746865206C6F7720706F77657220DA
:100270006D6F6465206C6576656C0041542B4C4F46
:10028000434B006C6F636B20746865207365726903
:10029000616C20706F72740041542B50574F524460
:1002A00000736574207468652073657269616C20E1
:1002B000706F7274206C6F636B696E67207061730E
:1002C00073776F726420286D6178203820636861CD
:1002D00072290041542B4241554400676574206FD8
:1002E0007220736574207468652073657269616C2F
:1002F00020706F7274206261756472617465004170
:10030000542B41544D0073776974636820746F20D7
:10031000415420636F6D6D616E64206D6F64650084
:1003200041542B41505045554900676574206F7208
:100330002073657420746865206170706C696361F6
:1003400074696F6E2045554920283820627974659C
:100350007320696E20686578290041542B41505004
:100360004B455900676574206F7220736574207463
:100370006865206170706C69636174696F6E206B71
:1003800065792028313620627974657320696E2082
:10039000686578290041542B415050534B45590012
:1003A000676574206F7220736574207468652061BE
:1003B00070706C69636174696F6E207365737369C3
:1003C0006F6E206B657920283136206279746573F1
:1003D00020696E20686578290041542B44455641B8
:1003E00044445200676574206F72207365742074F2
:1003F000686520646576696365206164647265730D
:100400007320283420627974657320696E206865D2
:1004100078290041542B4445564555490067657479
:10042000206F722073657420746865206465766936
:10043000636520455549202838206279746573200A
:10044000696E20686578290041542B4E4554494413
:100450000067657420746865206E6574776F726BD1
:10046000206964656E74696669657220284E6574DA
:1004700049442920283320627974657320696E20ED
:10048000686578290041542B4E574B534B45590012
:10049000676574206F722073657420746865206EC0
:1004A0006574776F726B2073657373696F6E206B01
:1004B00065792028313620627974657320696E2051
:1004C000686578290041542B4D43524F4F544B459A
:1004D000590067657420746865204D6320526F6F02
:1004E00074206B6579202831362062797465732019
:1004F000696E20686578290041542B43464D00679A
:100500006574206F72207365742074686520636F52
:100510006E6669726D206D6F6465202830203D2005
:100520006F66662C2031203D206F6E290041542BD0
:10053000434653006765742074686520636F6E6678
:1005400069726D6174696F6E207374617475732064
:100550006F6620746865206C6173742041542B535E
:10056000454E44202830203D206661696C757265D7
:100570002C2031203D20737563636573732900411E
:10058000542B4A4F494E006A6F696E206E6574772E
:100590006F726B0041542B4E4A4D00676574206F9B
:1005A000722073657420746865206E6574776F724D
:1005B0006B206A6F696E206D6F6465202830203D66
:1005C000204142502C2031203D204F5441412900F0
:1005D00041542B4E4A530067657420746865206A45
:1005E0006F696E20737461747573202830203D200C
:1005F0006E6F74206A6F696E65642C2031203D2017
:100600006A6F696E6564290041542B524543560058
:100610007072696E7420746865206C6173742072E6
:1006200065636569766564206461746120696E2024
:1006300068657820666F726D61740041542B534574
:100640004E440073656E64206461746120616C6F58
:100650006E67207769746820746865206170706CBB
:1006600069636174696F6E20706F72740041542BFE
:100670004C5053454E440073656E64206C6F6E673A
:10068000207061636B6574206461746120286D6102
:1006900078203130303020627974657329004154FC
:1006A0002B5245545900676574206F72207365742E
:1006B00020746865206E756D626572206F662072A9
:1006C000657472616E736D697373696F6E206F66A6
:1006D00020636F6E6669726D207061636B65742054
:1006E000646174610041542B414452006765742079
:1006F0006F72207365742074686520616461707422
:100700006976652064617461207261746520736527
:100710007474696E67202830203D206F66662C2037
:1007200031203D206F6E290041542B434C415353DF
:1007300000676574206F722073657420746865208B
:1007400064657669636520636C617373202841205A
:100750003D20636C61737320412C2042203D206357
:100760006C61737320422C2043203D20636C6173C5
:10077000732043290041542B444353006765742080
:1007800074686520455453492064757479206379F1
:10079000636C652073657474696E67202830203D32
:1007A0002064697361626C65642C2031203D206592
:1007B0006E61626C6564290041542B445200676588
:1007C00074206F722073657420746865206461748E
:1007D0006120726174650041542B4A4E31444C00D3
:1007E000676574206F722073657420746865206A71
:1007F0006F696E206163636570742064656C6179F4
:10080000206265747765656E2074686520656E6426
:10081000206F6620545820616E6420746865206AD9
:100820006F696E2052582077696E646F772031208F
:10083000696E207365636F6E64730041542B4A4E7A
:1008400032444C00676574206F72207365742074A5
:100850006865206A6F696E206163636570742064E7
:10086000656C6179206265747765656E2074686572
:1008700020656E64206F6620545820616E64207479
:100880006865206A6F696E2052582077696E646FC0
:1008900077203220696E207365636F6E6473004148
:1008A000542B504E4D00676574206F722073657431
:1008B00020746865207075626C6963206E6574775A
:1008C0006F726B206D6F6465202830203D206F664D
:1008D000662C2031203D206F6E290041542B525848
:1008E00031444C00676574206F7220736574207406
:1008F00068652064656C6179206265747765656EF2
:100900002074686520656E64206F662054582061ED
:100910006E64207468652052582077696E646F7722
:10092000203120696E207365636F6E6473202831F7
:100930002D3135290041542B525832444C00676503
:1009400074206F7220736574207468652064656C10
:100950006179206265747765656E207468652065CD
:100960006E64206F6620545820616E642074686540
:100970002052582077696E646F77203220696E208C
:100980007365636F6E64732028322D313629004100
:10099000542B525832445200676574206F72207392
:1009A000657420746865205258322077696E646FD0
:1009B00077206461746120726174650041542B5228
:1009C0005832465100676574207468652052583269
:1009D0002077696E646F77206672657175656E63E6
:1009E000792028487A290041542B545850006765D3
:1009F00074206F722073657420746865207472614E
:100A00006E736D697474696E6720706F77657200BC
:100A100041542B4C494E4B434845434B006765744A
:100A2000206F722073657420746865206C696E6B2A
:100A300020636865636B2073657474696E67202832
:100A400030203D2064697361626C65642C20312024
:100A50003D206F6E63652C2032203D2065766572E7
:100A60007974696D65290041542B54494D455245AF
:100A700051007265717565737420746865206375C3
:100A80007272656E74206461746520616E64207496
:100A9000696D65202830203D2064697361626C6552
:100AA000642C2031203D20656E61626C65642900F4
:100AB00041542B4C425400676574206F722073655B
:100AC0007420746865204C6F526157414E204C422F
:100AD000542028737570706F7274204B6F7265614B
:100AE000204A6170616E290041542B4C425452538C
:100AF000534900676574206F7220736574207468B1
:100B000065204C6F526157414E204C425420727305
:100B100073692028737570706F7274204B6F7265E3
:100B200061204A6170616E290041542B4C4254533C
:100B300043414E54494D4500676574206F722073E0
:100B4000657420746865204C6F526157414E204C8B
:100B50004254207363616E74696D652028737570EB
:100B6000706F7274204B6F726561204A6170616EA4
:100B7000290041542B5047534C4F54006765742053
:100B80006F72207365742074686520756E69636187
:100B900073742070696E6720736C6F742070657257
:100BA000696F6469636974792028302D37290041A1
:100BB000542B424652455100676574207468652085
:100BC00064617461207261746520616E6420626585
:100BD00061636F6E206672657175656E637920283A
:100BE0004D487A290041542B4254494D45006765D0
:100BF000742074686520626561636F6E2074696D2E
:100C00006520287365636F6E64732073696E636516
:100C1000204750532045706F63682074696D6529C3
:100C20000041542B42475700676574207468652063
:100C3000676174657761792047505320636F6F72E5
:100C400064696E6174652C204E6574494420616E40
:100C50006420477749440041542B4C54494D45008A
:100C600067657420746865206C6F63616C207469BB
:100C70006D650041542B52535349006765742074CD
:100C800068652052535349206F6620746865206C54
:100C90006173742072656365697665642070616351
:100CA0006B65740041542B41525353490061636397
:100CB00065737320616C6C206F70656E2063686172
:100CC0006E6E656C20525353490041542B534E5263
:100CD000006765742074686520534E52206F66204B
:100CE000746865206C6173742072656365697665EC
:100CF00064207061636B65740041542B4D41534B0C
:100D000000676574206F72207365742074686520B5
:100D10006368616E6E656C206D61736B20746F200B
:100D2000636C6F7365206F72206F70656E207468DE
:100D300065206368616E6E656C20286F6E6C79202B
:100D4000666F722055533931352C20415539313574
:100D50002C20434E343730290041542B4348450062
:100D6000676574206F7220736574206569676874A5
:100D7000206368616E6E656C73206D6F64652028FA
:100D80006F6E6C7920666F72205553393135204172
:100D90005539313520434E343730290041542B43E7
:100DA000485300676574206F7220736574207369FF
:100DB0006E676C65206368616E6E656C73206D6F25
:100DC000646520286F6E6C7920666F7220555339E8
:100DD000313520415539313520434E3437302900E3
:100DE00041542B42414E4400676574206F7220735A
:100DF0006574207468652061637469766520726526
:100E000067696F6E202830203D2045553433332CE0
:100E10002031203D20434E3437302C2032203D20DD
:100E200052553836342C2033203D20494E38363543
:100E30002C2034203D2045553836382C2035203D97
:100E40002055533931352C2036203D20415539313C
:100E5000352C2037203D204B523932302C20382081
:100E60003D2041533932332D31202C2039203D2073
:100E700041533932332D32202C203130203D204156
:100E8000533932332D33202C203131203D20415332
:100E90003932332D34202C203132203D204C413941
:100EA0003135290041542B4144444D554C43006198
:100EB00064642061206E6577206D756C7469636170
:100EC00073742067726F75700041542B524D564DEC
:100ED000554C430064656C6574652061206D756CCC
:100EE0007469636173742067726F75700041542B6D
:100EF0004C53544D554C430076696577206D756CA5
:100F00007469636173742067726F757020696E66AF
:100F10006F726D6174696F6E0041542B545253535C
:100F20004900737461727420524620525353492011
:100F3000746F6E6520746573740041542B54544F64
:100F40004E4500737461727420524620746F6E6552
:100F500020746573740041542B54545800736574A5
:100F6000206E756D626572206F66207061636B65BF
:100F7000747320746F2062652073656E7420666FD1
:100F80007220504552205246205458207465737484
:100F90000041542B54525800736574206E756D6275
:100FA0006572206F66207061636B65747320746F67
:100FB00020626520726563656976656420666F727C
:100FC00020504552205246205258207465737400B8
:100FD00041542B54434F4E4600636F6E66696775EC
:100FE0007265204C6F526120524620746573740004
:100FF00041542B545448007374617274205246203B
:10100000545820686F7070696E672074657374201F
:1010100066726F6D2046737461727420746F20461F
:1010200073746F702C2077697468204664656C74E3
:10103000612073746570730041542B5452544800FE
:10104000737461727420524620545820686F707017
:10105000696E6720746573742066726F6D204673C5
:101060007461727420746F204673746F702C2077D3
:10107000697468204664656C746120696E74657279
:1010800076616C20696E2072616E646F6D2073658D
:101090007175656E63650041542B544F464600736D
:1010A000746F70206F6E676F696E67205246207490
:1010B0006573740041542B4345525449460073658F
:1010C0007420746865206D6F64756C6520696E208E
:1010D0004C6F726157414E20636572746966696333
:1010E0006174696F6E206D6F6465202830203D202B
:1010F0006E6F726D616C206D6F64652C2031203DC8
:101100002063657274696669636174696F6E206DCE
:101110006F6465290041542B4357007374617274E6
:1011200020636F6E74696E756F7573207761766575
:101130000041542B4E574D00676574206F72207329
:10114000657420746865206E6574776F726B2077A4
:101150006F726B696E67206D6F6465202830203D6B
:10116000205032505F4C4F52412C2031203D204CBA
:101170006F526157414E2C2032203D205032505F3B
:1011800046534B290041542B504652455100636F42
:101190006E666967757265205032502046726571BF
:1011A00075656E637920284E6F74653A546869736B
:1011B00020636F6D6D616E642077696C6C20626571
:1011C0002064656C6574656420696E2074686520B0
:1011D000667574757265290041542B50534600633F
:1011E0006F6E666967757265205032502053707259
:1011F000656164696E6720466163746F722028358B
:101200002D313229284E6F74653A54686973206312
:101210006F6D6D616E642077696C6C20626520640F
:10122000656C6574656420696E20746865206675F8
:1012300074757265290041542B50425700636F6EDC
:10124000666967757265205032502042616E64771E
:1012500069647468284C4F52413A2030203D203157
:1012600032352C2031203D203235302C2032203DAB
:10127000203530302C2033203D20372E382C2034A0
:10128000203D2031302E342C2035203D2031352E8C
:1012900036332C2036203D2032302E38332C203768
:1012A000203D2033312E32352C2038203D20343162
:1012B0002E36372C2039203D2036322E3520204640
:1012C000534B3A343830302D3436373030302928CB
:1012D0004E6F74653A5468697320636F6D6D616E0B
:1012E000642077696C6C2062652064656C65746548
:1012F0006420696E2074686520667574757265294E
:101300000041542B50435200636F6E6669677572DB
:10131000652050325020436F646520526174652807
:10132000303D342F352C20313D342F362C20323DAA
:10133000342F372C20333D342F3829284E6F7465D5
:101340003A5468697320636F6D6D616E64207769CC
:101350006C6C2062652064656C6574656420696EE0
:101360002074686520667574757265290041542B78
:1013700050504C00636F6E6669677572652050321D
:101380005020507265616D626C65204C656E6774AB
:10139000682028352D363535333529284E6F74654C
:1013A0003A5468697320636F6D6D616E642077696C
:1013B0006C6C2062652064656C6574656420696E80
:1013C0002074686520667574757265290041542B18
:1013D00050545000636F6E666967757265205032B5
:1013E0005020545820506F77657228352D3232299D
:1013F000284E6F74653A5468697320636F6D6D6130
:101400006E642077696C6C2062652064656C65741D
:10141000656420696E2074686520667574757265F0
:10142000290041542B5053454E440073656E64208F
:101430006461746120696E20503250206D6F646564
:101440000041542B505245435600656E746572201E
:10145000503250205258206D6F646520666F7220A4
:101460006120706572696F64206F662074696D65B4
:1014700020286D73290041542B454E435259006773
:101480006574206F72207365742074686520656EC2
:101490006372797074696F6E2073746174757320F0
:1014A0006F6620503250206D6F64650041542B43AD
:1014B000414400676574206F7220736574207468FE
:1014C00065204368616E6E656C204163746976695E
:1014D000747920446574656374696F6E20737461F8
:1014E000747573206F6620503250206D6F646500F4
:1014F00041542B454E434B455900676574206F722C
:10150000207365742074686520656E6372797074E9
:10151000696F6E206B6579206F6620503250206DA8
:101520006F64652028313620627974657320696E96
:1015300020686578290041542B4352595049560080
:10154000676574206F722073657420746865206508
:101550006E6372797074696F6E204956206F6620D1
:10156000503250206D6F64652028313620627974C6
:10157000657320696E20686578290041542B5032CC
:101580005000676574206F722073657420616C6C05
:101590002050325020706172616D65746572730005
:1015A00041542B50425200676574206F722073655E
:1015B0007420746865205032502046534B206D6F64
:1015C00064656D20626974726174652028363030FC
:1015D0002D33303030303020622F73290041542BAE
:1015E000504644455600676574206F7220736574D9
:1015F00020746865205032502046534B206D6F6434
:10160000656D206672657175656E637920646576B7
:10161000696174696F6E20283630302D3230303079
:10162000303020687A290041542B4951494E5645A3
:101630005200676574206F722073657420503250B9
:1016400020495120696E76657273696F6E2028316A
:10165000203D206F6E2C2030203D206F66662900D3
:1016600041542B53594E43574F52440067657420E1
:101670006F7220736574205032502073796E6377D7
:101680006F72642028307830303030202D20307850
:1016900066666666290041542B52464652455155AE
:1016A000454E435900676574206F7220736574203E
:1016B000503250204672657175656E6379004154F1
:1016C0002B54584F5554505554504F57455200675E
:1016D0006574206F722073657420503250205478E6
:1016E00020506F77657228352D3232290041542BF6
:1016F00042414E44574944544800676574206F7214
:1017000020736574205032502042616E64776964A2
:101710007468284C4F52413A2030203D20313235F8
:101720002C2031203D203235302C2032203D2035F8
:1017300030302C2033203D20372E382C2034203DD3
:101740002031302E342C2035203D2031352E3633BB
:101750002C2036203D2032302E38332C2037203DAF
:101760002033312E32352C2038203D2034312E3696
:10177000372C2039203D2036322E35202046534B41
:101780003A343830302D3436373030302900415437
:101790002B535052454144494E47464143544F52C2
:1017A00000676574206F722073657420503250207A
:1017B000537072656164696E6720466163746F720D
:1017C0002028352D3132290041542B434F44494EB6
:1017D000475241544500676574206F7220736574E9
:1017E0002050325020436F64652052617465283068
:1017F0003D342F352C20313D342F362C20323D34D2
:101800002F372C20333D342F38290041542B505290
:1018100045414D424C454C454E4754480067657420
:10182000206F7220736574205032502050726561B1
:101830006D626C65204C656E6774682028352D36A6
:1018400035353335290041542B53594D424F4C54B3
:10185000494D454F555400676574206F722073657C
:1018600074205032502073796D626F6C54696D65CD
:101870006F75742028302D323438290041542B469E
:1018800049584C454E4754485041594C4F414400EB
:10189000676574206F722073657420503250206623
:1018A0006978206C656E677468207061796C6F610F
:1018B00064206F6E2F6F666620282031203D206FD8
:1018C0006E2C2030203D206F6666290041545F4514
:1018D00052524F520041545F504152414D5F455268
:1018E000524F520041545F425553595F4552524F37
:1018F000520041545F544553545F504152414D5F33
:101900004F564552464C4F570041545F4E4F5F4330
:101910004C415353425F454E41424C450041545F58
:101920004E4F5F4E4554574F524B5F4A4F494E45BD
:10193000440041545F52585F4552524F5200415447
:101940005F4D4F44455F4E4F5F535550504F52547B
:101950000041545F434F4D4D414E445F4E4F545FE5
:10196000464F554E440041545F554E535550504FCD
:10197000525445445F42414E44000A0201010106AF
:1019800001010101010301010201010025733D254F
:10199000640D0A00547820746F6E650025733D2530
:1019A000643A25643A25643A25643A25643A256404
:1019B0003A25643A25643A25643A25643A25643A1E
:1019C00025640D0A0025733D25643A25643A256493
:1019D0003A25640D0A0025733D25750D0A0025730F
:1019E0003D25643A25643A25640D0A0025733D259A
:1019F000643A25642E25640D0A0025733D25643A5A
:101A000025643A25643A25643A25640D0A00257355
:101A10003D25730D0A0025733D25640025733D00A7
:101A200025630025733D25660D0A0025733D25734A
:101A30002D25730D0A0025733D2530387825303863
:101A400078253038780D0A002C0025733D25753A2D
:101A5000006200303A00423A00433A0025303858DC
:101A60003A00253039643A00253032643A00257353
:101A70003D410D0A0025733D423A53300D0A0025C1
:101A8000733D423A53310D0A0025733D423A5332B9
:101A90000D0A0025733D423A53330D0A0025733D6C
:101AA000420D0A0025733D430D0A0041005032509B
:101AB0005F52585F4F4E20616C72656164792C20D3
:101AC000706C656173652064697361626C65205038
:101AD0003250205258206265666F726520736574BB
:101AE00074696E672E0D0A005032505F52585F4F76
:101AF0004E0D0A005032505F52585F4F46460D0A55
:101B00000025733D253034780D0A0041542B4C4F8D
:101B1000434B3D756E6C6F636B65640D0A00343228
:101B200039343936373239350025733D253034584C
:101B3000002873696E676C65206368616E6E656C02
:101B4000206D6F64653A2025642900257500340DE9
:101B50000A00350D0A00360D0A00370D0A00380D4F
:101B60000A00390D0A0031300D0A0031310D0A002A
:101B700031320D0A00382D3100382D3200382D3326
:101B800000382D3400040209070508010600141569
:101B9000160A0D0A257300303030303030303000F6
:101BA00041542B4C4F434B3D3F0041542B4C4F4332
:101BB0004B3D6C6F636B65640D0A4F4B0D0A004320
:101BC0004F4D4D414E445F4C4F434B45440D0A0031
:101BD0000100000000000000010200000000000001
:101BE00001000300000000000800000400000000E5
:101BF00001000000050000000100000006000000D8
:101C000001070000000000000100000000000B00C0
:101C1000010900000000000001000000000A0000AF
:101C20000100000000000B000100000000000000A7
:101C300004020800101010041010100210101008F8
:101C4000010002000400060008000A000C00100059
:101C50002000400080000001080402040801010186
:101C60000101010307010000040506000801090243
:101C70000A030000841E0000093D0000127A0000E3
:101C800024F4000048E8010090D0030020A10700E0
:101C900000000000B128000061510000C3A2000054
:101CA00002010003A9CA010845BC01086DC1010871
:101CB000A9BE01082DCA010811CA010835C70108CB
:101CC000A9C50108F9BB010861BF010851CB010892
:101CD000D5BE01083DBC0108D5C00108ADBE010854
:101CE00071BE010867BE010801BC0108FDBB010807
:101CF00063BE01085FBE01084DC0010831C1010883
:101D000055BE010861BC010879C0010819BC010871
:101D1000EDCC010805BC01089DC30108B1C1010853
:101D2000C1D70108C7D70108C01200001F0000007A
:101D3000A816000017000000841C00000F0000001F
:101D4000E42500001E000000B42D00001600000075
:101D5000083900000E0000002C4C00001D0000009F
:101D6000685B000015000000747200000D000000A8
:101D7000589800001C00000034B700001400000058
:101D8000E8E400000C000000783101001B000000B6
:101D9000686E01001300000034CA01000B0000004F
:101DA000286202001A00000040DB0200120000005E
:101DB0003C9303000A000000C0C2040019000000A8
:101DC00060B3050011000000382007000900000082
:101DD00020A1070000000000080A0C0D0E101214CC
:101DE00015181A1B1D1E2124000101010203050202
:101DF00005010602020502020603020105040400B1
:101E000000000000000000000000000248E801009F
:101E100048E8010048E8010048E8010048E80100FE
:101E200048E8010090D0030000000000030000001B
:101E30000201000C0B0A090807073200000000002D
:101E40000001020100000000000203020100000086
:101E50000003040302010000000405040302010062
:101E60000005060504030201000607060504030237
:101E70000107070706050403020707020202020220
:101E80000202020202020202020203020202020231
:101E90000203040302020202020405040302020216
:101EA00002050605040302020206070605040302F2
:101EB000020707070605040302070733337373F2AB
:101EC000F2F2F200000B357DF2F2F20048E8010078
:101ED00048E8010048E8010048E8010048E801003E
:101EE00048E8010020A107000000000020A1070031
:101EF00020A1070020A1070020A1070020A10700C2
:101F000020A10700000000000000000008080808E9
:101F100008080908080808080A09080808080B0A38
:101F2000090808080C0B0A0908080D0C0B0A090817
:101F30000D0D0C0B0A090C0B0A09080708000C0B05
:101F40000A090807000033333373F2F2F2003581D7
:101F5000F2F2F2F200000B357DF2F2003581F2F27E
:101F6000F2F2000048E8010048E8010048E80100FA
:101F700048E8010048E8010048E8010090D003006B
:101F800000000000030000000201000C0B0A090819
:101F900007073233333373F2F2F2F20048E80100FC
:101FA00048E8010048E8010048E8010048E801006D
:101FB00048E8010090D0030000000000030000008A
:101FC0000201000C0B0A090807073200000000009C
:101FD00000010201000000000002030201000000F5
:101FE00000030403020100000004050403020100D1
:101FF00000050505040302010005070000000000BC
:10200000000000070505040302070733333373F2AA
:10201000F2F2F20048E8010048E8010048E8010057
:1020200048E8010048E8010048E80100030000001A
:102030000201000C0B0A09080733333373F2F20074
:1020400048E8010048E8010048E8010048E80100CC
:1020500048E8010048E8010020A107000000000056
:1020600020A1070020A1070020A1070020A1070050
:1020700020A1070020A107000000000000000000D0
:102080000808080808080908080808080A090808CC
:1020900008080B0A090808080C0B0A0908080D0CA7
:1020A0000B0A09080D0D0C0B0A090C0B0A0908078D
:1020B00008000C0B0A090807000033333373F2F2EF
:1020C000F2003581F2F2F2F2000000000B357DF2F1
:1020D000F200358181F2F2F2F200000048E80100DE
:1020E00048E8010048E8010048E8010048E801002C
:1020F00048E8010090D00300000000000300000049
:102100000201000C0B0A090807073233333373F25C
:10211000F2F2F20048E8010048E8010048E8010056
:1021200048E8010020A107000000000000000000B6
:102130000000000020A1070020A1070020A1070047
:1021400020A1070020A1070020A107000000000037
:10215000000000000A0908080B0A09080C0B0A090C
:102160000D0C0B0A0D0D0C0B0A09080708000000E6
:102170000C0B0A09080700000B357DF2F200000085
:102180003581F2F2F2F200002B7E151628AED2A6AF
:10219000ABF7158809CF4F3C00000301030203038E
:1021A0000300030103020303030303030303030305
:1021B00003030303030303030300030103020303F5
:1021C00003000303030102030300030103020303EB
:1021D00003000301030203030000000000000000ED
:1021E00001000100010001000000000000000000EB
:1021F00000000000000000000000000000000000DF
:1022000001000000010101000000000000000000CA
:1022100001000100010001000000000000000000BA
:1022200000000000000000000000000000000000AE
:10223000000000000000000300030003000300038F
:102240000000000303030001000100010001000180
:10225000000100010001000000000000000000007B
:102260007D9E0208959E0208C59E0208BF9E020838
:102270009B9E0208A19E0208CB9E02080402090749
:1022800005080106001415160A00000000000000F1
:102290000000000095A5020833A5020891A50208D8
:1022A00093A5020855A5020869A5020801000000CF
:1022B0000300000005000000010000000100000014
:1022C000060000000A0000002000000002000000DC
:1022D00004000000080000001000000040000000A2
:1022E000800000000001000000020000000000006B
:1022F00000000000000000000000000001000000DD
:10230000020000000300000004000000A08601009D
:10231000400D0300801A060000350C0040420F00FB
:1023200080841E0000093D0000127A000024F400A1
:1023300000366E010048E801006CDC02000000007D
:1023400000000000000000000000000000008042CB
:10235000000080430000804400008045000080466B
:1023600033335340000040409A9919406666E63F77
:082370009A99993F000000005A
:08237800CC4DFD7F01000000C7
:1023800065610008397900085D9F020885A302088D
:082390004DA4020889A6020811
:08239800416100080000000093
:1023A0000000000006000100804A4000000000001C
:1023B00000000000404A8000000000000000000013
:1023C000804A40000000000000000000404A8000F9
:1023D00000000000000000000000000000000000FD
:1023E000000000000F0000000000000F00000F00C0
:1023F00000020F00000000000001000000000000CB
:1024000000000000000000000000000000000000CC
:1024100000000000000000000000000000000000BC
:1024200000000000000000000000000000000000AC
:1024300000000000000000002222222222220000D0
:10244000002217410032360040000000000000006A
:10245000000000808000000000000000000000403C
:1024600040000000000000000000000080000000AC
:10247000000000000000000000000000000000005C
:102480000000001400000000000001000000000037
:10249000000100000000000000000000000000003B
:1024A000000000000000000000000000000000002C
:1024B000000000000000000000000000000000001C
:1024C000000000000000000000000000000000000C
:1024D0000000000000000022222222222200000030
:1024E000221741003236000056E202080B001000AD
:1024F00000004040EB01000066664640EC01000031
:10250000CDCC4C40EE01000033335340EF010000CE
:102510009A995940F001000000006040F801000065
:102520006666664004020000CDCC6C400D020000DF
:1025300033337340160200009A9979401F0200005D
:102540000000804027020000333383403002000047
:102550006666864037020000D0EE0208A2EF02084D
:102560009BEF0208ABEF0208D7EE0208B7EF0208B4
:10257000DEEE0208BFEF0208DC01002000000000D0
:10258000000000000000000000000000000000004B
:10259000000000000000000000000000000000003B
:1025A000000000000000000000000000000000002B
:1025B000000000000000000000000000000000001B
:1025C000000000000000000000000000000000000B
:1025D00000000000000000000000000043000000B8
:1025E00000000000000000000000000000000000EB
:1025F0000000000000000000000000004300000098
:1026000000000000000000000000000000000000CA
:102610000000000000000000000000004300000077
:1026200000000000000000000000000000000000AA
:102630000000000000000000000000004300000057
:10264000000000000000000000000000000000008A
:102650000000000000000000000000004300000037
:10266000000000000000000000000000000000006A
:102670000000000000000000000000004300000017
:10268000000000000000000000000000000000004A
:1026900000000000000000000000000043000000F7
:1026A000000000000000000000000000000000002A
:1026B00000000000000000000000000075AD0008F0
:1026C000B9AC0008000000002BF1020889DE020806
:1026D0002CFC02082CFC02082CFC02082CFC020832
:1026E0002CFC02082CFC02082CFC02082CFC020822
:1026F0002CFC0208FFFFFFFFFFFFFFFFFFFFFFFFB4
:10270000FFFF000001004153434949000000000061
:1027100000000000000000000000000000000000B9
:102720000000000000004153434949000000000040
:102730000000000000000000000000000000000099
:10274000000000000000000008000000010210006E
:1027500006000000003001400401000000000000FD
:102760000007000000000000000000000002000060
:102770002000000000000000000000000000000039
:102780000700000000000000000000000000000042
:102790000000000000000000000000000000000039
:1027A0000000000000000000000000000000000029
:1027B0000000000000000000C0290020000200000E
:1027C000010000000000000000000000C12B0020FC
:1027D00000020000010000000000000000000000F6
:1027E00091DB000865DB000895DB000839DB000899
:1027F00001000000000000000200000000000000D6
:10280000FFFFFFFF0000000000A1BC330E0000002E
:1028100005000000010000000000000007000000AB
:1028200001000000854501000800000400000000D0
:1028300001000000050000000E000000A86100007B
:10284000B80B000000A1BC33000000000000000035
:10285000000000000000000000A1BC332042C4338F
:10286000A0860100060000007AF80208CC180308D0
:10287000D5180308E4180308F21803080919030817
:102880001D190308321903083E19030851190308DA
:102890006619030805000308431C01080000000036
:1028A0002CFC020802000000DFFE0208311C0108B7
:1028B00000000000E7FE02080200000012FF02080C
:1028C0004D1C0108000000001DFF0208020000006E
:1028D0003FFF02080D1D01080000000043FF020831
:1028E000020000005FFF02081F1D01080000000039
:1028F00063FF0208020000007EFF0208A91C010815
:102900000000000087FF020803000000D217030840
:10291000511D01080000000095FF020802000000A0
:10292000B7FF0208711D0108000000002CFC02081E
:1029300003000000BEFF0208452E01080000000051
:102940002CFC020803000000C9FF02083D1E01081C
:1029500000000000CFFF0208020000000100030891
:102960009D1E01080000000008000308020000008E
:10297000250003081D1F01080000000032000308A5
:1029800002000000550003085D1F01080000000060
:10299000610003080200000083000308951F01087E
:1029A000000000008A00030802000000AA000308DB
:1029B000CD1F010800000000B9000308020000005C
:1029C000E40003080D20010800000000EE000308E9
:1029D00002000000100103084D2001080000000063
:1029E0001A010308020000003901030885200108CC
:1029F0000000000044010308020000006901030810
:102A0000C520010800000000710103080200000059
:102A100093010308FD200108000000009C01030849
:102A200003000000BC010308DD1E010800000000D7
:102A3000C401030802000000DB010308AD21010806
:102A4000000000002CFC020803000000E201030863
:102A5000ED4B010800000000EB010308010000003D
:102A600016020308554C0108000000001D0203086F
:102A7000030000004D020308C14C010800000000E3
:102A800057020308030000007B020308714A010893
:102A900000000000830203080200000098020308FF
:102AA000A54A010800000000A1020308030000007D
:102AB000D3020308354B010800000000DB020308C5
:102AC00003000000FF020308B14B010800000000F2
:102AD000060303080200000020030308A5280108DC
:102AE000000000002A030308030000005A03030843
:102AF00071290108000000006403030803000000BE
:102B000095030308392A010800000000A003030808
:102B100003000000D9030308012B01080000000096
:102B2000E40303080300000013040308E52B010875
:102B3000000000001D04030803000000480403080F
:102B4000B12C01080000000051040308030000003C
:102B500085040308292D01080000000090040308E3
:102B600003000000C5040308F12D01080000000067
:102B7000D204030803000000F804030855230108E9
:102B800000000000FF040308030000002D050308F7
:102B9000D1230108000000003405030802000000F2
:102BA0007F050308152401080000000087050308BD
:102BB00003000000940503082D2501080000000013
:102BC0009B05030803000000D0050308B525010894
:102BD00000000000D70503080200000008060308F3
:102BE000F92501080000000010060308020000009B
:102BF0003B0603087D260108000000004306030889
:102C0000010000006D0603087527010800000000A0
:102C100077060308010000009E060308F122010860
:102C200000000000A606030803000000E5060308F4
:102C3000F930010800000000EC0603080300000062
:102C4000280703088D310108000000003107030840
:102C5000030000007507030895320108000000001A
:102C60007C07030803000000B80703080D330108C0
:102C700000000000BE07030803000000D707030898
:102C80009533010800000000E0070308030000007E
:102C90003B08030839340108000000004408030819
:102CA000030000009F080308DD3401080000000055
:102CB000A608030803000000DB08030865350108C7
:102CC00000000000E40803080300000035090308C1
:102CD000F9350108000000003E0903080300000068
:102CE0008F0903088D3601080000000098090308C9
:102CF00003000000BC0903081537010800000000AC
:102D0000C509030803000000E70903089937010813
:102D100000000000EE09030803000000100A030889
:102D200025380108000000001D0A03080300000008
:102D3000670A03088938010800000000720A0308C6
:102D400003000000B00A0308F13801080000000089
:102D5000B70A030803000000E80A0308593901080C
:102D600000000000F30A030803000000290B030819
:102D7000B139010800000000380B0308030000000F
:102D8000720B0308351A0108000000007C0B0308D1
:102D900003000000AF0B0308AD1A0108000000009B
:102DA000B80B030802000000E50B0308211B010813
:102DB00000000000EE0B030802000000210C0308D5
:102DC000751B010800000000280C03080200000029
:102DD000570C0308DD1B010800000000600C03080D
:102DE00002000000730C0308F1210108000000003C
:102DF0007B0C030802000000A40C03083122010828
:102E000000000000AD0C030802000000CA0C03081B
:102E1000B122010800000000D10C030802000000EC
:102E2000F90C03082D4D010800000000010D0308F6
:102E300003000000590D0308DD4D010800000000EB
:102E4000600D0308030000009C0D030841510108B8
:102E500000000000A30D030803000000E00D0308BC
:102E60007D4F010800000000E80D0308030000008A
:102E7000A40E0308892E010800000000AF0E03080D
:102E800001000000C90E0308BD2F0108000000006A
:102E9000D40E030801000000ED0E0308ED2F010819
:102EA00000000000F80E030802000000190F0308DC
:102EB000FD15010800000000220F030803000000B8
:102EC0003A0F03083916010800000000430F0308F9
:102ED00003000000560F03086916010800000000F7
:102EE0005D0F030803000000910F03089D16010801
:102EF00000000000980F030803000000D00F030833
:102F0000D116010800000000D90F030803000000DB
:102F1000F00F0308ED17010800000000F70F030889
:102F200003000000381003087918010800000000B1
:102F3000401003080300000097100308051901085A
:102F4000000000009F10030803000000B4100308F5
:102F50001919010800000000BE100308030000005A
:102F60001511030879190108000000001B1103085E
:102F700003000000311103083D3A01080000000081
:102F8000381103080300000085110308C93A01083D
:102F9000000000008E11030803000000D811030890
:102FA000513B010800000000DF110308030000008E
:102FB00036120308CD3B0108000000003D12030853
:102FC0000300000001130308413C01080000000059
:102FD00008130308030000006D130308B93C01083F
:102FE000000000007413030803000000CD13030861
:102FF000393D010800000000D4130308030000005D
:1030000022140308B53D0108000000002B1403083A
:103010000100000041140308313E010800000000D7
:103020004A14030803000000761403089D3E0108BB
:10303000000000007F14030803000000AC14030824
:103040001D3F010800000000B31403080300000046
:10305000F0140308853F010800000000FA1403087B
:10306000030000003615030821400108000000009D
:1030700040150308030000007B150308BD4001084C
:10308000000000008215030803000000A0150308DB
:10309000B544010800000000A71503080300000064
:1030A000DD1503083945010800000000E615030896
:1030B0000300000027160308BD45010800000000BA
:1030C00032160308030000006016030839460108A1
:1030D000000000006C1603080300000096160308A9
:1030E000B146010800000000A51603080300000017
:1030F000BE1603082547010800000000CF1603088C
:1031000003000000ED160308A547010800000000B9
:10311000FA160308030000008E170308A9470108E8
:1031200000000000A117030803000000C8170308EF
:103130002948010800000000D6170308030000001A
:103140000B180308A5480108000000001D1803081B
:103150000300000046180308294901080000000088
:1031600057180308030000007C180308A54901084C
:1031700000000000901803080300000019AF0208C7
:103180004DAF02084FAF020853AF02080300000022
:103190000600000000000000B9C10008F9C10008E5
:1031A0002DC20008ADC20008CDC2000805C300084A
:1031B00009C300080000000010270000E1BB000860
:1031C00059BB00087DBB0008CDBB0008F9BB000857
:1031D00019BC000889BC00088DBC0008A3BD00080C
:1031E000A9BD0008F9BD00083DBE00088DB2020867
:1031F000A1B20208C1B2020835B3020879B30208CD
:10320000B1B30208B5B302080100000010000000CD
:10321000FF000000010000000000000001000000AD
:10322000008182800184858302878886038A8B8956
:103230000407058D40F7093740F709370080EE365F
:103240000042A53660F0AF3640F7093740F709373E
:103250000080EE360042A53660F0AF3600EA063751
:1032600000EA0637C072EB36C034A23620E3AC3633
:1032700000EA0637000000005000000000EA0637B0
:103280000000000050000000C072EB36000000009B
:1032900050000000C034A2360000000050000000C2
:1032A00020E3AC36000000005000000040F7093772
:1032B000000000005000000040F709370000000047
:1032C000500000000080EE360000000050000000BA
:1032D0000042A536000000005000000060F0AF364C
:1032E000000000005000000000093D000001000047
:1032F000E000000049B6020821B602082DB6020817
:1033000085B602080000000025B8020805B80208CA
:1033100031BC0208000000000000000000000000B6
:083320000000000000000000A5
:040000050800ADC181
:00000001FF
